┌ Info: Starting variation [1/9]
└   overlay = "experiments/clw sensitivity experiments/configs/v1_base.yml"
┌ Info: Making AtmosConfig with config files: 
│    /home/jeff/larcform1-experiments/ClimaAtmos.jl/src/config/../../config/default_configs/default_config.yml
│    /home/jeff/larcform1-experiments/experiments/clw sensitivity experiments/../../ClimaAtmos.jl/config/model_configs/larcform1_1M_prognostic_edmfx.yml
└    experiments/clw sensitivity experiments/configs/v1_base.yml
┌ Info: numerics 
│        `energy_q_tot_upwinding`::`Val{:vanleer_limiter}`
│              `tracer_upwinding`::`Val{:vanleer_limiter}`
│     `edmfx_mse_q_tot_upwinding`::`Val{:first_order}`
│       `edmfx_sgsflux_upwinding`::`Val{:none}`
│        `edmfx_tracer_upwinding`::`Val{:first_order}`
│       `test_dycore_consistency`::`Nothing`
│          `reproducible_restart`::`Nothing`
│                       `limiter`::`Nothing`
│                     `diff_mode`::`ClimaAtmos.Implicit`
└                     `hyperdiff`::`Nothing`
┌ Info: AtmosModel: 
│ 
│                             `water`::`ClimaAtmos.AtmosWater{ClimaAtmos.NonEquilibriumMicrophysics1M, ClimaAtmos.QuadratureCloud, ClimaAtmos.Implicit, Nothing, ClimaAtmos.SGSQuadrature{3, StaticArraysCore.SVector{3, Float32}, StaticArraysCore.SVector{3, Float32}, ClimaAtmos.GaussianSGS, Float32}, ClimaAtmos.FixedTerminalVelocity{Float32}}`
│                         `scm_setup`::`ClimaAtmos.SCMSetup{Nothing, Nothing, Nothing, Bool, @NamedTuple{prof_ug::AtmosphericProfilesLibrary.ZProfile{AtmosphericProfilesLibrary.var"#Larcform1_geostrophic_u##0#Larcform1_geostrophic_u##1"{Float32}}, prof_vg::AtmosphericProfilesLibrary.ZProfile{Returns{Float32}}, coriolis_param::Float32}}`
│                         `radiation`::`ClimaAtmos.AtmosRadiation{ClimaAtmos.RRTMGPInterface.AllSkyRadiationWithClearSkyDiagnostics{ClimaAtmos.InteractiveCloudInRadiation}, ClimaAtmos.Larcform1Insolation}`
│                          `turbconv`::`ClimaAtmos.AtmosTurbconv{ClimaAtmos.EDMFXModel{ClimaAtmos.InvZEntrainment, ClimaAtmos.BuoyancyVelocityDetrainment, Val{true}, Val{true}, Val{true}, Val{true}, Val{true}, ClimaAtmos.SmoothMinimumBlending}, ClimaAtmos.PrognosticEDMFX{1, true, Float32}, Nothing, Nothing, Nothing}`
│                   `prescribed_flow`::`Nothing`
│                      `gravity_wave`::`ClimaAtmos.AtmosGravityWave{Nothing, Nothing}`
│                `vertical_diffusion`::`Nothing`
│                            `sponge`::`ClimaAtmos.AtmosSponge{Nothing, Nothing}`
│                           `surface`::`ClimaAtmos.AtmosSurface{ClimaAtmos.SurfaceConditions.MoninObukhov{Float32, Nothing, Nothing}, ClimaAtmos.SurfaceConditions.SlabOceanTemperature{Float32}, ClimaAtmos.SurfaceConditions.SurfaceBoundaryOverrides{Float32, Float32, Nothing, Nothing, Nothing, Nothing}, ClimaAtmos.ConstantAlbedo{Float32}}`
│                          `numerics`::`ClimaAtmos.AtmosNumerics{Val{:vanleer_limiter}, Val{:vanleer_limiter}, Val{:first_order}, Val{:none}, Val{:first_order}, Nothing, Nothing, Nothing, ClimaAtmos.Implicit, Nothing}`
└                         `chemistry`::`ClimaAtmos.AtmosChem{Nothing}`
┌ Info: Microphysics settings: 
│                        `n_substeps`::`3`
│                   `n_substeps_quad`::`2`
│            `cloud_liquid_formation`::`CloudLiquidFormation`
│               `cloud_ice_formation`::`ConstantTimescale`
│                    `cloud_ice_melt`::`CloudIceMelt`
│               `rain_autoconversion`::`Kessler1M`
│               `snow_autoconversion`::`NoSupersaturation`
│     `rain_condensation_evaporation`::`RainEvaporation`
│       `snow_deposition_sublimation`::`DepositionAndSublimation`
│                         `snow_melt`::`SnowMelt`
│       `cloud_liquid_rain_accretion`::`CloudLiquidRainAccretion`
│       `cloud_liquid_snow_accretion`::`CloudLiquidSnowAccretion`
│          `cloud_ice_rain_accretion`::`CloudIceRainAccretion`
│          `cloud_ice_snow_accretion`::`CloudIceSnowAccretion`
└               `rain_snow_accretion`::`RainSnowAccretion`
[ Info: Single-process ClimaAtmos run on CPUSingleThreaded
[ Info: Using ODE config: `ClimaTimeSteppers.ARS222`
[ Info: Initialized state (18.88 μs, 6.99 KiB)
[ Info: Built cache (27.662 s, 10.96 GiB)
[ Info: Assembled callbacks (162.513 ms, 31.85 MiB)
┌ Info: Jacobian algorithm: ManualSparseJacobian(
│   approximate_solve_iters = 2,
└ )
[ Info: Jacobian derivative flags: topography_flag = IgnoreDerivative, diffusion_flag = UseDerivative
[ Info: Built tendency function (1.461 s, 77.38 MiB)
[ Info: Initialized integrator (22.382 s, 5.17 GiB)
[ Info: Added 114 user-provided YAML-style diagnostics
[ Info: Saving accumulated diagnostics to disk with frequency: 10 minutes, 1 hour
[ Info: Set up diagnostics (7.989 s, 680.0 MiB)
[ Info: Initialized 114 total diagnostics
┌ Info: Simulation info
│   job_id = "lf1e_clw1_v1_base"
└   output_dir = "experiments/clw sensitivity experiments/output/lf1e-clw-1/v1_base/output_0001"
┌ Info: Running
│   job_id = "lf1e_clw1_v1_base"
│   output_dir = "experiments/clw sensitivity experiments/output/lf1e-clw-1/v1_base/output_0001"
└   tspan = (0.0 seconds (2010-01-01T00:00:00) [counter = 0, period = 1 second, epoch = 2010-01-01T00:00:00], 172800.0 seconds (2010-01-03T00:00:00) [counter = 172800, period = 1 second, epoch = 2010-01-01T00:00:00])
┌ Info: Progress
│   simulation_time = "30 seconds"
│   n_steps_completed = 1
│   wall_time_per_step = "0 seconds"
│   wall_time_total = "0 seconds"
│   wall_time_remaining = "0 seconds"
│   wall_time_spent = "0 seconds"
│   percent_complete = "0.0%"
│   estimated_sypd = "Inf"
│   instantaneous_sypd = "0.0 (sdpd_estimate = 0.0)"
│   date_now = 2026-07-04T08:51:20.840
└   estimated_finish_date = 2026-07-04T08:51:20.840
┌ Info: Progress
│   simulation_time = "1 minute"
│   n_steps_completed = 2
│   wall_time_per_step = "0 seconds"
│   wall_time_total = "0 seconds"
│   wall_time_remaining = "0 seconds"
│   wall_time_spent = "0 seconds"
│   percent_complete = "0.0%"
│   estimated_sypd = "Inf"
│   instantaneous_sypd = "0.005 (sdpd_estimate = 1.837)"
│   date_now = 2026-07-04T08:51:37.148
└   estimated_finish_date = 2026-07-04T08:51:37.148
┌ Info: Progress
│   simulation_time = "2 minutes"
│   n_steps_completed = 4
│   wall_time_per_step = "8 milliseconds, 228 microseconds"
│   wall_time_total = "47 seconds, 393 milliseconds"
│   wall_time_remaining = "47 seconds, 360 milliseconds"
│   wall_time_spent = "32 milliseconds, 912 microseconds"
│   percent_complete = "0.1%"
│   estimated_sypd = "9.982"
│   instantaneous_sypd = "9.982"
│   date_now = 2026-07-04T08:51:37.225
└   estimated_finish_date = 2026-07-04T08:52:25.225
┌ Info: Progress
│   simulation_time = "4 minutes"
│   n_steps_completed = 8
│   wall_time_per_step = "14 milliseconds, 888 microseconds"
│   wall_time_total = "1 minute, 25 seconds"
│   wall_time_remaining = "1 minute, 25 seconds"
│   wall_time_spent = "119 milliseconds, 109 microseconds"
│   percent_complete = "0.1%"
│   estimated_sypd = "5.517"
│   instantaneous_sypd = "3.812"
│   date_now = 2026-07-04T08:51:37.251
└   estimated_finish_date = 2026-07-04T08:53:03.251
┌ Info: Progress
│   simulation_time = "8 minutes"
│   n_steps_completed = 16
│   wall_time_per_step = "10 milliseconds, 430 microseconds"
│   wall_time_total = "1 minute, 79 milliseconds"
│   wall_time_remaining = "59 seconds, 912 milliseconds"
│   wall_time_spent = "166 milliseconds, 888 microseconds"
│   percent_complete = "0.3%"
│   estimated_sypd = "7.875"
│   instantaneous_sypd = "13.753"
│   date_now = 2026-07-04T08:51:37.295
└   estimated_finish_date = 2026-07-04T08:52:37.295
┌ Info: Progress
│   simulation_time = "16 minutes"
│   n_steps_completed = 32
│   wall_time_per_step = "929 milliseconds, 423 microseconds"
│   wall_time_total = "1 hour, 29 minutes"
│   wall_time_remaining = "1 hour, 28 minutes"
│   wall_time_spent = "29 seconds, 741 milliseconds"
│   percent_complete = "0.6%"
│   estimated_sypd = "0.088"
│   instantaneous_sypd = "0.044"
│   date_now = 2026-07-04T08:52:06.876
└   estimated_finish_date = 2026-07-04T10:20:50.876
┌ Info: Progress
│   simulation_time = "32 minutes"
│   n_steps_completed = 64
│   wall_time_per_step = "471 milliseconds, 354 microseconds"
│   wall_time_total = "45 minutes, 15 seconds"
│   wall_time_remaining = "44 minutes, 44 seconds"
│   wall_time_spent = "30 seconds, 166 milliseconds"
│   percent_complete = "1.1%"
│   estimated_sypd = "0.174"
│   instantaneous_sypd = "6.182"
│   date_now = 2026-07-04T08:52:07.294
└   estimated_finish_date = 2026-07-04T09:36:52.294
┌ Info: Progress
│   simulation_time = "1 hour, 4 minutes"
│   n_steps_completed = 128
│   wall_time_per_step = "304 milliseconds, 178 microseconds"
│   wall_time_total = "29 minutes, 12 seconds"
│   wall_time_remaining = "28 minutes, 33 seconds"
│   wall_time_spent = "38 seconds, 934 milliseconds"
│   percent_complete = "2.2%"
│   estimated_sypd = "0.27"
│   instantaneous_sypd = "0.6"
│   date_now = 2026-07-04T08:52:16.063
└   estimated_finish_date = 2026-07-04T09:20:50.063
┌ Info: Progress
│   simulation_time = "2 hours, 8 minutes"
│   n_steps_completed = 256
│   wall_time_per_step = "156 milliseconds, 99 microseconds"
│   wall_time_total = "14 minutes, 59 seconds"
│   wall_time_remaining = "14 minutes, 19 seconds"
│   wall_time_spent = "39 seconds, 961 milliseconds"
│   percent_complete = "4.4%"
│   estimated_sypd = "0.526"
│   instantaneous_sypd = "10.242"
│   date_now = 2026-07-04T08:52:17.089
└   estimated_finish_date = 2026-07-04T09:06:37.089
┌ Info: Progress
│   simulation_time = "4 hours, 16 minutes"
│   n_steps_completed = 512
│   wall_time_per_step = "82 milliseconds, 834 microseconds"
│   wall_time_total = "7 minutes, 57 seconds"
│   wall_time_remaining = "7 minutes, 14 seconds"
│   wall_time_spent = "42 seconds, 411 milliseconds"
│   percent_complete = "8.9%"
│   estimated_sypd = "0.992"
│   instantaneous_sypd = "8.583"
│   date_now = 2026-07-04T08:52:19.539
└   estimated_finish_date = 2026-07-04T08:59:34.539
┌ Info: Progress
│   simulation_time = "6 hours, 40 minutes"
│   n_steps_completed = 801
│   wall_time_per_step = "55 milliseconds, 817 microseconds"
│   wall_time_total = "5 minutes, 21 seconds"
│   wall_time_remaining = "4 minutes, 36 seconds"
│   wall_time_spent = "44 seconds, 710 milliseconds"
│   percent_complete = "13.9%"
│   estimated_sypd = "1.471"
│   instantaneous_sypd = "10.325"
│   date_now = 2026-07-04T08:52:21.838
└   estimated_finish_date = 2026-07-04T08:56:58.838
┌ Info: Progress
│   simulation_time = "8 hours, 32 minutes"
│   n_steps_completed = 1024
│   wall_time_per_step = "45 milliseconds, 270 microseconds"
│   wall_time_total = "4 minutes, 20 seconds"
│   wall_time_remaining = "3 minutes, 34 seconds"
│   wall_time_spent = "46 seconds, 356 milliseconds"
│   percent_complete = "17.8%"
│   estimated_sypd = "1.814"
│   instantaneous_sypd = "11.122"
│   date_now = 2026-07-04T08:52:23.485
└   estimated_finish_date = 2026-07-04T08:55:58.484
┌ Info: Progress
│   simulation_time = "10 hours, 56 minutes"
│   n_steps_completed = 1313
│   wall_time_per_step = "36 milliseconds, 914 microseconds"
│   wall_time_total = "3 minutes, 32 seconds"
│   wall_time_remaining = "2 minutes, 44 seconds"
│   wall_time_spent = "48 seconds, 468 milliseconds"
│   percent_complete = "22.8%"
│   estimated_sypd = "2.225"
│   instantaneous_sypd = "11.242"
│   date_now = 2026-07-04T08:52:25.596
└   estimated_finish_date = 2026-07-04T08:55:10.596
┌ Info: Progress
│   simulation_time = "13 hours, 21 minutes"
│   n_steps_completed = 1602
│   wall_time_per_step = "31 milliseconds, 608 microseconds"
│   wall_time_total = "3 minutes, 2 seconds"
│   wall_time_remaining = "2 minutes, 11 seconds"
│   wall_time_spent = "50 seconds, 636 milliseconds"
│   percent_complete = "27.8%"
│   estimated_sypd = "2.599"
│   instantaneous_sypd = "10.95"
│   date_now = 2026-07-04T08:52:27.764
└   estimated_finish_date = 2026-07-04T08:54:39.764
┌ Info: Progress
│   simulation_time = "15 hours, 45 minutes"
│   n_steps_completed = 1891
│   wall_time_per_step = "27 milliseconds, 900 microseconds"
│   wall_time_total = "2 minutes, 40 seconds"
│   wall_time_remaining = "1 minute, 47 seconds"
│   wall_time_spent = "52 seconds, 760 milliseconds"
│   percent_complete = "32.8%"
│   estimated_sypd = "2.944"
│   instantaneous_sypd = "11.175"
│   date_now = 2026-07-04T08:52:29.888
└   estimated_finish_date = 2026-07-04T08:54:17.888
┌ Info: Progress
│   simulation_time = "17 hours, 4 minutes"
│   n_steps_completed = 2048
│   wall_time_per_step = "26 milliseconds, 338 microseconds"
│   wall_time_total = "2 minutes, 31 seconds"
│   wall_time_remaining = "1 minute, 37 seconds"
│   wall_time_spent = "53 seconds, 941 milliseconds"
│   percent_complete = "35.6%"
│   estimated_sypd = "3.118"
│   instantaneous_sypd = "10.912"
│   date_now = 2026-07-04T08:52:31.069
└   estimated_finish_date = 2026-07-04T08:54:09.069
┌ Info: Progress
│   simulation_time = "19 hours, 28 minutes"
│   n_steps_completed = 2337
│   wall_time_per_step = "24 milliseconds, 201 nanoseconds"
│   wall_time_total = "2 minutes, 18 seconds"
│   wall_time_remaining = "1 minute, 22 seconds"
│   wall_time_spent = "56 seconds, 88 milliseconds"
│   percent_complete = "40.6%"
│   estimated_sypd = "3.422"
│   instantaneous_sypd = "11.058"
│   date_now = 2026-07-04T08:52:33.216
└   estimated_finish_date = 2026-07-04T08:53:56.216
┌ Info: Progress
│   simulation_time = "21 hours, 53 minutes"
│   n_steps_completed = 2626
│   wall_time_per_step = "22 milliseconds, 222 microseconds"
│   wall_time_total = "2 minutes, 8 seconds"
│   wall_time_remaining = "1 minute, 9 seconds"
│   wall_time_spent = "58 seconds, 357 milliseconds"
│   percent_complete = "45.6%"
│   estimated_sypd = "3.696"
│   instantaneous_sypd = "10.463"
│   date_now = 2026-07-04T08:52:35.485
└   estimated_finish_date = 2026-07-04T08:53:45.485
┌ Info: Progress
│   simulation_time = "1 day, 17 minutes"
│   n_steps_completed = 2915
│   wall_time_per_step = "20 milliseconds, 791 microseconds"
│   wall_time_total = "1 minute, 59 seconds"
│   wall_time_remaining = "59 seconds, 153 milliseconds"
│   wall_time_spent = "1 minute, 608 milliseconds"
│   percent_complete = "50.6%"
│   estimated_sypd = "3.95"
│   instantaneous_sypd = "10.543"
│   date_now = 2026-07-04T08:52:37.755
└   estimated_finish_date = 2026-07-04T08:53:37.755
┌ Info: Progress
│   simulation_time = "1 day, 2 hours"
│   n_steps_completed = 3204
│   wall_time_per_step = "19 milliseconds, 628 microseconds"
│   wall_time_total = "1 minute, 53 seconds"
│   wall_time_remaining = "50 seconds, 170 milliseconds"
│   wall_time_spent = "1 minute, 2 seconds"
│   percent_complete = "55.6%"
│   estimated_sypd = "4.185"
│   instantaneous_sypd = "10.407"
│   date_now = 2026-07-04T08:52:40.017
└   estimated_finish_date = 2026-07-04T08:53:31.017
┌ Info: Progress
│   simulation_time = "1 day, 5 hours"
│   n_steps_completed = 3493
│   wall_time_per_step = "18 milliseconds, 635 microseconds"
│   wall_time_total = "1 minute, 47 seconds"
│   wall_time_remaining = "42 seconds, 247 milliseconds"
│   wall_time_spent = "1 minute, 5 seconds"
│   percent_complete = "60.6%"
│   estimated_sypd = "4.407"
│   instantaneous_sypd = "10.765"
│   date_now = 2026-07-04T08:52:42.222
└   estimated_finish_date = 2026-07-04T08:53:25.222
┌ Info: Progress
│   simulation_time = "1 day, 7 hours"
│   n_steps_completed = 3782
│   wall_time_per_step = "17 milliseconds, 802 microseconds"
│   wall_time_total = "1 minute, 42 seconds"
│   wall_time_remaining = "35 seconds, 212 milliseconds"
│   wall_time_spent = "1 minute, 7 seconds"
│   percent_complete = "65.7%"
│   estimated_sypd = "4.614"
│   instantaneous_sypd = "10.629"
│   date_now = 2026-07-04T08:52:44.455
└   estimated_finish_date = 2026-07-04T08:53:20.455
┌ Info: Progress
│   simulation_time = "1 day, 9 hours"
│   n_steps_completed = 4071
│   wall_time_per_step = "17 milliseconds, 66 microseconds"
│   wall_time_total = "1 minute, 38 seconds"
│   wall_time_remaining = "28 seconds, 824 milliseconds"
│   wall_time_spent = "1 minute, 9 seconds"
│   percent_complete = "70.7%"
│   estimated_sypd = "4.813"
│   instantaneous_sypd = "11.049"
│   date_now = 2026-07-04T08:52:46.604
└   estimated_finish_date = 2026-07-04T08:53:15.604
┌ Info: Progress
│   simulation_time = "1 day, 10 hours"
│   n_steps_completed = 4096
│   wall_time_per_step = "17 milliseconds, 15 microseconds"
│   wall_time_total = "1 minute, 38 seconds"
│   wall_time_remaining = "28 seconds, 313 milliseconds"
│   wall_time_spent = "1 minute, 9 seconds"
│   percent_complete = "71.1%"
│   estimated_sypd = "4.827"
│   instantaneous_sypd = "9.339"
│   date_now = 2026-07-04T08:52:46.824
└   estimated_finish_date = 2026-07-04T08:53:15.823
┌ Info: Progress
│   simulation_time = "1 day, 12 hours"
│   n_steps_completed = 4385
│   wall_time_per_step = "16 milliseconds, 405 microseconds"
│   wall_time_total = "1 minute, 34 seconds"
│   wall_time_remaining = "22 seconds, 557 milliseconds"
│   wall_time_spent = "1 minute, 11 seconds"
│   percent_complete = "76.1%"
│   estimated_sypd = "5.007"
│   instantaneous_sypd = "10.588"
│   date_now = 2026-07-04T08:52:49.066
└   estimated_finish_date = 2026-07-04T08:53:12.065
┌ Info: Progress
│   simulation_time = "1 day, 14 hours"
│   n_steps_completed = 4674
│   wall_time_per_step = "15 milliseconds, 857 microseconds"
│   wall_time_total = "1 minute, 31 seconds"
│   wall_time_remaining = "17 seconds, 220 milliseconds"
│   wall_time_spent = "1 minute, 14 seconds"
│   percent_complete = "81.1%"
│   estimated_sypd = "5.18"
│   instantaneous_sypd = "10.895"
│   date_now = 2026-07-04T08:52:51.244
└   estimated_finish_date = 2026-07-04T08:53:09.244
┌ Info: Progress
│   simulation_time = "1 day, 17 hours"
│   n_steps_completed = 4963
│   wall_time_per_step = "15 milliseconds, 391 microseconds"
│   wall_time_total = "1 minute, 28 seconds"
│   wall_time_remaining = "12 seconds, 267 milliseconds"
│   wall_time_spent = "1 minute, 16 seconds"
│   percent_complete = "86.2%"
│   estimated_sypd = "5.336"
│   instantaneous_sypd = "10.45"
│   date_now = 2026-07-04T08:52:53.516
└   estimated_finish_date = 2026-07-04T08:53:06.516
┌ Info: Progress
│   simulation_time = "1 day, 19 hours"
│   n_steps_completed = 5252
│   wall_time_per_step = "14 milliseconds, 968 microseconds"
│   wall_time_total = "1 minute, 26 seconds"
│   wall_time_remaining = "7 seconds, 604 milliseconds"
│   wall_time_spent = "1 minute, 18 seconds"
│   percent_complete = "91.2%"
│   estimated_sypd = "5.487"
│   instantaneous_sypd = "10.655"
│   date_now = 2026-07-04T08:52:55.744
└   estimated_finish_date = 2026-07-04T08:53:03.744
┌ Info: Progress
│   simulation_time = "1 day, 22 hours"
│   n_steps_completed = 5541
│   wall_time_per_step = "14 milliseconds, 595 microseconds"
│   wall_time_total = "1 minute, 24 seconds"
│   wall_time_remaining = "3 seconds, 196 milliseconds"
│   wall_time_spent = "1 minute, 20 seconds"
│   percent_complete = "96.2%"
│   estimated_sypd = "5.627"
│   instantaneous_sypd = "10.508"
│   date_now = 2026-07-04T08:52:58.003
└   estimated_finish_date = 2026-07-04T08:53:02.003
[ Info: solve! walltime = 82.542
[ Info: sypd: 5.736
[ Info: wall_time_per_timestep: 14 milliseconds, 330 microseconds
[ Info: Memory currently used (after solve!) by the process (RSS): 8.96 GiB
┌ Info: Finished variation [1/9]
│   overlay = "experiments/clw sensitivity experiments/configs/v1_base.yml"
│   job_id = "lf1e_clw1_v1_base"
│   ret_code = :success
└   walltime = "10m6s"
┌ Info: Starting variation [2/9]
└   overlay = "experiments/clw sensitivity experiments/configs/v2_0M.yml"
┌ Info: Making AtmosConfig with config files: 
│    /home/jeff/larcform1-experiments/ClimaAtmos.jl/src/config/../../config/default_configs/default_config.yml
│    /home/jeff/larcform1-experiments/experiments/clw sensitivity experiments/../../ClimaAtmos.jl/config/model_configs/larcform1_1M_prognostic_edmfx.yml
└    experiments/clw sensitivity experiments/configs/v2_0M.yml
┌ Info: numerics 
│        `energy_q_tot_upwinding`::`Val{:vanleer_limiter}`
│              `tracer_upwinding`::`Val{:vanleer_limiter}`
│     `edmfx_mse_q_tot_upwinding`::`Val{:first_order}`
│       `edmfx_sgsflux_upwinding`::`Val{:none}`
│        `edmfx_tracer_upwinding`::`Val{:first_order}`
│       `test_dycore_consistency`::`Nothing`
│          `reproducible_restart`::`Nothing`
│                       `limiter`::`Nothing`
│                     `diff_mode`::`ClimaAtmos.Implicit`
└                     `hyperdiff`::`Nothing`
┌ Info: AtmosModel: 
│ 
│                             `water`::`ClimaAtmos.AtmosWater{ClimaAtmos.EquilibriumMicrophysics0M, ClimaAtmos.QuadratureCloud, ClimaAtmos.Implicit, Nothing, ClimaAtmos.SGSQuadrature{3, StaticArraysCore.SVector{3, Float32}, StaticArraysCore.SVector{3, Float32}, ClimaAtmos.GaussianSGS, Float32}, ClimaAtmos.FixedTerminalVelocity{Float32}}`
│                         `scm_setup`::`ClimaAtmos.SCMSetup{Nothing, Nothing, Nothing, Bool, @NamedTuple{prof_ug::AtmosphericProfilesLibrary.ZProfile{AtmosphericProfilesLibrary.var"#Larcform1_geostrophic_u##0#Larcform1_geostrophic_u##1"{Float32}}, prof_vg::AtmosphericProfilesLibrary.ZProfile{Returns{Float32}}, coriolis_param::Float32}}`
│                         `radiation`::`ClimaAtmos.AtmosRadiation{ClimaAtmos.RRTMGPInterface.AllSkyRadiationWithClearSkyDiagnostics{ClimaAtmos.InteractiveCloudInRadiation}, ClimaAtmos.Larcform1Insolation}`
│                          `turbconv`::`ClimaAtmos.AtmosTurbconv{ClimaAtmos.EDMFXModel{ClimaAtmos.InvZEntrainment, ClimaAtmos.BuoyancyVelocityDetrainment, Val{true}, Val{true}, Val{true}, Val{true}, Val{true}, ClimaAtmos.SmoothMinimumBlending}, ClimaAtmos.PrognosticEDMFX{1, true, Float32}, Nothing, Nothing, Nothing}`
│                   `prescribed_flow`::`Nothing`
│                      `gravity_wave`::`ClimaAtmos.AtmosGravityWave{Nothing, Nothing}`
│                `vertical_diffusion`::`Nothing`
│                            `sponge`::`ClimaAtmos.AtmosSponge{Nothing, Nothing}`
│                           `surface`::`ClimaAtmos.AtmosSurface{ClimaAtmos.SurfaceConditions.MoninObukhov{Float32, Nothing, Nothing}, ClimaAtmos.SurfaceConditions.SlabOceanTemperature{Float32}, ClimaAtmos.SurfaceConditions.SurfaceBoundaryOverrides{Float32, Float32, Nothing, Nothing, Nothing, Nothing}, ClimaAtmos.ConstantAlbedo{Float32}}`
│                          `numerics`::`ClimaAtmos.AtmosNumerics{Val{:vanleer_limiter}, Val{:vanleer_limiter}, Val{:first_order}, Val{:none}, Val{:first_order}, Nothing, Nothing, Nothing, ClimaAtmos.Implicit, Nothing}`
└                         `chemistry`::`ClimaAtmos.AtmosChem{Nothing}`
[ Info: Single-process ClimaAtmos run on CPUSingleThreaded
[ Info: Using ODE config: `ClimaTimeSteppers.ARS222`
[ Info: Initialized state (17.32 μs, 4.18 KiB)
[ Info: Built cache (6.373 s, 2.1 GiB)
[ Info: Assembled callbacks (31.601 ms, 879.11 KiB)
┌ Info: Jacobian algorithm: ManualSparseJacobian(
│   approximate_solve_iters = 2,
└ )
[ Info: Jacobian derivative flags: topography_flag = IgnoreDerivative, diffusion_flag = UseDerivative
[ Info: Built tendency function (735.707 ms, 36.42 MiB)
[ Info: Initialized integrator (9.862 s, 1.8 GiB)
[ Info: Added 53 user-provided YAML-style diagnostics
[ Info: Saving accumulated diagnostics to disk with frequency: 10 minutes, 1 hour
[ Info: Set up diagnostics (3.173 s, 11.52 MiB)
[ Info: Initialized 53 total diagnostics
┌ Info: Simulation info
│   job_id = "lf1e_clw1_v2_0M"
└   output_dir = "experiments/clw sensitivity experiments/output/lf1e-clw-1/v2_0M/output_0002"
┌ Info: Running
│   job_id = "lf1e_clw1_v2_0M"
│   output_dir = "experiments/clw sensitivity experiments/output/lf1e-clw-1/v2_0M/output_0002"
└   tspan = (0.0 seconds (2010-01-01T00:00:00) [counter = 0, period = 1 second, epoch = 2010-01-01T00:00:00], 172800.0 seconds (2010-01-03T00:00:00) [counter = 172800, period = 1 second, epoch = 2010-01-01T00:00:00])
┌ Info: Progress
│   simulation_time = "30 seconds"
│   n_steps_completed = 1
│   wall_time_per_step = "0 seconds"
│   wall_time_total = "0 seconds"
│   wall_time_remaining = "0 seconds"
│   wall_time_spent = "0 seconds"
│   percent_complete = "0.0%"
│   estimated_sypd = "Inf"
│   instantaneous_sypd = "0.0 (sdpd_estimate = 0.0)"
│   date_now = 2026-07-04T08:54:44.416
└   estimated_finish_date = 2026-07-04T08:54:44.416
┌ Info: Progress
│   simulation_time = "1 minute"
│   n_steps_completed = 2
│   wall_time_per_step = "0 seconds"
│   wall_time_total = "0 seconds"
│   wall_time_remaining = "0 seconds"
│   wall_time_spent = "0 seconds"
│   percent_complete = "0.0%"
│   estimated_sypd = "Inf"
│   instantaneous_sypd = "0.008 (sdpd_estimate = 3.041)"
│   date_now = 2026-07-04T08:54:54.282
└   estimated_finish_date = 2026-07-04T08:54:54.281
┌ Info: Progress
│   simulation_time = "2 minutes"
│   n_steps_completed = 4
│   wall_time_per_step = "9 milliseconds, 178 microseconds"
│   wall_time_total = "52 seconds, 867 milliseconds"
│   wall_time_remaining = "52 seconds, 830 milliseconds"
│   wall_time_spent = "36 milliseconds, 713 microseconds"
│   percent_complete = "0.1%"
│   estimated_sypd = "8.949"
│   instantaneous_sypd = "8.949"
│   date_now = 2026-07-04T08:54:54.300
└   estimated_finish_date = 2026-07-04T08:55:47.300
┌ Info: Progress
│   simulation_time = "4 minutes"
│   n_steps_completed = 8
│   wall_time_per_step = "5 milliseconds, 882 microseconds"
│   wall_time_total = "33 seconds, 882 milliseconds"
│   wall_time_remaining = "33 seconds, 835 milliseconds"
│   wall_time_spent = "47 milliseconds, 58 microseconds"
│   percent_complete = "0.1%"
│   estimated_sypd = "13.963"
│   instantaneous_sypd = "31.759"
│   date_now = 2026-07-04T08:54:54.310
└   estimated_finish_date = 2026-07-04T08:55:28.310
┌ Info: Progress
│   simulation_time = "8 minutes"
│   n_steps_completed = 16
│   wall_time_per_step = "4 milliseconds, 541 microseconds"
│   wall_time_total = "26 seconds, 159 milliseconds"
│   wall_time_remaining = "26 seconds, 86 milliseconds"
│   wall_time_spent = "72 milliseconds, 665 microseconds"
│   percent_complete = "0.3%"
│   estimated_sypd = "18.085"
│   instantaneous_sypd = "25.66"
│   date_now = 2026-07-04T08:54:54.336
└   estimated_finish_date = 2026-07-04T08:55:21.336
┌ Info: Progress
│   simulation_time = "16 minutes"
│   n_steps_completed = 32
│   wall_time_per_step = "112 milliseconds, 561 microseconds"
│   wall_time_total = "10 minutes, 48 seconds"
│   wall_time_remaining = "10 minutes, 44 seconds"
│   wall_time_spent = "3 seconds, 601 milliseconds"
│   percent_complete = "0.6%"
│   estimated_sypd = "0.73"
│   instantaneous_sypd = "0.372"
│   date_now = 2026-07-04T08:54:57.865
└   estimated_finish_date = 2026-07-04T09:05:42.865
┌ Info: Progress
│   simulation_time = "32 minutes"
│   n_steps_completed = 64
│   wall_time_per_step = "58 milliseconds, 317 microseconds"
│   wall_time_total = "5 minutes, 35 seconds"
│   wall_time_remaining = "5 minutes, 32 seconds"
│   wall_time_spent = "3 seconds, 732 milliseconds"
│   percent_complete = "1.1%"
│   estimated_sypd = "1.408"
│   instantaneous_sypd = "20.165"
│   date_now = 2026-07-04T08:54:57.996
└   estimated_finish_date = 2026-07-04T09:00:30.996
┌ Info: Progress
│   simulation_time = "1 hour, 4 minutes"
│   n_steps_completed = 128
│   wall_time_per_step = "53 milliseconds, 596 microseconds"
│   wall_time_total = "5 minutes, 8 seconds"
│   wall_time_remaining = "5 minutes, 1 second"
│   wall_time_spent = "6 seconds, 860 milliseconds"
│   percent_complete = "2.2%"
│   estimated_sypd = "1.532"
│   instantaneous_sypd = "1.681"
│   date_now = 2026-07-04T08:55:01.124
└   estimated_finish_date = 2026-07-04T09:00:03.124
┌ Info: Progress
│   simulation_time = "2 hours, 8 minutes"
│   n_steps_completed = 256
│   wall_time_per_step = "28 milliseconds, 747 microseconds"
│   wall_time_total = "2 minutes, 45 seconds"
│   wall_time_remaining = "2 minutes, 38 seconds"
│   wall_time_spent = "7 seconds, 359 milliseconds"
│   percent_complete = "4.4%"
│   estimated_sypd = "2.857"
│   instantaneous_sypd = "21.07"
│   date_now = 2026-07-04T08:55:01.623
└   estimated_finish_date = 2026-07-04T08:57:40.623
┌ Info: Progress
│   simulation_time = "4 hours, 16 minutes"
│   n_steps_completed = 512
│   wall_time_per_step = "16 milliseconds, 391 microseconds"
│   wall_time_total = "1 minute, 34 seconds"
│   wall_time_remaining = "1 minute, 26 seconds"
│   wall_time_spent = "8 seconds, 392 milliseconds"
│   percent_complete = "8.9%"
│   estimated_sypd = "5.011"
│   instantaneous_sypd = "20.355"
│   date_now = 2026-07-04T08:55:02.656
└   estimated_finish_date = 2026-07-04T08:56:29.656
┌ Info: Progress
│   simulation_time = "6 hours, 40 minutes"
│   n_steps_completed = 801
│   wall_time_per_step = "11 milliseconds, 898 microseconds"
│   wall_time_total = "1 minute, 8 seconds"
│   wall_time_remaining = "59 seconds, 4 milliseconds"
│   wall_time_spent = "9 seconds, 530 milliseconds"
│   percent_complete = "13.9%"
│   estimated_sypd = "6.903"
│   instantaneous_sypd = "20.852"
│   date_now = 2026-07-04T08:55:03.794
└   estimated_finish_date = 2026-07-04T08:56:03.794
┌ Info: Progress
│   simulation_time = "8 hours, 32 minutes"
│   n_steps_completed = 1024
│   wall_time_per_step = "10 milliseconds, 160 microseconds"
│   wall_time_total = "58 seconds, 525 milliseconds"
│   wall_time_remaining = "48 seconds, 121 milliseconds"
│   wall_time_spent = "10 seconds, 404 milliseconds"
│   percent_complete = "17.8%"
│   estimated_sypd = "8.084"
│   instantaneous_sypd = "20.958"
│   date_now = 2026-07-04T08:55:04.668
└   estimated_finish_date = 2026-07-04T08:55:53.668
┌ Info: Progress
│   simulation_time = "10 hours, 56 minutes"
│   n_steps_completed = 1313
│   wall_time_per_step = "8 milliseconds, 905 microseconds"
│   wall_time_total = "51 seconds, 298 milliseconds"
│   wall_time_remaining = "39 seconds, 604 milliseconds"
│   wall_time_spent = "11 seconds, 693 milliseconds"
│   percent_complete = "22.8%"
│   estimated_sypd = "9.223"
│   instantaneous_sypd = "18.416"
│   date_now = 2026-07-04T08:55:05.957
└   estimated_finish_date = 2026-07-04T08:55:45.957
┌ Info: Progress
│   simulation_time = "13 hours, 21 minutes"
│   n_steps_completed = 1602
│   wall_time_per_step = "8 milliseconds, 20 microseconds"
│   wall_time_total = "46 seconds, 198 milliseconds"
│   wall_time_remaining = "33 seconds, 349 milliseconds"
│   wall_time_spent = "12 seconds, 848 milliseconds"
│   percent_complete = "27.8%"
│   estimated_sypd = "10.241"
│   instantaneous_sypd = "20.546"
│   date_now = 2026-07-04T08:55:07.112
└   estimated_finish_date = 2026-07-04T08:55:41.112
┌ Info: Progress
│   simulation_time = "15 hours, 45 minutes"
│   n_steps_completed = 1891
│   wall_time_per_step = "7 milliseconds, 442 microseconds"
│   wall_time_total = "42 seconds, 870 milliseconds"
│   wall_time_remaining = "28 seconds, 796 milliseconds"
│   wall_time_spent = "14 seconds, 74 milliseconds"
│   percent_complete = "32.8%"
│   estimated_sypd = "11.035"
│   instantaneous_sypd = "19.368"
│   date_now = 2026-07-04T08:55:08.338
└   estimated_finish_date = 2026-07-04T08:55:37.338
┌ Info: Progress
│   simulation_time = "17 hours, 4 minutes"
│   n_steps_completed = 2048
│   wall_time_per_step = "7 milliseconds, 182 microseconds"
│   wall_time_total = "41 seconds, 370 milliseconds"
│   wall_time_remaining = "26 seconds, 661 milliseconds"
│   wall_time_spent = "14 seconds, 709 milliseconds"
│   percent_complete = "35.6%"
│   estimated_sypd = "11.436"
│   instantaneous_sypd = "20.304"
│   date_now = 2026-07-04T08:55:08.973
└   estimated_finish_date = 2026-07-04T08:55:35.973
┌ Info: Progress
│   simulation_time = "19 hours, 28 minutes"
│   n_steps_completed = 2337
│   wall_time_per_step = "6 milliseconds, 779 microseconds"
│   wall_time_total = "39 seconds, 50 milliseconds"
│   wall_time_remaining = "23 seconds, 206 milliseconds"
│   wall_time_spent = "15 seconds, 843 milliseconds"
│   percent_complete = "40.6%"
│   estimated_sypd = "12.115"
│   instantaneous_sypd = "20.928"
│   date_now = 2026-07-04T08:55:10.107
└   estimated_finish_date = 2026-07-04T08:55:34.107
┌ Info: Progress
│   simulation_time = "21 hours, 53 minutes"
│   n_steps_completed = 2626
│   wall_time_per_step = "6 milliseconds, 491 microseconds"
│   wall_time_total = "37 seconds, 391 milliseconds"
│   wall_time_remaining = "20 seconds, 344 milliseconds"
│   wall_time_spent = "17 seconds, 46 milliseconds"
│   percent_complete = "45.6%"
│   estimated_sypd = "12.653"
│   instantaneous_sypd = "19.729"
│   date_now = 2026-07-04T08:55:11.310
└   estimated_finish_date = 2026-07-04T08:55:32.310
┌ Info: Progress
│   simulation_time = "1 day, 17 minutes"
│   n_steps_completed = 2915
│   wall_time_per_step = "6 milliseconds, 248 microseconds"
│   wall_time_total = "35 seconds, 988 milliseconds"
│   wall_time_remaining = "17 seconds, 775 milliseconds"
│   wall_time_spent = "18 seconds, 213 milliseconds"
│   percent_complete = "50.6%"
│   estimated_sypd = "13.146"
│   instantaneous_sypd = "20.356"
│   date_now = 2026-07-04T08:55:12.476
└   estimated_finish_date = 2026-07-04T08:55:30.476
┌ Info: Progress
│   simulation_time = "1 day, 2 hours"
│   n_steps_completed = 3204
│   wall_time_per_step = "6 milliseconds, 59 microseconds"
│   wall_time_total = "34 seconds, 900 milliseconds"
│   wall_time_remaining = "15 seconds, 487 milliseconds"
│   wall_time_spent = "19 seconds, 413 milliseconds"
│   percent_complete = "55.6%"
│   estimated_sypd = "13.556"
│   instantaneous_sypd = "19.775"
│   date_now = 2026-07-04T08:55:13.677
└   estimated_finish_date = 2026-07-04T08:55:29.677
┌ Info: Progress
│   simulation_time = "1 day, 5 hours"
│   n_steps_completed = 3493
│   wall_time_per_step = "5 milliseconds, 891 microseconds"
│   wall_time_total = "33 seconds, 937 milliseconds"
│   wall_time_remaining = "13 seconds, 357 milliseconds"
│   wall_time_spent = "20 seconds, 580 milliseconds"
│   percent_complete = "60.6%"
│   estimated_sypd = "13.94"
│   instantaneous_sypd = "20.336"
│   date_now = 2026-07-04T08:55:14.844
└   estimated_finish_date = 2026-07-04T08:55:28.844
┌ Info: Progress
│   simulation_time = "1 day, 7 hours"
│   n_steps_completed = 3782
│   wall_time_per_step = "5 milliseconds, 761 microseconds"
│   wall_time_total = "33 seconds, 187 milliseconds"
│   wall_time_remaining = "11 seconds, 396 milliseconds"
│   wall_time_spent = "21 seconds, 790 milliseconds"
│   percent_complete = "65.7%"
│   estimated_sypd = "14.255"
│   instantaneous_sypd = "19.617"
│   date_now = 2026-07-04T08:55:16.054
└   estimated_finish_date = 2026-07-04T08:55:28.054
┌ Info: Progress
│   simulation_time = "1 day, 9 hours"
│   n_steps_completed = 4071
│   wall_time_per_step = "5 milliseconds, 642 microseconds"
│   wall_time_total = "32 seconds, 499 milliseconds"
│   wall_time_remaining = "9 seconds, 529 milliseconds"
│   wall_time_spent = "22 seconds, 969 milliseconds"
│   percent_complete = "70.7%"
│   estimated_sypd = "14.557"
│   instantaneous_sypd = "20.134"
│   date_now = 2026-07-04T08:55:17.233
└   estimated_finish_date = 2026-07-04T08:55:27.233
┌ Info: Progress
│   simulation_time = "1 day, 10 hours"
│   n_steps_completed = 4096
│   wall_time_per_step = "5 milliseconds, 633 microseconds"
│   wall_time_total = "32 seconds, 449 milliseconds"
│   wall_time_remaining = "9 seconds, 374 milliseconds"
│   wall_time_spent = "23 seconds, 75 milliseconds"
│   percent_complete = "71.1%"
│   estimated_sypd = "14.579"
│   instantaneous_sypd = "19.401"
│   date_now = 2026-07-04T08:55:17.339
└   estimated_finish_date = 2026-07-04T08:55:27.339
┌ Info: Progress
│   simulation_time = "1 day, 12 hours"
│   n_steps_completed = 4385
│   wall_time_per_step = "5 milliseconds, 530 microseconds"
│   wall_time_total = "31 seconds, 853 milliseconds"
│   wall_time_remaining = "7 seconds, 604 milliseconds"
│   wall_time_spent = "24 seconds, 249 milliseconds"
│   percent_complete = "76.1%"
│   estimated_sypd = "14.852"
│   instantaneous_sypd = "20.212"
│   date_now = 2026-07-04T08:55:18.513
└   estimated_finish_date = 2026-07-04T08:55:26.513
┌ Info: Progress
│   simulation_time = "1 day, 14 hours"
│   n_steps_completed = 4674
│   wall_time_per_step = "5 milliseconds, 439 microseconds"
│   wall_time_total = "31 seconds, 333 milliseconds"
│   wall_time_remaining = "5 seconds, 907 milliseconds"
│   wall_time_spent = "25 seconds, 425 milliseconds"
│   percent_complete = "81.1%"
│   estimated_sypd = "15.099"
│   instantaneous_sypd = "20.193"
│   date_now = 2026-07-04T08:55:19.689
└   estimated_finish_date = 2026-07-04T08:55:25.689
┌ Info: Progress
│   simulation_time = "1 day, 17 hours"
│   n_steps_completed = 4963
│   wall_time_per_step = "5 milliseconds, 364 microseconds"
│   wall_time_total = "30 seconds, 899 milliseconds"
│   wall_time_remaining = "4 seconds, 275 milliseconds"
│   wall_time_spent = "26 seconds, 623 milliseconds"
│   percent_complete = "86.2%"
│   estimated_sypd = "15.311"
│   instantaneous_sypd = "19.805"
│   date_now = 2026-07-04T08:55:20.887
└   estimated_finish_date = 2026-07-04T08:55:25.887
┌ Info: Progress
│   simulation_time = "1 day, 19 hours"
│   n_steps_completed = 5252
│   wall_time_per_step = "5 milliseconds, 297 microseconds"
│   wall_time_total = "30 seconds, 514 milliseconds"
│   wall_time_remaining = "2 seconds, 691 milliseconds"
│   wall_time_spent = "27 seconds, 822 milliseconds"
│   percent_complete = "91.2%"
│   estimated_sypd = "15.504"
│   instantaneous_sypd = "19.8"
│   date_now = 2026-07-04T08:55:22.086
└   estimated_finish_date = 2026-07-04T08:55:25.086
┌ Info: Progress
│   simulation_time = "1 day, 22 hours"
│   n_steps_completed = 5541
│   wall_time_per_step = "5 milliseconds, 237 microseconds"
│   wall_time_total = "30 seconds, 167 milliseconds"
│   wall_time_remaining = "1 second, 146 milliseconds"
│   wall_time_spent = "29 seconds, 20 milliseconds"
│   percent_complete = "96.2%"
│   estimated_sypd = "15.683"
│   instantaneous_sypd = "19.826"
│   date_now = 2026-07-04T08:55:23.283
└   estimated_finish_date = 2026-07-04T08:55:25.283
[ Info: solve! walltime = 29.926
[ Info: sypd: 15.82
[ Info: wall_time_per_timestep: 5 milliseconds, 195 microseconds
[ Info: Memory currently used (after solve!) by the process (RSS): 8.96 GiB
┌ Info: Finished variation [2/9]
│   overlay = "experiments/clw sensitivity experiments/configs/v2_0M.yml"
│   job_id = "lf1e_clw1_v2_0M"
│   ret_code = :success
└   walltime = "2m24s"
┌ Info: Starting variation [3/9]
└   overlay = "experiments/clw sensitivity experiments/configs/v3_2M.yml"
┌ Info: Making AtmosConfig with config files: 
│    /home/jeff/larcform1-experiments/ClimaAtmos.jl/src/config/../../config/default_configs/default_config.yml
│    /home/jeff/larcform1-experiments/experiments/clw sensitivity experiments/../../ClimaAtmos.jl/config/model_configs/larcform1_1M_prognostic_edmfx.yml
└    experiments/clw sensitivity experiments/configs/v3_2M.yml
┌ Info: numerics 
│        `energy_q_tot_upwinding`::`Val{:vanleer_limiter}`
│              `tracer_upwinding`::`Val{:vanleer_limiter}`
│     `edmfx_mse_q_tot_upwinding`::`Val{:first_order}`
│       `edmfx_sgsflux_upwinding`::`Val{:none}`
│        `edmfx_tracer_upwinding`::`Val{:first_order}`
│       `test_dycore_consistency`::`Nothing`
│          `reproducible_restart`::`Nothing`
│                       `limiter`::`Nothing`
│                     `diff_mode`::`ClimaAtmos.Implicit`
└                     `hyperdiff`::`Nothing`
┌ Info: AtmosModel: 
│ 
│                             `water`::`ClimaAtmos.AtmosWater{ClimaAtmos.NonEquilibriumMicrophysics2M, ClimaAtmos.QuadratureCloud, ClimaAtmos.Implicit, Nothing, ClimaAtmos.SGSQuadrature{3, StaticArraysCore.SVector{3, Float32}, StaticArraysCore.SVector{3, Float32}, ClimaAtmos.GaussianSGS, Float32}, ClimaAtmos.FixedTerminalVelocity{Float32}}`
│                         `scm_setup`::`ClimaAtmos.SCMSetup{Nothing, Nothing, Nothing, Bool, @NamedTuple{prof_ug::AtmosphericProfilesLibrary.ZProfile{AtmosphericProfilesLibrary.var"#Larcform1_geostrophic_u##0#Larcform1_geostrophic_u##1"{Float32}}, prof_vg::AtmosphericProfilesLibrary.ZProfile{Returns{Float32}}, coriolis_param::Float32}}`
│                         `radiation`::`ClimaAtmos.AtmosRadiation{ClimaAtmos.RRTMGPInterface.AllSkyRadiationWithClearSkyDiagnostics{ClimaAtmos.InteractiveCloudInRadiation}, ClimaAtmos.Larcform1Insolation}`
│                          `turbconv`::`ClimaAtmos.AtmosTurbconv{ClimaAtmos.EDMFXModel{ClimaAtmos.InvZEntrainment, ClimaAtmos.BuoyancyVelocityDetrainment, Val{true}, Val{true}, Val{true}, Val{true}, Val{true}, ClimaAtmos.SmoothMinimumBlending}, ClimaAtmos.PrognosticEDMFX{1, true, Float32}, Nothing, Nothing, Nothing}`
│                   `prescribed_flow`::`Nothing`
│                      `gravity_wave`::`ClimaAtmos.AtmosGravityWave{Nothing, Nothing}`
│                `vertical_diffusion`::`Nothing`
│                            `sponge`::`ClimaAtmos.AtmosSponge{Nothing, Nothing}`
│                           `surface`::`ClimaAtmos.AtmosSurface{ClimaAtmos.SurfaceConditions.MoninObukhov{Float32, Nothing, Nothing}, ClimaAtmos.SurfaceConditions.SlabOceanTemperature{Float32}, ClimaAtmos.SurfaceConditions.SurfaceBoundaryOverrides{Float32, Float32, Nothing, Nothing, Nothing, Nothing}, ClimaAtmos.ConstantAlbedo{Float32}}`
│                          `numerics`::`ClimaAtmos.AtmosNumerics{Val{:vanleer_limiter}, Val{:vanleer_limiter}, Val{:first_order}, Val{:none}, Val{:first_order}, Nothing, Nothing, Nothing, ClimaAtmos.Implicit, Nothing}`
└                         `chemistry`::`ClimaAtmos.AtmosChem{Nothing}`
┌ Info: Microphysics settings: 
│            `cloud_liquid_formation`::`CloudLiquidFormation`
│               `cloud_ice_formation`::`ConstantTimescale`
│                    `cloud_ice_melt`::`CloudIceMelt`
│               `rain_autoconversion`::`Kessler1M`
│               `snow_autoconversion`::`NoSupersaturation`
│     `rain_condensation_evaporation`::`RainEvaporation`
│       `snow_deposition_sublimation`::`DepositionAndSublimation`
│                         `snow_melt`::`SnowMelt`
│       `cloud_liquid_rain_accretion`::`CloudLiquidRainAccretion`
│       `cloud_liquid_snow_accretion`::`CloudLiquidSnowAccretion`
│          `cloud_ice_rain_accretion`::`CloudIceRainAccretion`
│          `cloud_ice_snow_accretion`::`CloudIceSnowAccretion`
└               `rain_snow_accretion`::`RainSnowAccretion`
[ Info: Single-process ClimaAtmos run on CPUSingleThreaded
[ Info: Using ODE config: `ClimaTimeSteppers.ARS222`
[ Info: Initialized state (17.02 μs, 8.43 KiB)
┌ Error: Variation failed before/during setup
│   overlay = "experiments/clw sensitivity experiments/configs/v3_2M.yml"
│   exception =
│    Not implemented yet
│    Stacktrace:
│      [1] error(s::String)
│        @ Base ./error.jl:44
│      [2] microphysics_tendencies_quadrature_2m
│        @ ~/larcform1-experiments/ClimaAtmos.jl/src/parameterized_tendencies/microphysics/microphysics_wrappers.jl:609 [inlined]
│      [3] _broadcast_getindex_evalf
│        @ ./broadcast.jl:699 [inlined]
│      [4] _broadcast_getindex
│        @ ./broadcast.jl:672 [inlined]
│      [5] _getindex
│        @ ./broadcast.jl:620 [inlined]
│      [6] getindex
│        @ ./broadcast.jl:616 [inlined]
│      [7] copyto!(dest::ClimaCore.DataLayouts.VF{@NamedTuple{dq_lcl_dt::Float32, dn_lcl_dt::Float32, dq_rai_dt::Float32, dn_rai_dt::Float32, dq_ice_dt::Float32, dq_rim_dt::Float32, db_rim_dt::Float32}, 90, Matrix{Float32}}, bc::Base.Broadcast.Broadcasted{ClimaCore.DataLayouts.VFStyle{90, Array{Float32}}, NTuple{5, Base.OneTo{Int64}}, typeof(ClimaAtmos.microphysics_tendencies_quadrature_2m), Tuple{Tuple{ClimaAtmos.SGSQuadrature{3, StaticArraysCore.SVector{3, Float32}, StaticArraysCore.SVector{3, Float32}, ClimaAtmos.GaussianSGS, Float32}}, Tuple{CloudMicrophysics.Parameters.Microphysics2MParams{CloudMicrophysics.Parameters.WarmRainParams2M{CloudMicrophysics.Parameters.SB2006{CloudMicrophysics.Parameters.CloudParticlePDF_SB2006{Float32}, CloudMicrophysics.Parameters.RainParticlePDF_SB2006_limited{Float32}, CloudMicrophysics.Parameters.AcnvSB2006{Float32}, CloudMicrophysics.Parameters.AccrSB2006{Float32}, CloudMicrophysics.Parameters.SelfColSB2006{Float32}, CloudMicrophysics.Parameters.BreakupSB2006{Float32}, CloudMicrophysics.Parameters.EvaporationSB2006{Float32}, CloudMicrophysics.Parameters.NumberAdjustmentHorn2012{Float32}}, CloudMicrophysics.Parameters.AirProperties{Float32}, CloudMicrophysics.Parameters.CondEvap2M{Float32}}, Nothing}}, Tuple{Thermodynamics.Parameters.ThermodynamicsParameters{Float32}}, Base.Broadcast.Broadcasted{ClimaCore.DataLayouts.VFStyle{90, Array{Float32}}, Nothing, typeof(Thermodynamics.air_density), Tuple{Tuple{Thermodynamics.Parameters.ThermodynamicsParameters{Float32}}, Vararg{ClimaCore.DataLayouts.VF{Float32, 90, Matrix{Float32}}, 5}}}, ClimaCore.DataLayouts.VF{Float32, 90, Matrix{Float32}}, ClimaCore.DataLayouts.VF{Float32, 90, Matrix{Float32}}, Base.Broadcast.Broadcasted{ClimaCore.DataLayouts.VFStyle{90, Array{Float32}}, Nothing, typeof(ClimaAtmos.specific), Tuple{Base.Broadcast.Broadcasted{ClimaCore.DataLayouts.VFStyle{90, Array{Float32}}, Nothing, typeof(-), Tuple{ClimaCore.DataLayouts.VF{Float32, 90, SubArray{Float32, 2, Matrix{Float32}, Tuple{Base.OneTo{Int64}, UnitRange{Int64}}, false}}, Base.Broadcast.Broadcasted{ClimaCore.DataLayouts.VFStyle{90, Array{Float32}}, Nothing, typeof(ClimaAtmos.draft_sum), Tuple{Base.RefValue{ClimaAtmos.var"#ᶜspecific_env_value##0#ᶜspecific_env_value##1"{ClimaCore.MatrixFields.FieldName{(:q_lcl,)}}}, ClimaCore.DataLayouts.VF{ClimaCore.Utilities.AutoBroadcaster{Tuple{ClimaCore.Utilities.AutoBroadcaster{@NamedTuple{ρa::Float32, mse::Float32, q_tot::Float32, q_lcl::Float32, q_icl::Float32, q_rai::Float32, q_sno::Float32, n_lcl::Float32, n_rai::Float32}}}}, 90, SubArray{Float32, 2, Matrix{Float32}, Tuple{Base.OneTo{Int64}, UnitRange{Int64}}, false}}}}}}, Base.Broadcast.Broadcasted{ClimaCore.DataLayouts.VFStyle{90, Array{Float32}}, Nothing, typeof(ClimaAtmos.ρa⁰), Tuple{ClimaCore.DataLayouts.VF{Float32, 90, SubArray{Float32, 2, Matrix{Float32}, Tuple{Base.OneTo{Int64}, UnitRange{Int64}}, false}}, ClimaCore.DataLayouts.VF{ClimaCore.Utilities.AutoBroadcaster{Tuple{ClimaCore.Utilities.AutoBroadcaster{@NamedTuple{ρa::Float32, mse::Float32, q_tot::Float32, q_lcl::Float32, q_icl::Float32, q_rai::Float32, q_sno::Float32, n_lcl::Float32, n_rai::Float32}}}}, 90, SubArray{Float32, 2, Matrix{Float32}, Tuple{Base.OneTo{Int64}, UnitRange{Int64}}, false}}, Tuple{ClimaAtmos.PrognosticEDMFX{1, true, Float32}}}}, ClimaCore.DataLayouts.VF{Float32, 90, SubArray{Float32, 2, Matrix{Float32}, Tuple{Base.OneTo{Int64}, UnitRange{Int64}}, false}}, ClimaCore.DataLayouts.VF{Float32, 90, SubArray{Float32, 2, Matrix{Float32}, Tuple{Base.OneTo{Int64}, UnitRange{Int64}}, false}}, Tuple{ClimaAtmos.PrognosticEDMFX{1, true, Float32}}}}, Base.Broadcast.Broadcasted{ClimaCore.DataLayouts.VFStyle{90, Array{Float32}}, Nothing, typeof(ClimaAtmos.specific), Tuple{Base.Broadcast.Broadcasted{ClimaCore.DataLayouts.VFStyle{90, Array{Float32}}, Nothing, typeof(-), Tuple{ClimaCore.DataLayouts.VF{Float32, 90, SubArray{Float32, 2, Matrix{Float32}, Tuple{Base.OneTo{Int64}, UnitRange{Int64}}, false}}, Base.Broadcast.Broadcasted{ClimaCore.DataLayouts.VFStyle{90, Array{Float32}}, Nothing, typeof(ClimaAtmos.draft_sum), Tuple{Base.RefValue{ClimaAtmos.var"#ᶜspecific_env_value##0#ᶜspecific_env_value##1"{ClimaCore.MatrixFields.FieldName{(:n_lcl,)}}}, ClimaCore.DataLayouts.VF{ClimaCore.Utilities.AutoBroadcaster{Tuple{ClimaCore.Utilities.AutoBroadcaster{@NamedTuple{ρa::Float32, mse::Float32, q_tot::Float32, q_lcl::Float32, q_icl::Float32, q_rai::Float32, q_sno::Float32, n_lcl::Float32, n_rai::Float32}}}}, 90, SubArray{Float32, 2, Matrix{Float32}, Tuple{Base.OneTo{Int64}, UnitRange{Int64}}, false}}}}}}, Base.Broadcast.Broadcasted{ClimaCore.DataLayouts.VFStyle{90, Array{Float32}}, Nothing, typeof(ClimaAtmos.ρa⁰), Tuple{ClimaCore.DataLayouts.VF{Float32, 90, SubArray{Float32, 2, Matrix{Float32}, Tuple{Base.OneTo{Int64}, UnitRange{Int64}}, false}}, ClimaCore.DataLayouts.VF{ClimaCore.Utilities.AutoBroadcaster{Tuple{ClimaCore.Utilities.AutoBroadcaster{@NamedTuple{ρa::Float32, mse::Float32, q_tot::Float32, q_lcl::Float32, q_icl::Float32, q_rai::Float32, q_sno::Float32, n_lcl::Float32, n_rai::Float32}}}}, 90, SubArray{Float32, 2, Matrix{Float32}, Tuple{Base.OneTo{Int64}, UnitRange{Int64}}, false}}, Tuple{ClimaAtmos.PrognosticEDMFX{1, true, Float32}}}}, ClimaCore.DataLayouts.VF{Float32, 90, SubArray{Float32, 2, Matrix{Float32}, Tuple{Base.OneTo{Int64}, UnitRange{Int64}}, false}}, ClimaCore.DataLayouts.VF{Float32, 90, SubArray{Float32, 2, Matrix{Float32}, Tuple{Base.OneTo{Int64}, UnitRange{Int64}}, false}}, Tuple{ClimaAtmos.PrognosticEDMFX{1, true, Float32}}}}, Base.Broadcast.Broadcasted{ClimaCore.DataLayouts.VFStyle{90, Array{Float32}}, Nothing, typeof(ClimaAtmos.specific), Tuple{Base.Broadcast.Broadcasted{ClimaCore.DataLayouts.VFStyle{90, Array{Float32}}, Nothing, typeof(-), Tuple{ClimaCore.DataLayouts.VF{Float32, 90, SubArray{Float32, 2, Matrix{Float32}, Tuple{Base.OneTo{Int64}, UnitRange{Int64}}, false}}, Base.Broadcast.Broadcasted{ClimaCore.DataLayouts.VFStyle{90, Array{Float32}}, Nothing, typeof(ClimaAtmos.draft_sum), Tuple{Base.RefValue{ClimaAtmos.var"#ᶜspecific_env_value##0#ᶜspecific_env_value##1"{ClimaCore.MatrixFields.FieldName{(:q_rai,)}}}, ClimaCore.DataLayouts.VF{ClimaCore.Utilities.AutoBroadcaster{Tuple{ClimaCore.Utilities.AutoBroadcaster{@NamedTuple{ρa::Float32, mse::Float32, q_tot::Float32, q_lcl::Float32, q_icl::Float32, q_rai::Float32, q_sno::Float32, n_lcl::Float32, n_rai::Float32}}}}, 90, SubArray{Float32, 2, Matrix{Float32}, Tuple{Base.OneTo{Int64}, UnitRange{Int64}}, false}}}}}}, Base.Broadcast.Broadcasted{ClimaCore.DataLayouts.VFStyle{90, Array{Float32}}, Nothing, typeof(ClimaAtmos.ρa⁰), Tuple{ClimaCore.DataLayouts.VF{Float32, 90, SubArray{Float32, 2, Matrix{Float32}, Tuple{Base.OneTo{Int64}, UnitRange{Int64}}, false}}, ClimaCore.DataLayouts.VF{ClimaCore.Utilities.AutoBroadcaster{Tuple{ClimaCore.Utilities.AutoBroadcaster{@NamedTuple{ρa::Float32, mse::Float32, q_tot::Float32, q_lcl::Float32, q_icl::Float32, q_rai::Float32, q_sno::Float32, n_lcl::Float32, n_rai::Float32}}}}, 90, SubArray{Float32, 2, Matrix{Float32}, Tuple{Base.OneTo{Int64}, UnitRange{Int64}}, false}}, Tuple{ClimaAtmos.PrognosticEDMFX{1, true, Float32}}}}, ClimaCore.DataLayouts.VF{Float32, 90, SubArray{Float32, 2, Matrix{Float32}, Tuple{Base.OneTo{Int64}, UnitRange{Int64}}, false}}, ClimaCore.DataLayouts.VF{Float32, 90, SubArray{Float32, 2, Matrix{Float32}, Tuple{Base.OneTo{Int64}, UnitRange{Int64}}, false}}, Tuple{ClimaAtmos.PrognosticEDMFX{1, true, Float32}}}}, Base.Broadcast.Broadcasted{ClimaCore.DataLayouts.VFStyle{90, Array{Float32}}, Nothing, typeof(ClimaAtmos.specific), Tuple{Base.Broadcast.Broadcasted{ClimaCore.DataLayouts.VFStyle{90, Array{Float32}}, Nothing, typeof(-), Tuple{ClimaCore.DataLayouts.VF{Float32, 90, SubArray{Float32, 2, Matrix{Float32}, Tuple{Base.OneTo{Int64}, UnitRange{Int64}}, false}}, Base.Broadcast.Broadcasted{ClimaCore.DataLayouts.VFStyle{90, Array{Float32}}, Nothing, typeof(ClimaAtmos.draft_sum), Tuple{Base.RefValue{ClimaAtmos.var"#ᶜspecific_env_value##0#ᶜspecific_env_value##1"{ClimaCore.MatrixFields.FieldName{(:n_rai,)}}}, ClimaCore.DataLayouts.VF{ClimaCore.Utilities.AutoBroadcaster{Tuple{ClimaCore.Utilities.AutoBroadcaster{@NamedTuple{ρa::Float32, mse::Float32, q_tot::Float32, q_lcl::Float32, q_icl::Float32, q_rai::Float32, q_sno::Float32, n_lcl::Float32, n_rai::Float32}}}}, 90, SubArray{Float32, 2, Matrix{Float32}, Tuple{Base.OneTo{Int64}, UnitRange{Int64}}, false}}}}}}, Base.Broadcast.Broadcasted{ClimaCore.DataLayouts.VFStyle{90, Array{Float32}}, Nothing, typeof(ClimaAtmos.ρa⁰), Tuple{ClimaCore.DataLayouts.VF{Float32, 90, SubArray{Float32, 2, Matrix{Float32}, Tuple{Base.OneTo{Int64}, UnitRange{Int64}}, false}}, ClimaCore.DataLayouts.VF{ClimaCore.Utilities.AutoBroadcaster{Tuple{ClimaCore.Utilities.AutoBroadcaster{@NamedTuple{ρa::Float32, mse::Float32, q_tot::Float32, q_lcl::Float32, q_icl::Float32, q_rai::Float32, q_sno::Float32, n_lcl::Float32, n_rai::Float32}}}}, 90, SubArray{Float32, 2, Matrix{Float32}, Tuple{Base.OneTo{Int64}, UnitRange{Int64}}, false}}, Tuple{ClimaAtmos.PrognosticEDMFX{1, true, Float32}}}}, ClimaCore.DataLayouts.VF{Float32, 90, SubArray{Float32, 2, Matrix{Float32}, Tuple{Base.OneTo{Int64}, UnitRange{Int64}}, false}}, ClimaCore.DataLayouts.VF{Float32, 90, SubArray{Float32, 2, Matrix{Float32}, Tuple{Base.OneTo{Int64}, UnitRange{Int64}}, false}}, Tuple{ClimaAtmos.PrognosticEDMFX{1, true, Float32}}}}}}, ::ClimaCore.DataLayouts.ToCPU, mask::ClimaCore.DataLayouts.NoMask)
│        @ ClimaCore.DataLayouts ~/.julia/packages/ClimaCore/HjsYb/src/DataLayouts/copyto.jl:176
│      [8] copyto!(dest::ClimaCore.DataLayouts.VF{@NamedTuple{dq_lcl_dt::Float32, dn_lcl_dt::Float32, dq_rai_dt::Float32, dn_rai_dt::Float32, dq_ice_dt::Float32, dq_rim_dt::Float32, db_rim_dt::Float32}, 90, Matrix{Float32}}, bc::Base.Broadcast.Broadcasted{ClimaCore.DataLayouts.VFStyle{90, Array{Float32}}, NTuple{5, Base.OneTo{Int64}}, typeof(ClimaAtmos.microphysics_tendencies_quadrature_2m), Tuple{Tuple{ClimaAtmos.SGSQuadrature{3, StaticArraysCore.SVector{3, Float32}, StaticArraysCore.SVector{3, Float32}, ClimaAtmos.GaussianSGS, Float32}}, Tuple{CloudMicrophysics.Parameters.Microphysics2MParams{CloudMicrophysics.Parameters.WarmRainParams2M{CloudMicrophysics.Parameters.SB2006{CloudMicrophysics.Parameters.CloudParticlePDF_SB2006{Float32}, CloudMicrophysics.Parameters.RainParticlePDF_SB2006_limited{Float32}, CloudMicrophysics.Parameters.AcnvSB2006{Float32}, CloudMicrophysics.Parameters.AccrSB2006{Float32}, CloudMicrophysics.Parameters.SelfColSB2006{Float32}, CloudMicrophysics.Parameters.BreakupSB2006{Float32}, CloudMicrophysics.Parameters.EvaporationSB2006{Float32}, CloudMicrophysics.Parameters.NumberAdjustmentHorn2012{Float32}}, CloudMicrophysics.Parameters.AirProperties{Float32}, CloudMicrophysics.Parameters.CondEvap2M{Float32}}, Nothing}}, Tuple{Thermodynamics.Parameters.ThermodynamicsParameters{Float32}}, Base.Broadcast.Broadcasted{ClimaCore.DataLayouts.VFStyle{90, Array{Float32}}, Nothing, typeof(Thermodynamics.air_density), Tuple{Tuple{Thermodynamics.Parameters.ThermodynamicsParameters{Float32}}, Vararg{ClimaCore.DataLayouts.VF{Float32, 90, Matrix{Float32}}, 5}}}, ClimaCore.DataLayouts.VF{Float32, 90, Matrix{Float32}}, ClimaCore.DataLayouts.VF{Float32, 90, Matrix{Float32}}, Base.Broadcast.Broadcasted{ClimaCore.DataLayouts.VFStyle{90, Array{Float32}}, Nothing, typeof(ClimaAtmos.specific), Tuple{Base.Broadcast.Broadcasted{ClimaCore.DataLayouts.VFStyle{90, Array{Float32}}, Nothing, typeof(-), Tuple{ClimaCore.DataLayouts.VF{Float32, 90, SubArray{Float32, 2, Matrix{Float32}, Tuple{Base.OneTo{Int64}, UnitRange{Int64}}, false}}, Base.Broadcast.Broadcasted{ClimaCore.DataLayouts.VFStyle{90, Array{Float32}}, Nothing, typeof(ClimaAtmos.draft_sum), Tuple{Base.RefValue{ClimaAtmos.var"#ᶜspecific_env_value##0#ᶜspecific_env_value##1"{ClimaCore.MatrixFields.FieldName{(:q_lcl,)}}}, ClimaCore.DataLayouts.VF{ClimaCore.Utilities.AutoBroadcaster{Tuple{ClimaCore.Utilities.AutoBroadcaster{@NamedTuple{ρa::Float32, mse::Float32, q_tot::Float32, q_lcl::Float32, q_icl::Float32, q_rai::Float32, q_sno::Float32, n_lcl::Float32, n_rai::Float32}}}}, 90, SubArray{Float32, 2, Matrix{Float32}, Tuple{Base.OneTo{Int64}, UnitRange{Int64}}, false}}}}}}, Base.Broadcast.Broadcasted{ClimaCore.DataLayouts.VFStyle{90, Array{Float32}}, Nothing, typeof(ClimaAtmos.ρa⁰), Tuple{ClimaCore.DataLayouts.VF{Float32, 90, SubArray{Float32, 2, Matrix{Float32}, Tuple{Base.OneTo{Int64}, UnitRange{Int64}}, false}}, ClimaCore.DataLayouts.VF{ClimaCore.Utilities.AutoBroadcaster{Tuple{ClimaCore.Utilities.AutoBroadcaster{@NamedTuple{ρa::Float32, mse::Float32, q_tot::Float32, q_lcl::Float32, q_icl::Float32, q_rai::Float32, q_sno::Float32, n_lcl::Float32, n_rai::Float32}}}}, 90, SubArray{Float32, 2, Matrix{Float32}, Tuple{Base.OneTo{Int64}, UnitRange{Int64}}, false}}, Tuple{ClimaAtmos.PrognosticEDMFX{1, true, Float32}}}}, ClimaCore.DataLayouts.VF{Float32, 90, SubArray{Float32, 2, Matrix{Float32}, Tuple{Base.OneTo{Int64}, UnitRange{Int64}}, false}}, ClimaCore.DataLayouts.VF{Float32, 90, SubArray{Float32, 2, Matrix{Float32}, Tuple{Base.OneTo{Int64}, UnitRange{Int64}}, false}}, Tuple{ClimaAtmos.PrognosticEDMFX{1, true, Float32}}}}, Base.Broadcast.Broadcasted{ClimaCore.DataLayouts.VFStyle{90, Array{Float32}}, Nothing, typeof(ClimaAtmos.specific), Tuple{Base.Broadcast.Broadcasted{ClimaCore.DataLayouts.VFStyle{90, Array{Float32}}, Nothing, typeof(-), Tuple{ClimaCore.DataLayouts.VF{Float32, 90, SubArray{Float32, 2, Matrix{Float32}, Tuple{Base.OneTo{Int64}, UnitRange{Int64}}, false}}, Base.Broadcast.Broadcasted{ClimaCore.DataLayouts.VFStyle{90, Array{Float32}}, Nothing, typeof(ClimaAtmos.draft_sum), Tuple{Base.RefValue{ClimaAtmos.var"#ᶜspecific_env_value##0#ᶜspecific_env_value##1"{ClimaCore.MatrixFields.FieldName{(:n_lcl,)}}}, ClimaCore.DataLayouts.VF{ClimaCore.Utilities.AutoBroadcaster{Tuple{ClimaCore.Utilities.AutoBroadcaster{@NamedTuple{ρa::Float32, mse::Float32, q_tot::Float32, q_lcl::Float32, q_icl::Float32, q_rai::Float32, q_sno::Float32, n_lcl::Float32, n_rai::Float32}}}}, 90, SubArray{Float32, 2, Matrix{Float32}, Tuple{Base.OneTo{Int64}, UnitRange{Int64}}, false}}}}}}, Base.Broadcast.Broadcasted{ClimaCore.DataLayouts.VFStyle{90, Array{Float32}}, Nothing, typeof(ClimaAtmos.ρa⁰), Tuple{ClimaCore.DataLayouts.VF{Float32, 90, SubArray{Float32, 2, Matrix{Float32}, Tuple{Base.OneTo{Int64}, UnitRange{Int64}}, false}}, ClimaCore.DataLayouts.VF{ClimaCore.Utilities.AutoBroadcaster{Tuple{ClimaCore.Utilities.AutoBroadcaster{@NamedTuple{ρa::Float32, mse::Float32, q_tot::Float32, q_lcl::Float32, q_icl::Float32, q_rai::Float32, q_sno::Float32, n_lcl::Float32, n_rai::Float32}}}}, 90, SubArray{Float32, 2, Matrix{Float32}, Tuple{Base.OneTo{Int64}, UnitRange{Int64}}, false}}, Tuple{ClimaAtmos.PrognosticEDMFX{1, true, Float32}}}}, ClimaCore.DataLayouts.VF{Float32, 90, SubArray{Float32, 2, Matrix{Float32}, Tuple{Base.OneTo{Int64}, UnitRange{Int64}}, false}}, ClimaCore.DataLayouts.VF{Float32, 90, SubArray{Float32, 2, Matrix{Float32}, Tuple{Base.OneTo{Int64}, UnitRange{Int64}}, false}}, Tuple{ClimaAtmos.PrognosticEDMFX{1, true, Float32}}}}, Base.Broadcast.Broadcasted{ClimaCore.DataLayouts.VFStyle{90, Array{Float32}}, Nothing, typeof(ClimaAtmos.specific), Tuple{Base.Broadcast.Broadcasted{ClimaCore.DataLayouts.VFStyle{90, Array{Float32}}, Nothing, typeof(-), Tuple{ClimaCore.DataLayouts.VF{Float32, 90, SubArray{Float32, 2, Matrix{Float32}, Tuple{Base.OneTo{Int64}, UnitRange{Int64}}, false}}, Base.Broadcast.Broadcasted{ClimaCore.DataLayouts.VFStyle{90, Array{Float32}}, Nothing, typeof(ClimaAtmos.draft_sum), Tuple{Base.RefValue{ClimaAtmos.var"#ᶜspecific_env_value##0#ᶜspecific_env_value##1"{ClimaCore.MatrixFields.FieldName{(:q_rai,)}}}, ClimaCore.DataLayouts.VF{ClimaCore.Utilities.AutoBroadcaster{Tuple{ClimaCore.Utilities.AutoBroadcaster{@NamedTuple{ρa::Float32, mse::Float32, q_tot::Float32, q_lcl::Float32, q_icl::Float32, q_rai::Float32, q_sno::Float32, n_lcl::Float32, n_rai::Float32}}}}, 90, SubArray{Float32, 2, Matrix{Float32}, Tuple{Base.OneTo{Int64}, UnitRange{Int64}}, false}}}}}}, Base.Broadcast.Broadcasted{ClimaCore.DataLayouts.VFStyle{90, Array{Float32}}, Nothing, typeof(ClimaAtmos.ρa⁰), Tuple{ClimaCore.DataLayouts.VF{Float32, 90, SubArray{Float32, 2, Matrix{Float32}, Tuple{Base.OneTo{Int64}, UnitRange{Int64}}, false}}, ClimaCore.DataLayouts.VF{ClimaCore.Utilities.AutoBroadcaster{Tuple{ClimaCore.Utilities.AutoBroadcaster{@NamedTuple{ρa::Float32, mse::Float32, q_tot::Float32, q_lcl::Float32, q_icl::Float32, q_rai::Float32, q_sno::Float32, n_lcl::Float32, n_rai::Float32}}}}, 90, SubArray{Float32, 2, Matrix{Float32}, Tuple{Base.OneTo{Int64}, UnitRange{Int64}}, false}}, Tuple{ClimaAtmos.PrognosticEDMFX{1, true, Float32}}}}, ClimaCore.DataLayouts.VF{Float32, 90, SubArray{Float32, 2, Matrix{Float32}, Tuple{Base.OneTo{Int64}, UnitRange{Int64}}, false}}, ClimaCore.DataLayouts.VF{Float32, 90, SubArray{Float32, 2, Matrix{Float32}, Tuple{Base.OneTo{Int64}, UnitRange{Int64}}, false}}, Tuple{ClimaAtmos.PrognosticEDMFX{1, true, Float32}}}}, Base.Broadcast.Broadcasted{ClimaCore.DataLayouts.VFStyle{90, Array{Float32}}, Nothing, typeof(ClimaAtmos.specific), Tuple{Base.Broadcast.Broadcasted{ClimaCore.DataLayouts.VFStyle{90, Array{Float32}}, Nothing, typeof(-), Tuple{ClimaCore.DataLayouts.VF{Float32, 90, SubArray{Float32, 2, Matrix{Float32}, Tuple{Base.OneTo{Int64}, UnitRange{Int64}}, false}}, Base.Broadcast.Broadcasted{ClimaCore.DataLayouts.VFStyle{90, Array{Float32}}, Nothing, typeof(ClimaAtmos.draft_sum), Tuple{Base.RefValue{ClimaAtmos.var"#ᶜspecific_env_value##0#ᶜspecific_env_value##1"{ClimaCore.MatrixFields.FieldName{(:n_rai,)}}}, ClimaCore.DataLayouts.VF{ClimaCore.Utilities.AutoBroadcaster{Tuple{ClimaCore.Utilities.AutoBroadcaster{@NamedTuple{ρa::Float32, mse::Float32, q_tot::Float32, q_lcl::Float32, q_icl::Float32, q_rai::Float32, q_sno::Float32, n_lcl::Float32, n_rai::Float32}}}}, 90, SubArray{Float32, 2, Matrix{Float32}, Tuple{Base.OneTo{Int64}, UnitRange{Int64}}, false}}}}}}, Base.Broadcast.Broadcasted{ClimaCore.DataLayouts.VFStyle{90, Array{Float32}}, Nothing, typeof(ClimaAtmos.ρa⁰), Tuple{ClimaCore.DataLayouts.VF{Float32, 90, SubArray{Float32, 2, Matrix{Float32}, Tuple{Base.OneTo{Int64}, UnitRange{Int64}}, false}}, ClimaCore.DataLayouts.VF{ClimaCore.Utilities.AutoBroadcaster{Tuple{ClimaCore.Utilities.AutoBroadcaster{@NamedTuple{ρa::Float32, mse::Float32, q_tot::Float32, q_lcl::Float32, q_icl::Float32, q_rai::Float32, q_sno::Float32, n_lcl::Float32, n_rai::Float32}}}}, 90, SubArray{Float32, 2, Matrix{Float32}, Tuple{Base.OneTo{Int64}, UnitRange{Int64}}, false}}, Tuple{ClimaAtmos.PrognosticEDMFX{1, true, Float32}}}}, ClimaCore.DataLayouts.VF{Float32, 90, SubArray{Float32, 2, Matrix{Float32}, Tuple{Base.OneTo{Int64}, UnitRange{Int64}}, false}}, ClimaCore.DataLayouts.VF{Float32, 90, SubArray{Float32, 2, Matrix{Float32}, Tuple{Base.OneTo{Int64}, UnitRange{Int64}}, false}}, Tuple{ClimaAtmos.PrognosticEDMFX{1, true, Float32}}}}}}, mask::ClimaCore.DataLayouts.NoMask)
│        @ ClimaCore.DataLayouts ~/.julia/packages/ClimaCore/HjsYb/src/DataLayouts/copyto.jl:17
│      [9] copyto! (repeats 2 times)
│        @ ~/.julia/packages/ClimaCore/HjsYb/src/Fields/broadcast.jl:206 [inlined]
│     [10] materialize!
│        @ ./broadcast.jl:905 [inlined]
│     [11] materialize!
│        @ ./broadcast.jl:902 [inlined]
│     [12] set_microphysics_tendency_cache!(Y::ClimaCore.Fields.FieldVector{Float32, @NamedTuple{c::ClimaCore.Fields.Field{ClimaCore.DataLayouts.VF{@NamedTuple{ρ::Float32, uₕ::ClimaCore.Geometry.Covariant12Vector{Float32}, ρe_tot::Float32, ρq_tot::Float32, ρq_lcl::Float32, ρq_icl::Float32, ρn_lcl::Float32, ρn_rai::Float32, ρq_rai::Float32, ρq_sno::Float32, ρtke::Float32, sgsʲs::Tuple{@NamedTuple{ρa::Float32, mse::Float32, q_tot::Float32, q_lcl::Float32, q_icl::Float32, q_rai::Float32, q_sno::Float32, n_lcl::Float32, n_rai::Float32}}}, 90, Matrix{Float32}}, ClimaCore.Spaces.FiniteDifferenceSpace{ClimaCore.Grids.FiniteDifferenceGrid{ClimaCore.Topologies.IntervalTopology{ClimaComms.SingletonCommsContext{ClimaComms.CPUSingleThreaded}, ClimaCore.Meshes.IntervalMesh{ClimaCore.Meshes.Uniform, ClimaCore.Domains.IntervalDomain{ClimaCore.Geometry.ZPoint{Float32}, Tuple{Symbol, Symbol}}, LinRange{ClimaCore.Geometry.ZPoint{Float32}, Int64}, Nothing}, @NamedTuple{bottom::Int64, top::Int64}}, ClimaCore.Geometry.CartesianGlobalGeometry, ClimaCore.DataLayouts.VF{ClimaCore.Geometry.LocalGeometry{(3,), ClimaCore.Geometry.ZPoint{Float32}, Float32, ClimaCore.Geometry.Tensor{2, Float32, Tuple{ClimaCore.Geometry.Components{ClimaCore.Geometry.Orthonormal, (1, 2, 3)}, ClimaCore.Geometry.Components{ClimaCore.Geometry.Covariant, (1, 2, 3)}}, StaticArraysCore.SMatrix{3, 3, Float32, 9}}, ClimaCore.Geometry.Tensor{2, Float32, Tuple{ClimaCore.Geometry.Components{ClimaCore.Geometry.Contravariant, (1, 2, 3)}, ClimaCore.Geometry.Components{ClimaCore.Geometry.Contravariant, (1, 2, 3)}}, StaticArraysCore.SMatrix{3, 3, Float32, 9}}}, 90, Matrix{Float32}}, ClimaCore.DataLayouts.VF{ClimaCore.Geometry.LocalGeometry{(3,), ClimaCore.Geometry.ZPoint{Float32}, Float32, ClimaCore.Geometry.Tensor{2, Float32, Tuple{ClimaCore.Geometry.Components{ClimaCore.Geometry.Orthonormal, (1, 2, 3)}, ClimaCore.Geometry.Components{ClimaCore.Geometry.Covariant, (1, 2, 3)}}, StaticArraysCore.SMatrix{3, 3, Float32, 9}}, ClimaCore.Geometry.Tensor{2, Float32, Tuple{ClimaCore.Geometry.Components{ClimaCore.Geometry.Contravariant, (1, 2, 3)}, ClimaCore.Geometry.Components{ClimaCore.Geometry.Contravariant, (1, 2, 3)}}, StaticArraysCore.SMatrix{3, 3, Float32, 9}}}, 91, Matrix{Float32}}}, ClimaCore.Grids.CellCenter}}, f::ClimaCore.Fields.Field{ClimaCore.DataLayouts.VF{@NamedTuple{u₃::ClimaCore.Geometry.Covariant3Vector{Float32}, sgsʲs::Tuple{@NamedTuple{u₃::ClimaCore.Geometry.Covariant3Vector{Float32}}}}, 91, Matrix{Float32}}, ClimaCore.Spaces.FiniteDifferenceSpace{ClimaCore.Grids.FiniteDifferenceGrid{ClimaCore.Topologies.IntervalTopology{ClimaComms.SingletonCommsContext{ClimaComms.CPUSingleThreaded}, ClimaCore.Meshes.IntervalMesh{ClimaCore.Meshes.Uniform, ClimaCore.Domains.IntervalDomain{ClimaCore.Geometry.ZPoint{Float32}, Tuple{Symbol, Symbol}}, LinRange{ClimaCore.Geometry.ZPoint{Float32}, Int64}, Nothing}, @NamedTuple{bottom::Int64, top::Int64}}, ClimaCore.Geometry.CartesianGlobalGeometry, ClimaCore.DataLayouts.VF{ClimaCore.Geometry.LocalGeometry{(3,), ClimaCore.Geometry.ZPoint{Float32}, Float32, ClimaCore.Geometry.Tensor{2, Float32, Tuple{ClimaCore.Geometry.Components{ClimaCore.Geometry.Orthonormal, (1, 2, 3)}, ClimaCore.Geometry.Components{ClimaCore.Geometry.Covariant, (1, 2, 3)}}, StaticArraysCore.SMatrix{3, 3, Float32, 9}}, ClimaCore.Geometry.Tensor{2, Float32, Tuple{ClimaCore.Geometry.Components{ClimaCore.Geometry.Contravariant, (1, 2, 3)}, ClimaCore.Geometry.Components{ClimaCore.Geometry.Contravariant, (1, 2, 3)}}, StaticArraysCore.SMatrix{3, 3, Float32, 9}}}, 90, Matrix{Float32}}, ClimaCore.DataLayouts.VF{ClimaCore.Geometry.LocalGeometry{(3,), ClimaCore.Geometry.ZPoint{Float32}, Float32, ClimaCore.Geometry.Tensor{2, Float32, Tuple{ClimaCore.Geometry.Components{ClimaCore.Geometry.Orthonormal, (1, 2, 3)}, ClimaCore.Geometry.Components{ClimaCore.Geometry.Covariant, (1, 2, 3)}}, StaticArraysCore.SMatrix{3, 3, Float32, 9}}, ClimaCore.Geometry.Tensor{2, Float32, Tuple{ClimaCore.Geometry.Components{ClimaCore.Geometry.Contravariant, (1, 2, 3)}, ClimaCore.Geometry.Components{ClimaCore.Geometry.Contravariant, (1, 2, 3)}}, StaticArraysCore.SMatrix{3, 3, Float32, 9}}}, 91, Matrix{Float32}}}, ClimaCore.Grids.CellFace}}, sfc::ClimaCore.Fields.Field{ClimaCore.DataLayouts.DataF{@NamedTuple{T::Float32, water::Float32}, Vector{Float32}}, ClimaCore.Spaces.PointSpace{ClimaComms.SingletonCommsContext{ClimaComms.CPUSingleThreaded}, ClimaCore.DataLayouts.DataF{ClimaCore.Geometry.LocalGeometry{(3,), ClimaCore.Geometry.ZPoint{Float32}, Float32, ClimaCore.Geometry.Tensor{2, Float32, Tuple{ClimaCore.Geometry.Components{ClimaCore.Geometry.Orthonormal, (1, 2, 3)}, ClimaCore.Geometry.Components{ClimaCore.Geometry.Covariant, (1, 2, 3)}}, StaticArraysCore.SMatrix{3, 3, Float32, 9}}, ClimaCore.Geometry.Tensor{2, Float32, Tuple{ClimaCore.Geometry.Components{ClimaCore.Geometry.Contravariant, (1, 2, 3)}, ClimaCore.Geometry.Components{ClimaCore.Geometry.Contravariant, (1, 2, 3)}}, StaticArraysCore.SMatrix{3, 3, Float32, 9}}}, SubArray{Float32, 1, Matrix{Float32}, Tuple{Int64, Base.Slice{Base.OneTo{Int64}}}, true}}}}}}, p::@NamedTuple{atmos::ClimaAtmos.AtmosModel{ClimaAtmos.AtmosWater{ClimaAtmos.NonEquilibriumMicrophysics2M, ClimaAtmos.QuadratureCloud, ClimaAtmos.Implicit, Nothing, ClimaAtmos.SGSQuadrature{3, StaticArraysCore.SVector{3, Float32}, StaticArraysCore.SVector{3, Float32}, ClimaAtmos.GaussianSGS, Float32}, ClimaAtmos.FixedTerminalVelocity{Float32}}, ClimaAtmos.SCMSetup{Nothing, Nothing, Nothing, Bool, @NamedTuple{prof_ug::AtmosphericProfilesLibrary.ZProfile{AtmosphericProfilesLibrary.var"#Larcform1_geostrophic_u##0#Larcform1_geostrophic_u##1"{Float32}}, prof_vg::AtmosphericProfilesLibrary.ZProfile{Returns{Float32}}, coriolis_param::Float32}}, ClimaAtmos.AtmosRadiation{ClimaAtmos.RRTMGPInterface.AllSkyRadiationWithClearSkyDiagnostics{ClimaAtmos.InteractiveCloudInRadiation}, ClimaAtmos.Larcform1Insolation}, ClimaAtmos.AtmosTurbconv{ClimaAtmos.EDMFXModel{ClimaAtmos.InvZEntrainment, ClimaAtmos.BuoyancyVelocityDetrainment, Val{true}, Val{true}, Val{true}, Val{true}, Val{true}, ClimaAtmos.SmoothMinimumBlending}, ClimaAtmos.PrognosticEDMFX{1, true, Float32}, Nothing, Nothing, Nothing}, Nothing, ClimaAtmos.AtmosGravityWave{Nothing, Nothing}, Nothing, ClimaAtmos.AtmosSponge{Nothing, Nothing}, ClimaAtmos.AtmosSurface{ClimaAtmos.SurfaceConditions.MoninObukhov{Float32, Nothing, Nothing}, ClimaAtmos.SurfaceConditions.SlabOceanTemperature{Float32}, ClimaAtmos.SurfaceConditions.SurfaceBoundaryOverrides{Float32, Float32, Nothing, Nothing, Nothing, Nothing}, ClimaAtmos.ConstantAlbedo{Float32}}, ClimaAtmos.AtmosNumerics{Val{:vanleer_limiter}, Val{:vanleer_limiter}, Val{:first_order}, Val{:none}, Val{:first_order}, Nothing, Nothing, Nothing, ClimaAtmos.Implicit, Nothing}, ClimaAtmos.AtmosChem{Nothing}}, core::@NamedTuple{ᶜΦ::ClimaCore.Fields.Field{ClimaCore.DataLayouts.VF{Float32, 90, Matrix{Float32}}, ClimaCore.Spaces.FiniteDifferenceSpace{ClimaCore.Grids.FiniteDifferenceGrid{ClimaCore.Topologies.IntervalTopology{ClimaComms.SingletonCommsContext{ClimaComms.CPUSingleThreaded}, ClimaCore.Meshes.IntervalMesh{ClimaCore.Meshes.Uniform, ClimaCore.Domains.IntervalDomain{ClimaCore.Geometry.ZPoint{Float32}, Tuple{Symbol, Symbol}}, LinRange{ClimaCore.Geometry.ZPoint{Float32}, Int64}, Nothing}, @NamedTuple{bottom::Int64, top::Int64}}, ClimaCore.Geometry.CartesianGlobalGeometry, ClimaCore.DataLayouts.VF{ClimaCore.Geometry.LocalGeometry{(3,), ClimaCore.Geometry.ZPoint{Float32}, Float32, ClimaCore.Geometry.Tensor{2, Float32, Tuple{ClimaCore.Geometry.Components{ClimaCore.Geometry.Orthonormal, (1, 2, 3)}, ClimaCore.Geometry.Components{ClimaCore.Geometry.Covariant, (1, 2, 3)}}, StaticArraysCore.SMatrix{3, 3, Float32, 9}}, ClimaCore.Geometry.Tensor{2, Float32, Tuple{ClimaCore.Geometry.Components{ClimaCore.Geometry.Contravariant, (1, 2, 3)}, ClimaCore.Geometry.Components{ClimaCore.Geometry.Contravariant, (1, 2, 3)}}, StaticArraysCore.SMatrix{3, 3, Float32, 9}}}, 90, Matrix{Float32}}, ClimaCore.DataLayouts.VF{ClimaCore.Geometry.LocalGeometry{(3,), ClimaCore.Geometry.ZPoint{Float32}, Float32, ClimaCore.Geometry.Tensor{2, Float32, Tuple{ClimaCore.Geometry.Components{ClimaCore.Geometry.Orthonormal, (1, 2, 3)}, ClimaCore.Geometry.Components{ClimaCore.Geometry.Covariant, (1, 2, 3)}}, StaticArraysCore.SMatrix{3, 3, Float32, 9}}, ClimaCore.Geometry.Tensor{2, Float32, Tuple{ClimaCore.Geometry.Components{ClimaCore.Geometry.Contravariant, (1, 2, 3)}, ClimaCore.Geometry.Components{ClimaCore.Geometry.Contravariant, (1, 2, 3)}}, StaticArraysCore.SMatrix{3, 3, Float32, 9}}}, 91, Matrix{Float32}}}, ClimaCore.Grids.CellCenter}}, ᶠgradᵥ_ᶜΦ::ClimaCore.Fields.Field{ClimaCore.DataLayouts.VF{ClimaCore.Geometry.Covariant3Vector{Float32}, 91, Matrix{Float32}}, ClimaCore.Spaces.FiniteDifferenceSpace{ClimaCore.Grids.FiniteDifferenceGrid{ClimaCore.Topologies.IntervalTopology{ClimaComms.SingletonCommsContext{ClimaComms.CPUSingleThreaded}, ClimaCore.Meshes.IntervalMesh{ClimaCore.Meshes.Uniform, ClimaCore.Domains.IntervalDomain{ClimaCore.Geometry.ZPoint{Float32}, Tuple{Symbol, Symbol}}, LinRange{ClimaCore.Geometry.ZPoint{Float32}, Int64}, Nothing}, @NamedTuple{bottom::Int64, top::Int64}}, ClimaCore.Geometry.CartesianGlobalGeometry, ClimaCore.DataLayouts.VF{ClimaCore.Geometry.LocalGeometry{(3,), ClimaCore.Geometry.ZPoint{Float32}, Float32, ClimaCore.Geometry.Tensor{2, Float32, Tuple{ClimaCore.Geometry.Components{ClimaCore.Geometry.Orthonormal, (1, 2, 3)}, ClimaCore.Geometry.Components{ClimaCore.Geometry.Covariant, (1, 2, 3)}}, StaticArraysCore.SMatrix{3, 3, Float32, 9}}, ClimaCore.Geometry.Tensor{2, Float32, Tuple{ClimaCore.Geometry.Components{ClimaCore.Geometry.Contravariant, (1, 2, 3)}, ClimaCore.Geometry.Components{ClimaCore.Geometry.Contravariant, (1, 2, 3)}}, StaticArraysCore.SMatrix{3, 3, Float32, 9}}}, 90, Matrix{Float32}}, ClimaCore.DataLayouts.VF{ClimaCore.Geometry.LocalGeometry{(3,), ClimaCore.Geometry.ZPoint{Float32}, Float32, ClimaCore.Geometry.Tensor{2, Float32, Tuple{ClimaCore.Geometry.Components{ClimaCore.Geometry.Orthonormal, (1, 2, 3)}, ClimaCore.Geometry.Components{ClimaCore.Geometry.Covariant, (1, 2, 3)}}, StaticArraysCore.SMatrix{3, 3, Float32, 9}}, ClimaCore.Geometry.Tensor{2, Float32, Tuple{ClimaCore.Geometry.Components{ClimaCore.Geometry.Contravariant, (1, 2, 3)}, ClimaCore.Geometry.Components{ClimaCore.Geometry.Contravariant, (1, 2, 3)}}, StaticArraysCore.SMatrix{3, 3, Float32, 9}}}, 91, Matrix{Float32}}}, ClimaCore.Grids.CellFace}}, ᶜgradᵥ_ᶠΦ::ClimaCore.Fields.Field{ClimaCore.DataLayouts.VF{ClimaCore.Geometry.Covariant3Vector{Float32}, 90, Matrix{Float32}}, ClimaCore.Spaces.FiniteDifferenceSpace{ClimaCore.Grids.FiniteDifferenceGrid{ClimaCore.Topologies.IntervalTopology{ClimaComms.SingletonCommsContext{ClimaComms.CPUSingleThreaded}, ClimaCore.Meshes.IntervalMesh{ClimaCore.Meshes.Uniform, ClimaCore.Domains.IntervalDomain{ClimaCore.Geometry.ZPoint{Float32}, Tuple{Symbol, Symbol}}, LinRange{ClimaCore.Geometry.ZPoint{Float32}, Int64}, Nothing}, @NamedTuple{bottom::Int64, top::Int64}}, ClimaCore.Geometry.CartesianGlobalGeometry, ClimaCore.DataLayouts.VF{ClimaCore.Geometry.LocalGeometry{(3,), ClimaCore.Geometry.ZPoint{Float32}, Float32, ClimaCore.Geometry.Tensor{2, Float32, Tuple{ClimaCore.Geometry.Components{ClimaCore.Geometry.Orthonormal, (1, 2, 3)}, ClimaCore.Geometry.Components{ClimaCore.Geometry.Covariant, (1, 2, 3)}}, StaticArraysCore.SMatrix{3, 3, Float32, 9}}, ClimaCore.Geometry.Tensor{2, Float32, Tuple{ClimaCore.Geometry.Components{ClimaCore.Geometry.Contravariant, (1, 2, 3)}, ClimaCore.Geometry.Components{ClimaCore.Geometry.Contravariant, (1, 2, 3)}}, StaticArraysCore.SMatrix{3, 3, Float32, 9}}}, 90, Matrix{Float32}}, ClimaCore.DataLayouts.VF{ClimaCore.Geometry.LocalGeometry{(3,), ClimaCore.Geometry.ZPoint{Float32}, Float32, ClimaCore.Geometry.Tensor{2, Float32, Tuple{ClimaCore.Geometry.Components{ClimaCore.Geometry.Orthonormal, (1, 2, 3)}, ClimaCore.Geometry.Components{ClimaCore.Geometry.Covariant, (1, 2, 3)}}, StaticArraysCore.SMatrix{3, 3, Float32, 9}}, ClimaCore.Geometry.Tensor{2, Float32, Tuple{ClimaCore.Geometry.Components{ClimaCore.Geometry.Contravariant, (1, 2, 3)}, ClimaCore.Geometry.Components{ClimaCore.Geometry.Contravariant, (1, 2, 3)}}, StaticArraysCore.SMatrix{3, 3, Float32, 9}}}, 91, Matrix{Float32}}}, ClimaCore.Grids.CellCenter}}, ᶜf³::ClimaCore.Fields.Field{ClimaCore.DataLayouts.VF{ClimaCore.Geometry.Contravariant3Vector{Float32}, 90, Matrix{Float32}}, ClimaCore.Spaces.FiniteDifferenceSpace{ClimaCore.Grids.FiniteDifferenceGrid{ClimaCore.Topologies.IntervalTopology{ClimaComms.SingletonCommsContext{ClimaComms.CPUSingleThreaded}, ClimaCore.Meshes.IntervalMesh{ClimaCore.Meshes.Uniform, ClimaCore.Domains.IntervalDomain{ClimaCore.Geometry.ZPoint{Float32}, Tuple{Symbol, Symbol}}, LinRange{ClimaCore.Geometry.ZPoint{Float32}, Int64}, Nothing}, @NamedTuple{bottom::Int64, top::Int64}}, ClimaCore.Geometry.CartesianGlobalGeometry, ClimaCore.DataLayouts.VF{ClimaCore.Geometry.LocalGeometry{(3,), ClimaCore.Geometry.ZPoint{Float32}, Float32, ClimaCore.Geometry.Tensor{2, Float32, Tuple{ClimaCore.Geometry.Components{ClimaCore.Geometry.Orthonormal, (1, 2, 3)}, ClimaCore.Geometry.Components{ClimaCore.Geometry.Covariant, (1, 2, 3)}}, StaticArraysCore.SMatrix{3, 3, Float32, 9}}, ClimaCore.Geometry.Tensor{2, Float32, Tuple{ClimaCore.Geometry.Components{ClimaCore.Geometry.Contravariant, (1, 2, 3)}, ClimaCore.Geometry.Components{ClimaCore.Geometry.Contravariant, (1, 2, 3)}}, StaticArraysCore.SMatrix{3, 3, Float32, 9}}}, 90, Matrix{Float32}}, ClimaCore.DataLayouts.VF{ClimaCore.Geometry.LocalGeometry{(3,), ClimaCore.Geometry.ZPoint{Float32}, Float32, ClimaCore.Geometry.Tensor{2, Float32, Tuple{ClimaCore.Geometry.Components{ClimaCore.Geometry.Orthonormal, (1, 2, 3)}, ClimaCore.Geometry.Components{ClimaCore.Geometry.Covariant, (1, 2, 3)}}, StaticArraysCore.SMatrix{3, 3, Float32, 9}}, ClimaCore.Geometry.Tensor{2, Float32, Tuple{ClimaCore.Geometry.Components{ClimaCore.Geometry.Contravariant, (1, 2, 3)}, ClimaCore.Geometry.Components{ClimaCore.Geometry.Contravariant, (1, 2, 3)}}, StaticArraysCore.SMatrix{3, 3, Float32, 9}}}, 91, Matrix{Float32}}}, ClimaCore.Grids.CellCenter}}, ᶠf¹²::Nothing, surface_ct3_unit::ClimaCore.Fields.Field{ClimaCore.DataLayouts.DataF{ClimaCore.Geometry.Contravariant3Vector{Float32}, Vector{Float32}}, ClimaCore.Spaces.PointSpace{ClimaComms.SingletonCommsContext{ClimaComms.CPUSingleThreaded}, ClimaCore.DataLayouts.DataF{ClimaCore.Geometry.LocalGeometry{(3,), ClimaCore.Geometry.ZPoint{Float32}, Float32, ClimaCore.Geometry.Tensor{2, Float32, Tuple{ClimaCore.Geometry.Components{ClimaCore.Geometry.Orthonormal, (1, 2, 3)}, ClimaCore.Geometry.Components{ClimaCore.Geometry.Covariant, (1, 2, 3)}}, StaticArraysCore.SMatrix{3, 3, Float32, 9}}, ClimaCore.Geometry.Tensor{2, Float32, Tuple{ClimaCore.Geometry.Components{ClimaCore.Geometry.Contravariant, (1, 2, 3)}, ClimaCore.Geometry.Components{ClimaCore.Geometry.Contravariant, (1, 2, 3)}}, StaticArraysCore.SMatrix{3, 3, Float32, 9}}}, SubArray{Float32, 1, Matrix{Float32}, Tuple{Int64, Base.Slice{Base.OneTo{Int64}}}, true}}}}}, params::ClimaAtmos.Parameters.ClimaAtmosParameters{Float32, Thermodynamics.Parameters.ThermodynamicsParameters{Float32}, RRTMGP.Parameters.RRTMGPParameters{Float32}, @NamedTuple{N2O_fixed_value::Float32, CH4_fixed_value::Float32, CFC12_fixed_value::Float32, CO2_fixed_value::Float32, CF4_fixed_value::Float32, HFC32_fixed_value::Float32, HFC125_fixed_value::Float32, NO2_fixed_value::Float32, N2_fixed_value::Float32, CCL4_fixed_value::Float32, CO_fixed_value::Float32, CFC11_fixed_value::Float32, HFC143A_fixed_value::Float32, HFC23_fixed_value::Float32, HFC134A_fixed_value::Float32, O2_fixed_value::Float32, CFC22_fixed_value::Float32}, Insolation.Parameters.InsolationParameters{Float32}, @NamedTuple{liquid::CloudMicrophysics.Parameters.CloudLiquid{Float32}, ice::CloudMicrophysics.Parameters.CloudIce{Float32, CloudMicrophysics.Parameters.ParticlePDFIceRain{Float32}, CloudMicrophysics.Parameters.ParticleMass{Float32}}, stokes::CloudMicrophysics.Parameters.StokesRegimeVelType{Float32}, Ch2022::CloudMicrophysics.Parameters.Chen2022VelType{CloudMicrophysics.Parameters.Chen2022VelTypeRain{Float32, 3}, CloudMicrophysics.Parameters.Chen2022VelTypeSmallIce{Float32, 3, 4}, CloudMicrophysics.Parameters.Chen2022VelTypeLargeIce{Float32, 3}}, N_cloud_liquid_droplets::Float32, aml::@NamedTuple{c₀_dust::Float32, α_dust::Float32, N₀::Float32, α_seasalt::Float32, c₀_SO4::Float32, α_q_liq::Float32, q₀_liq::Float32, c₀_seasalt::Float32, α_SO4::Float32}, activation::CloudMicrophysics.Parameters.AerosolActivationParameters{Float32}}, Nothing, CloudMicrophysics.Parameters.Microphysics1MParams{CloudMicrophysics.Parameters.Microphysics1MOptions{CloudMicrophysics.Parameters.CloudLiquidFormation{Float32}, CloudMicrophysics.Parameters.ConstantTimescale{Float32}, CloudMicrophysics.Parameters.CloudIceMelt, CloudMicrophysics.Parameters.Kessler1M{CloudMicrophysics.Parameters.Acnv1M{Float32}}, CloudMicrophysics.Parameters.NoSupersaturation{CloudMicrophysics.Parameters.Acnv1M{Float32}}, CloudMicrophysics.Parameters.RainEvaporation, CloudMicrophysics.Parameters.DepositionAndSublimation, CloudMicrophysics.Parameters.SnowMelt, CloudMicrophysics.Parameters.CloudLiquidRainAccretion{Float32}, CloudMicrophysics.Parameters.CloudLiquidSnowAccretion{Float32}, CloudMicrophysics.Parameters.CloudIceRainAccretion{Float32}, CloudMicrophysics.Parameters.CloudIceSnowAccretion{Float32}, CloudMicrophysics.Parameters.RainSnowAccretion{Float32}}, CloudMicrophysics.Parameters.CloudPhaseParams1M{CloudMicrophysics.Parameters.CloudLiquid{Float32}, CloudMicrophysics.Parameters.CloudIce{Float32, CloudMicrophysics.Parameters.ParticlePDFIceRain{Float32}, CloudMicrophysics.Parameters.ParticleMass{Float32}}}, CloudMicrophysics.Parameters.PrecipPhaseParams1M{CloudMicrophysics.Parameters.Rain{CloudMicrophysics.Parameters.ParticlePDFIceRain{Float32}, CloudMicrophysics.Parameters.ParticleMass{Float32}, CloudMicrophysics.Parameters.ParticleArea{Float32}, CloudMicrophysics.Parameters.Ventilation{Float32}}, CloudMicrophysics.Parameters.Snow{Float32, CloudMicrophysics.Parameters.ParticlePDFSnow{Float32}, CloudMicrophysics.Parameters.ParticleMass{Float32}, CloudMicrophysics.Parameters.ParticleArea{Float32}, CloudMicrophysics.Parameters.Ventilation{Float32}, CloudMicrophysics.Parameters.SnowAspectRatio{Float32}}}, CloudMicrophysics.Parameters.AirProperties{Float32}, CloudMicrophysics.Parameters.Blk1MVelType{CloudMicrophysics.Parameters.Blk1MVelTypeRain{Float32}, CloudMicrophysics.Parameters.Blk1MVelTypeSnow{Float32}}}, CloudMicrophysics.Parameters.Microphysics2MParams{CloudMicrophysics.Parameters.WarmRainParams2M{CloudMicrophysics.Parameters.SB2006{CloudMicrophysics.Parameters.CloudParticlePDF_SB2006{Float32}, CloudMicrophysics.Parameters.RainParticlePDF_SB2006_limited{Float32}, CloudMicrophysics.Parameters.AcnvSB2006{Float32}, CloudMicrophysics.Parameters.AccrSB2006{Float32}, CloudMicrophysics.Parameters.SelfColSB2006{Float32}, CloudMicrophysics.Parameters.BreakupSB2006{Float32}, CloudMicrophysics.Parameters.EvaporationSB2006{Float32}, CloudMicrophysics.Parameters.NumberAdjustmentHorn2012{Float32}}, CloudMicrophysics.Parameters.AirProperties{Float32}, CloudMicrophysics.Parameters.CondEvap2M{Float32}}, Nothing}, Nothing, SurfaceFluxes.Parameters.SurfaceFluxesParameters{Float32, SurfaceFluxes.UniversalFunctions.GryanikParams{Float32}, Thermodynamics.Parameters.ThermodynamicsParameters{Float32}}, ClimaAtmos.Parameters.TurbulenceConvectionParameters{Float32, StaticArraysCore.SVector{12, Float32}, StaticArraysCore.SVector{3, Float32}, StaticArraysCore.SVector{5, Float32}}, ClimaAtmos.Parameters.SurfaceTemperatureParameters{Float32}, @NamedTuple{D₀::Float32, H::Float32, C_E::Float32}, @NamedTuple{gcmdriven_momentum_relaxation_timescale::Float32, gcmdriven_scalar_relaxation_timescale::Float32, gcmdriven_relaxation_minimum_height::Float32, gcmdriven_relaxation_maximum_height::Float32}, @NamedTuple{seasalt_std::Float32, SSLT04_radius::Float32, sulfate_kappa::Float32, sulfate_radius::Float32, SSLT05_radius::Float32, seasalt_density::Float32, SSLT02_radius::Float32, sulfate_std::Float32, SSLT03_radius::Float32, seasalt_kappa::Float32, SSLT01_radius::Float32, sulfate_density::Float32}, Nothing, Nothing}, sfc_setup::ClimaAtmos.SurfaceConditions.SurfaceBoundaryOverrides{Float32, Float32, Nothing, Nothing, Nothing, Nothing}, precomputed::@NamedTuple{ᶜu::ClimaCore.Fields.Field{ClimaCore.DataLayouts.VF{ClimaCore.Geometry.Covariant123Vector{Float32}, 90, Matrix{Float32}}, ClimaCore.Spaces.FiniteDifferenceSpace{ClimaCore.Grids.FiniteDifferenceGrid{ClimaCore.Topologies.IntervalTopology{ClimaComms.SingletonCommsContext{ClimaComms.CPUSingleThreaded}, ClimaCore.Meshes.IntervalMesh{ClimaCore.Meshes.Uniform, ClimaCore.Domains.IntervalDomain{ClimaCore.Geometry.ZPoint{Float32}, Tuple{Symbol, Symbol}}, LinRange{ClimaCore.Geometry.ZPoint{Float32}, Int64}, Nothing}, @NamedTuple{bottom::Int64, top::Int64}}, ClimaCore.Geometry.CartesianGlobalGeometry, ClimaCore.DataLayouts.VF{ClimaCore.Geometry.LocalGeometry{(3,), ClimaCore.Geometry.ZPoint{Float32}, Float32, ClimaCore.Geometry.Tensor{2, Float32, Tuple{ClimaCore.Geometry.Components{ClimaCore.Geometry.Orthonormal, (1, 2, 3)}, ClimaCore.Geometry.Components{ClimaCore.Geometry.Covariant, (1, 2, 3)}}, StaticArraysCore.SMatrix{3, 3, Float32, 9}}, ClimaCore.Geometry.Tensor{2, Float32, Tuple{ClimaCore.Geometry.Components{ClimaCore.Geometry.Contravariant, (1, 2, 3)}, ClimaCore.Geometry.Components{ClimaCore.Geometry.Contravariant, (1, 2, 3)}}, StaticArraysCore.SMatrix{3, 3, Float32, 9}}}, 90, Matrix{Float32}}, ClimaCore.DataLayouts.VF{ClimaCore.Geometry.LocalGeometry{(3,), ClimaCore.Geometry.ZPoint{Float32}, Float32, ClimaCore.Geometry.Tensor{2, Float32, Tuple{ClimaCore.Geometry.Components{ClimaCore.Geometry.Orthonormal, (1, 2, 3)}, ClimaCore.Geometry.Components{ClimaCore.Geometry.Covariant, (1, 2, 3)}}, StaticArraysCore.SMatrix{3, 3, Float32, 9}}, ClimaCore.Geometry.Tensor{2, Float32, Tuple{ClimaCore.Geometry.Components{ClimaCore.Geometry.Contravariant, (1, 2, 3)}, ClimaCore.Geometry.Components{ClimaCore.Geometry.Contravariant, (1, 2, 3)}}, StaticArraysCore.SMatrix{3, 3, Float32, 9}}}, 91, Matrix{Float32}}}, ClimaCore.Grids.CellCenter}}, ᶠu³::ClimaCore.Fields.Field{ClimaCore.DataLayouts.VF{ClimaCore.Geometry.Contravariant3Vector{Float32}, 91, Matrix{Float32}}, ClimaCore.Spaces.FiniteDifferenceSpace{ClimaCore.Grids.FiniteDifferenceGrid{ClimaCore.Topologies.IntervalTopology{ClimaComms.SingletonCommsContext{ClimaComms.CPUSingleThreaded}, ClimaCore.Meshes.IntervalMesh{ClimaCore.Meshes.Uniform, ClimaCore.Domains.IntervalDomain{ClimaCore.Geometry.ZPoint{Float32}, Tuple{Symbol, Symbol}}, LinRange{ClimaCore.Geometry.ZPoint{Float32}, Int64}, Nothing}, @NamedTuple{bottom::Int64, top::Int64}}, ClimaCore.Geometry.CartesianGlobalGeometry, ClimaCore.DataLayouts.VF{ClimaCore.Geometry.LocalGeometry{(3,), ClimaCore.Geometry.ZPoint{Float32}, Float32, ClimaCore.Geometry.Tensor{2, Float32, Tuple{ClimaCore.Geometry.Components{ClimaCore.Geometry.Orthonormal, (1, 2, 3)}, ClimaCore.Geometry.Components{ClimaCore.Geometry.Covariant, (1, 2, 3)}}, StaticArraysCore.SMatrix{3, 3, Float32, 9}}, ClimaCore.Geometry.Tensor{2, Float32, Tuple{ClimaCore.Geometry.Components{ClimaCore.Geometry.Contravariant, (1, 2, 3)}, ClimaCore.Geometry.Components{ClimaCore.Geometry.Contravariant, (1, 2, 3)}}, StaticArraysCore.SMatrix{3, 3, Float32, 9}}}, 90, Matrix{Float32}}, ClimaCore.DataLayouts.VF{ClimaCore.Geometry.LocalGeometry{(3,), ClimaCore.Geometry.ZPoint{Float32}, Float32, ClimaCore.Geometry.Tensor{2, Float32, Tuple{ClimaCore.Geometry.Components{ClimaCore.Geometry.Orthonormal, (1, 2, 3)}, ClimaCore.Geometry.Components{ClimaCore.Geometry.Covariant, (1, 2, 3)}}, StaticArraysCore.SMatrix{3, 3, Float32, 9}}, ClimaCore.Geometry.Tensor{2, Float32, Tuple{ClimaCore.Geometry.Components{ClimaCore.Geometry.Contravariant, (1, 2, 3)}, ClimaCore.Geometry.Components{ClimaCore.Geometry.Contravariant, (1, 2, 3)}}, StaticArraysCore.SMatrix{3, 3, Float32, 9}}}, 91, Matrix{Float32}}}, ClimaCore.Grids.CellFace}}, ᶠu::ClimaCore.Fields.Field{ClimaCore.DataLayouts.VF{ClimaCore.Geometry.Contravariant123Vector{Float32}, 91, Matrix{Float32}}, ClimaCore.Spaces.FiniteDifferenceSpace{ClimaCore.Grids.FiniteDifferenceGrid{ClimaCore.Topologies.IntervalTopology{ClimaComms.SingletonCommsContext{ClimaComms.CPUSingleThreaded}, ClimaCore.Meshes.IntervalMesh{ClimaCore.Meshes.Uniform, ClimaCore.Domains.IntervalDomain{ClimaCore.Geometry.ZPoint{Float32}, Tuple{Symbol, Symbol}}, LinRange{ClimaCore.Geometry.ZPoint{Float32}, Int64}, Nothing}, @NamedTuple{bottom::Int64, top::Int64}}, ClimaCore.Geometry.CartesianGlobalGeometry, ClimaCore.DataLayouts.VF{ClimaCore.Geometry.LocalGeometry{(3,), ClimaCore.Geometry.ZPoint{Float32}, Float32, ClimaCore.Geometry.Tensor{2, Float32, Tuple{ClimaCore.Geometry.Components{ClimaCore.Geometry.Orthonormal, (1, 2, 3)}, ClimaCore.Geometry.Components{ClimaCore.Geometry.Covariant, (1, 2, 3)}}, StaticArraysCore.SMatrix{3, 3, Float32, 9}}, ClimaCore.Geometry.Tensor{2, Float32, Tuple{ClimaCore.Geometry.Components{ClimaCore.Geometry.Contravariant, (1, 2, 3)}, ClimaCore.Geometry.Components{ClimaCore.Geometry.Contravariant, (1, 2, 3)}}, StaticArraysCore.SMatrix{3, 3, Float32, 9}}}, 90, Matrix{Float32}}, ClimaCore.DataLayouts.VF{ClimaCore.Geometry.LocalGeometry{(3,), ClimaCore.Geometry.ZPoint{Float32}, Float32, ClimaCore.Geometry.Tensor{2, Float32, Tuple{ClimaCore.Geometry.Components{ClimaCore.Geometry.Orthonormal, (1, 2, 3)}, ClimaCore.Geometry.Components{ClimaCore.Geometry.Covariant, (1, 2, 3)}}, StaticArraysCore.SMatrix{3, 3, Float32, 9}}, ClimaCore.Geometry.Tensor{2, Float32, Tuple{ClimaCore.Geometry.Components{ClimaCore.Geometry.Contravariant, (1, 2, 3)}, ClimaCore.Geometry.Components{ClimaCore.Geometry.Contravariant, (1, 2, 3)}}, StaticArraysCore.SMatrix{3, 3, Float32, 9}}}, 91, Matrix{Float32}}}, ClimaCore.Grids.CellFace}}, ᶜK::ClimaCore.Fields.Field{ClimaCore.DataLayouts.VF{Float32, 90, Matrix{Float32}}, ClimaCore.Spaces.FiniteDifferenceSpace{ClimaCore.Grids.FiniteDifferenceGrid{ClimaCore.Topologies.IntervalTopology{ClimaComms.SingletonCommsContext{ClimaComms.CPUSingleThreaded}, ClimaCore.Meshes.IntervalMesh{ClimaCore.Meshes.Uniform, ClimaCore.Domains.IntervalDomain{ClimaCore.Geometry.ZPoint{Float32}, Tuple{Symbol, Symbol}}, LinRange{ClimaCore.Geometry.ZPoint{Float32}, Int64}, Nothing}, @NamedTuple{bottom::Int64, top::Int64}}, ClimaCore.Geometry.CartesianGlobalGeometry, ClimaCore.DataLayouts.VF{ClimaCore.Geometry.LocalGeometry{(3,), ClimaCore.Geometry.ZPoint{Float32}, Float32, ClimaCore.Geometry.Tensor{2, Float32, Tuple{ClimaCore.Geometry.Components{ClimaCore.Geometry.Orthonormal, (1, 2, 3)}, ClimaCore.Geometry.Components{ClimaCore.Geometry.Covariant, (1, 2, 3)}}, StaticArraysCore.SMatrix{3, 3, Float32, 9}}, ClimaCore.Geometry.Tensor{2, Float32, Tuple{ClimaCore.Geometry.Components{ClimaCore.Geometry.Contravariant, (1, 2, 3)}, ClimaCore.Geometry.Components{ClimaCore.Geometry.Contravariant, (1, 2, 3)}}, StaticArraysCore.SMatrix{3, 3, Float32, 9}}}, 90, Matrix{Float32}}, ClimaCore.DataLayouts.VF{ClimaCore.Geometry.LocalGeometry{(3,), ClimaCore.Geometry.ZPoint{Float32}, Float32, ClimaCore.Geometry.Tensor{2, Float32, Tuple{ClimaCore.Geometry.Components{ClimaCore.Geometry.Orthonormal, (1, 2, 3)}, ClimaCore.Geometry.Components{ClimaCore.Geometry.Covariant, (1, 2, 3)}}, StaticArraysCore.SMatrix{3, 3, Float32, 9}}, ClimaCore.Geometry.Tensor{2, Float32, Tuple{ClimaCore.Geometry.Components{ClimaCore.Geometry.Contravariant, (1, 2, 3)}, ClimaCore.Geometry.Components{ClimaCore.Geometry.Contravariant, (1, 2, 3)}}, StaticArraysCore.SMatrix{3, 3, Float32, 9}}}, 91, Matrix{Float32}}}, ClimaCore.Grids.CellCenter}}, ᶜT::ClimaCore.Fields.Field{ClimaCore.DataLayouts.VF{Float32, 90, Matrix{Float32}}, ClimaCore.Spaces.FiniteDifferenceSpace{ClimaCore.Grids.FiniteDifferenceGrid{ClimaCore.Topologies.IntervalTopology{ClimaComms.SingletonCommsContext{ClimaComms.CPUSingleThreaded}, ClimaCore.Meshes.IntervalMesh{ClimaCore.Meshes.Uniform, ClimaCore.Domains.IntervalDomain{ClimaCore.Geometry.ZPoint{Float32}, Tuple{Symbol, Symbol}}, LinRange{ClimaCore.Geometry.ZPoint{Float32}, Int64}, Nothing}, @NamedTuple{bottom::Int64, top::Int64}}, ClimaCore.Geometry.CartesianGlobalGeometry, ClimaCore.DataLayouts.VF{ClimaCore.Geometry.LocalGeometry{(3,), ClimaCore.Geometry.ZPoint{Float32}, Float32, ClimaCore.Geometry.Tensor{2, Float32, Tuple{ClimaCore.Geometry.Components{ClimaCore.Geometry.Orthonormal, (1, 2, 3)}, ClimaCore.Geometry.Components{ClimaCore.Geometry.Covariant, (1, 2, 3)}}, StaticArraysCore.SMatrix{3, 3, Float32, 9}}, ClimaCore.Geometry.Tensor{2, Float32, Tuple{ClimaCore.Geometry.Components{ClimaCore.Geometry.Contravariant, (1, 2, 3)}, ClimaCore.Geometry.Components{ClimaCore.Geometry.Contravariant, (1, 2, 3)}}, StaticArraysCore.SMatrix{3, 3, Float32, 9}}}, 90, Matrix{Float32}}, ClimaCore.DataLayouts.VF{ClimaCore.Geometry.LocalGeometry{(3,), ClimaCore.Geometry.ZPoint{Float32}, Float32, ClimaCore.Geometry.Tensor{2, Float32, Tuple{ClimaCore.Geometry.Components{ClimaCore.Geometry.Orthonormal, (1, 2, 3)}, ClimaCore.Geometry.Components{ClimaCore.Geometry.Covariant, (1, 2, 3)}}, StaticArraysCore.SMatrix{3, 3, Float32, 9}}, ClimaCore.Geometry.Tensor{2, Float32, Tuple{ClimaCore.Geometry.Components{ClimaCore.Geometry.Contravariant, (1, 2, 3)}, ClimaCore.Geometry.Components{ClimaCore.Geometry.Contravariant, (1, 2, 3)}}, StaticArraysCore.SMatrix{3, 3, Float32, 9}}}, 91, Matrix{Float32}}}, ClimaCore.Grids.CellCenter}}, ᶜh_tot::ClimaCore.Fields.Field{ClimaCore.DataLayouts.VF{Float32, 90, Matrix{Float32}}, ClimaCore.Spaces.FiniteDifferenceSpace{ClimaCore.Grids.FiniteDifferenceGrid{ClimaCore.Topologies.IntervalTopology{ClimaComms.SingletonCommsContext{ClimaComms.CPUSingleThreaded}, ClimaCore.Meshes.IntervalMesh{ClimaCore.Meshes.Uniform, ClimaCore.Domains.IntervalDomain{ClimaCore.Geometry.ZPoint{Float32}, Tuple{Symbol, Symbol}}, LinRange{ClimaCore.Geometry.ZPoint{Float32}, Int64}, Nothing}, @NamedTuple{bottom::Int64, top::Int64}}, ClimaCore.Geometry.CartesianGlobalGeometry, ClimaCore.DataLayouts.VF{ClimaCore.Geometry.LocalGeometry{(3,), ClimaCore.Geometry.ZPoint{Float32}, Float32, ClimaCore.Geometry.Tensor{2, Float32, Tuple{ClimaCore.Geometry.Components{ClimaCore.Geometry.Orthonormal, (1, 2, 3)}, ClimaCore.Geometry.Components{ClimaCore.Geometry.Covariant, (1, 2, 3)}}, StaticArraysCore.SMatrix{3, 3, Float32, 9}}, ClimaCore.Geometry.Tensor{2, Float32, Tuple{ClimaCore.Geometry.Components{ClimaCore.Geometry.Contravariant, (1, 2, 3)}, ClimaCore.Geometry.Components{ClimaCore.Geometry.Contravariant, (1, 2, 3)}}, StaticArraysCore.SMatrix{3, 3, Float32, 9}}}, 90, Matrix{Float32}}, ClimaCore.DataLayouts.VF{ClimaCore.Geometry.LocalGeometry{(3,), ClimaCore.Geometry.ZPoint{Float32}, Float32, ClimaCore.Geometry.Tensor{2, Float32, Tuple{ClimaCore.Geometry.Components{ClimaCore.Geometry.Orthonormal, (1, 2, 3)}, ClimaCore.Geometry.Components{ClimaCore.Geometry.Covariant, (1, 2, 3)}}, StaticArraysCore.SMatrix{3, 3, Float32, 9}}, ClimaCore.Geometry.Tensor{2, Float32, Tuple{ClimaCore.Geometry.Components{ClimaCore.Geometry.Contravariant, (1, 2, 3)}, ClimaCore.Geometry.Components{ClimaCore.Geometry.Contravariant, (1, 2, 3)}}, StaticArraysCore.SMatrix{3, 3, Float32, 9}}}, 91, Matrix{Float32}}}, ClimaCore.Grids.CellCenter}}, ᶜp::ClimaCore.Fields.Field{ClimaCore.DataLayouts.VF{Float32, 90, Matrix{Float32}}, ClimaCore.Spaces.FiniteDifferenceSpace{ClimaCore.Grids.FiniteDifferenceGrid{ClimaCore.Topologies.IntervalTopology{ClimaComms.SingletonCommsContext{ClimaComms.CPUSingleThreaded}, ClimaCore.Meshes.IntervalMesh{ClimaCore.Meshes.Uniform, ClimaCore.Domains.IntervalDomain{ClimaCore.Geometry.ZPoint{Float32}, Tuple{Symbol, Symbol}}, LinRange{ClimaCore.Geometry.ZPoint{Float32}, Int64}, Nothing}, @NamedTuple{bottom::Int64, top::Int64}}, ClimaCore.Geometry.CartesianGlobalGeometry, ClimaCore.DataLayouts.VF{ClimaCore.Geometry.LocalGeometry{(3,), ClimaCore.Geometry.ZPoint{Float32}, Float32, ClimaCore.Geometry.Tensor{2, Float32, Tuple{ClimaCore.Geometry.Components{ClimaCore.Geometry.Orthonormal, (1, 2, 3)}, ClimaCore.Geometry.Components{ClimaCore.Geometry.Covariant, (1, 2, 3)}}, StaticArraysCore.SMatrix{3, 3, Float32, 9}}, ClimaCore.Geometry.Tensor{2, Float32, Tuple{ClimaCore.Geometry.Components{ClimaCore.Geometry.Contravariant, (1, 2, 3)}, ClimaCore.Geometry.Components{ClimaCore.Geometry.Contravariant, (1, 2, 3)}}, StaticArraysCore.SMatrix{3, 3, Float32, 9}}}, 90, Matrix{Float32}}, ClimaCore.DataLayouts.VF{ClimaCore.Geometry.LocalGeometry{(3,), ClimaCore.Geometry.ZPoint{Float32}, Float32, ClimaCore.Geometry.Tensor{2, Float32, Tuple{ClimaCore.Geometry.Components{ClimaCore.Geometry.Orthonormal, (1, 2, 3)}, ClimaCore.Geometry.Components{ClimaCore.Geometry.Covariant, (1, 2, 3)}}, StaticArraysCore.SMatrix{3, 3, Float32, 9}}, ClimaCore.Geometry.Tensor{2, Float32, Tuple{ClimaCore.Geometry.Components{ClimaCore.Geometry.Contravariant, (1, 2, 3)}, ClimaCore.Geometry.Components{ClimaCore.Geometry.Contravariant, (1, 2, 3)}}, StaticArraysCore.SMatrix{3, 3, Float32, 9}}}, 91, Matrix{Float32}}}, ClimaCore.Grids.CellCenter}}, ᶜq_tot_nonneg::ClimaCore.Fields.Field{ClimaCore.DataLayouts.VF{Float32, 90, Matrix{Float32}}, ClimaCore.Spaces.FiniteDifferenceSpace{ClimaCore.Grids.FiniteDifferenceGrid{ClimaCore.Topologies.IntervalTopology{ClimaComms.SingletonCommsContext{ClimaComms.CPUSingleThreaded}, ClimaCore.Meshes.IntervalMesh{ClimaCore.Meshes.Uniform, ClimaCore.Domains.IntervalDomain{ClimaCore.Geometry.ZPoint{Float32}, Tuple{Symbol, Symbol}}, LinRange{ClimaCore.Geometry.ZPoint{Float32}, Int64}, Nothing}, @NamedTuple{bottom::Int64, top::Int64}}, ClimaCore.Geometry.CartesianGlobalGeometry, ClimaCore.DataLayouts.VF{ClimaCore.Geometry.LocalGeometry{(3,), ClimaCore.Geometry.ZPoint{Float32}, Float32, ClimaCore.Geometry.Tensor{2, Float32, Tuple{ClimaCore.Geometry.Components{ClimaCore.Geometry.Orthonormal, (1, 2, 3)}, ClimaCore.Geometry.Components{ClimaCore.Geometry.Covariant, (1, 2, 3)}}, StaticArraysCore.SMatrix{3, 3, Float32, 9}}, ClimaCore.Geometry.Tensor{2, Float32, Tuple{ClimaCore.Geometry.Components{ClimaCore.Geometry.Contravariant, (1, 2, 3)}, ClimaCore.Geometry.Components{ClimaCore.Geometry.Contravariant, (1, 2, 3)}}, StaticArraysCore.SMatrix{3, 3, Float32, 9}}}, 90, Matrix{Float32}}, ClimaCore.DataLayouts.VF{ClimaCore.Geometry.LocalGeometry{(3,), ClimaCore.Geometry.ZPoint{Float32}, Float32, ClimaCore.Geometry.Tensor{2, Float32, Tuple{ClimaCore.Geometry.Components{ClimaCore.Geometry.Orthonormal, (1, 2, 3)}, ClimaCore.Geometry.Components{ClimaCore.Geometry.Covariant, (1, 2, 3)}}, StaticArraysCore.SMatrix{3, 3, Float32, 9}}, ClimaCore.Geometry.Tensor{2, Float32, Tuple{ClimaCore.Geometry.Components{ClimaCore.Geometry.Contravariant, (1, 2, 3)}, ClimaCore.Geometry.Components{ClimaCore.Geometry.Contravariant, (1, 2, 3)}}, StaticArraysCore.SMatrix{3, 3, Float32, 9}}}, 91, Matrix{Float32}}}, ClimaCore.Grids.CellCenter}}, ᶜq_liq::ClimaCore.Fields.Field{ClimaCore.DataLayouts.VF{Float32, 90, Matrix{Float32}}, ClimaCore.Spaces.FiniteDifferenceSpace{ClimaCore.Grids.FiniteDifferenceGrid{ClimaCore.Topologies.IntervalTopology{ClimaComms.SingletonCommsContext{ClimaComms.CPUSingleThreaded}, ClimaCore.Meshes.IntervalMesh{ClimaCore.Meshes.Uniform, ClimaCore.Domains.IntervalDomain{ClimaCore.Geometry.ZPoint{Float32}, Tuple{Symbol, Symbol}}, LinRange{ClimaCore.Geometry.ZPoint{Float32}, Int64}, Nothing}, @NamedTuple{bottom::Int64, top::Int64}}, ClimaCore.Geometry.CartesianGlobalGeometry, ClimaCore.DataLayouts.VF{ClimaCore.Geometry.LocalGeometry{(3,), ClimaCore.Geometry.ZPoint{Float32}, Float32, ClimaCore.Geometry.Tensor{2, Float32, Tuple{ClimaCore.Geometry.Components{ClimaCore.Geometry.Orthonormal, (1, 2, 3)}, ClimaCore.Geometry.Components{ClimaCore.Geometry.Covariant, (1, 2, 3)}}, StaticArraysCore.SMatrix{3, 3, Float32, 9}}, ClimaCore.Geometry.Tensor{2, Float32, Tuple{ClimaCore.Geometry.Components{ClimaCore.Geometry.Contravariant, (1, 2, 3)}, ClimaCore.Geometry.Components{ClimaCore.Geometry.Contravariant, (1, 2, 3)}}, StaticArraysCore.SMatrix{3, 3, Float32, 9}}}, 90, Matrix{Float32}}, ClimaCore.DataLayouts.VF{ClimaCore.Geometry.LocalGeometry{(3,), ClimaCore.Geometry.ZPoint{Float32}, Float32, ClimaCore.Geometry.Tensor{2, Float32, Tuple{ClimaCore.Geometry.Components{ClimaCore.Geometry.Orthonormal, (1, 2, 3)}, ClimaCore.Geometry.Components{ClimaCore.Geometry.Covariant, (1, 2, 3)}}, StaticArraysCore.SMatrix{3, 3, Float32, 9}}, ClimaCore.Geometry.Tensor{2, Float32, Tuple{ClimaCore.Geometry.Components{ClimaCore.Geometry.Contravariant, (1, 2, 3)}, ClimaCore.Geometry.Components{ClimaCore.Geometry.Contravariant, (1, 2, 3)}}, StaticArraysCore.SMatrix{3, 3, Float32, 9}}}, 91, Matrix{Float32}}}, ClimaCore.Grids.CellCenter}}, ᶜq_ice::ClimaCore.Fields.Field{ClimaCore.DataLayouts.VF{Float32, 90, Matrix{Float32}}, ClimaCore.Spaces.FiniteDifferenceSpace{ClimaCore.Grids.FiniteDifferenceGrid{ClimaCore.Topologies.IntervalTopology{ClimaComms.SingletonCommsContext{ClimaComms.CPUSingleThreaded}, ClimaCore.Meshes.IntervalMesh{ClimaCore.Meshes.Uniform, ClimaCore.Domains.IntervalDomain{ClimaCore.Geometry.ZPoint{Float32}, Tuple{Symbol, Symbol}}, LinRange{ClimaCore.Geometry.ZPoint{Float32}, Int64}, Nothing}, @NamedTuple{bottom::Int64, top::Int64}}, ClimaCore.Geometry.CartesianGlobalGeometry, ClimaCore.DataLayouts.VF{ClimaCore.Geometry.LocalGeometry{(3,), ClimaCore.Geometry.ZPoint{Float32}, Float32, ClimaCore.Geometry.Tensor{2, Float32, Tuple{ClimaCore.Geometry.Components{ClimaCore.Geometry.Orthonormal, (1, 2, 3)}, ClimaCore.Geometry.Components{ClimaCore.Geometry.Covariant, (1, 2, 3)}}, StaticArraysCore.SMatrix{3, 3, Float32, 9}}, ClimaCore.Geometry.Tensor{2, Float32, Tuple{ClimaCore.Geometry.Components{ClimaCore.Geometry.Contravariant, (1, 2, 3)}, ClimaCore.Geometry.Components{ClimaCore.Geometry.Contravariant, (1, 2, 3)}}, StaticArraysCore.SMatrix{3, 3, Float32, 9}}}, 90, Matrix{Float32}}, ClimaCore.DataLayouts.VF{ClimaCore.Geometry.LocalGeometry{(3,), ClimaCore.Geometry.ZPoint{Float32}, Float32, ClimaCore.Geometry.Tensor{2, Float32, Tuple{ClimaCore.Geometry.Components{ClimaCore.Geometry.Orthonormal, (1, 2, 3)}, ClimaCore.Geometry.Components{ClimaCore.Geometry.Covariant, (1, 2, 3)}}, StaticArraysCore.SMatrix{3, 3, Float32, 9}}, ClimaCore.Geometry.Tensor{2, Float32, Tuple{ClimaCore.Geometry.Components{ClimaCore.Geometry.Contravariant, (1, 2, 3)}, ClimaCore.Geometry.Components{ClimaCore.Geometry.Contravariant, (1, 2, 3)}}, StaticArraysCore.SMatrix{3, 3, Float32, 9}}}, 91, Matrix{Float32}}}, ClimaCore.Grids.CellCenter}}, ᶠu₃⁰::ClimaCore.Fields.Field{ClimaCore.DataLayouts.VF{ClimaCore.Geometry.Covariant3Vector{Float32}, 91, Matrix{Float32}}, ClimaCore.Spaces.FiniteDifferenceSpace{ClimaCore.Grids.FiniteDifferenceGrid{ClimaCore.Topologies.IntervalTopology{ClimaComms.SingletonCommsContext{ClimaComms.CPUSingleThreaded}, ClimaCore.Meshes.IntervalMesh{ClimaCore.Meshes.Uniform, ClimaCore.Domains.IntervalDomain{ClimaCore.Geometry.ZPoint{Float32}, Tuple{Symbol, Symbol}}, LinRange{ClimaCore.Geometry.ZPoint{Float32}, Int64}, Nothing}, @NamedTuple{bottom::Int64, top::Int64}}, ClimaCore.Geometry.CartesianGlobalGeometry, ClimaCore.DataLayouts.VF{ClimaCore.Geometry.LocalGeometry{(3,), ClimaCore.Geometry.ZPoint{Float32}, Float32, ClimaCore.Geometry.Tensor{2, Float32, Tuple{ClimaCore.Geometry.Components{ClimaCore.Geometry.Orthonormal, (1, 2, 3)}, ClimaCore.Geometry.Components{ClimaCore.Geometry.Covariant, (1, 2, 3)}}, StaticArraysCore.SMatrix{3, 3, Float32, 9}}, ClimaCore.Geometry.Tensor{2, Float32, Tuple{ClimaCore.Geometry.Components{ClimaCore.Geometry.Contravariant, (1, 2, 3)}, ClimaCore.Geometry.Components{ClimaCore.Geometry.Contravariant, (1, 2, 3)}}, StaticArraysCore.SMatrix{3, 3, Float32, 9}}}, 90, Matrix{Float32}}, ClimaCore.DataLayouts.VF{ClimaCore.Geometry.LocalGeometry{(3,), ClimaCore.Geometry.ZPoint{Float32}, Float32, ClimaCore.Geometry.Tensor{2, Float32, Tuple{ClimaCore.Geometry.Components{ClimaCore.Geometry.Orthonormal, (1, 2, 3)}, ClimaCore.Geometry.Components{ClimaCore.Geometry.Covariant, (1, 2, 3)}}, StaticArraysCore.SMatrix{3, 3, Float32, 9}}, ClimaCore.Geometry.Tensor{2, Float32, Tuple{ClimaCore.Geometry.Components{ClimaCore.Geometry.Contravariant, (1, 2, 3)}, ClimaCore.Geometry.Components{ClimaCore.Geometry.Contravariant, (1, 2, 3)}}, StaticArraysCore.SMatrix{3, 3, Float32, 9}}}, 91, Matrix{Float32}}}, ClimaCore.Grids.CellFace}}, ᶜu⁰::ClimaCore.Fields.Field{ClimaCore.DataLayouts.VF{ClimaCore.Geometry.Covariant123Vector{Float32}, 90, Matrix{Float32}}, ClimaCore.Spaces.FiniteDifferenceSpace{ClimaCore.Grids.FiniteDifferenceGrid{ClimaCore.Topologies.IntervalTopology{ClimaComms.SingletonCommsContext{ClimaComms.CPUSingleThreaded}, ClimaCore.Meshes.IntervalMesh{ClimaCore.Meshes.Uniform, ClimaCore.Domains.IntervalDomain{ClimaCore.Geometry.ZPoint{Float32}, Tuple{Symbol, Symbol}}, LinRange{ClimaCore.Geometry.ZPoint{Float32}, Int64}, Nothing}, @NamedTuple{bottom::Int64, top::Int64}}, ClimaCore.Geometry.CartesianGlobalGeometry, ClimaCore.DataLayouts.VF{ClimaCore.Geometry.LocalGeometry{(3,), ClimaCore.Geometry.ZPoint{Float32}, Float32, ClimaCore.Geometry.Tensor{2, Float32, Tuple{ClimaCore.Geometry.Components{ClimaCore.Geometry.Orthonormal, (1, 2, 3)}, ClimaCore.Geometry.Components{ClimaCore.Geometry.Covariant, (1, 2, 3)}}, StaticArraysCore.SMatrix{3, 3, Float32, 9}}, ClimaCore.Geometry.Tensor{2, Float32, Tuple{ClimaCore.Geometry.Components{ClimaCore.Geometry.Contravariant, (1, 2, 3)}, ClimaCore.Geometry.Components{ClimaCore.Geometry.Contravariant, (1, 2, 3)}}, StaticArraysCore.SMatrix{3, 3, Float32, 9}}}, 90, Matrix{Float32}}, ClimaCore.DataLayouts.VF{ClimaCore.Geometry.LocalGeometry{(3,), ClimaCore.Geometry.ZPoint{Float32}, Float32, ClimaCore.Geometry.Tensor{2, Float32, Tuple{ClimaCore.Geometry.Components{ClimaCore.Geometry.Orthonormal, (1, 2, 3)}, ClimaCore.Geometry.Components{ClimaCore.Geometry.Covariant, (1, 2, 3)}}, StaticArraysCore.SMatrix{3, 3, Float32, 9}}, ClimaCore.Geometry.Tensor{2, Float32, Tuple{ClimaCore.Geometry.Components{ClimaCore.Geometry.Contravariant, (1, 2, 3)}, ClimaCore.Geometry.Components{ClimaCore.Geometry.Contravariant, (1, 2, 3)}}, StaticArraysCore.SMatrix{3, 3, Float32, 9}}}, 91, Matrix{Float32}}}, ClimaCore.Grids.CellCenter}}, ᶠu³⁰::ClimaCore.Fields.Field{ClimaCore.DataLayouts.VF{ClimaCore.Geometry.Contravariant3Vector{Float32}, 91, Matrix{Float32}}, ClimaCore.Spaces.FiniteDifferenceSpace{ClimaCore.Grids.FiniteDifferenceGrid{ClimaCore.Topologies.IntervalTopology{ClimaComms.SingletonCommsContext{ClimaComms.CPUSingleThreaded}, ClimaCore.Meshes.IntervalMesh{ClimaCore.Meshes.Uniform, ClimaCore.Domains.IntervalDomain{ClimaCore.Geometry.ZPoint{Float32}, Tuple{Symbol, Symbol}}, LinRange{ClimaCore.Geometry.ZPoint{Float32}, Int64}, Nothing}, @NamedTuple{bottom::Int64, top::Int64}}, ClimaCore.Geometry.CartesianGlobalGeometry, ClimaCore.DataLayouts.VF{ClimaCore.Geometry.LocalGeometry{(3,), ClimaCore.Geometry.ZPoint{Float32}, Float32, ClimaCore.Geometry.Tensor{2, Float32, Tuple{ClimaCore.Geometry.Components{ClimaCore.Geometry.Orthonormal, (1, 2, 3)}, ClimaCore.Geometry.Components{ClimaCore.Geometry.Covariant, (1, 2, 3)}}, StaticArraysCore.SMatrix{3, 3, Float32, 9}}, ClimaCore.Geometry.Tensor{2, Float32, Tuple{ClimaCore.Geometry.Components{ClimaCore.Geometry.Contravariant, (1, 2, 3)}, ClimaCore.Geometry.Components{ClimaCore.Geometry.Contravariant, (1, 2, 3)}}, StaticArraysCore.SMatrix{3, 3, Float32, 9}}}, 90, Matrix{Float32}}, ClimaCore.DataLayouts.VF{ClimaCore.Geometry.LocalGeometry{(3,), ClimaCore.Geometry.ZPoint{Float32}, Float32, ClimaCore.Geometry.Tensor{2, Float32, Tuple{ClimaCore.Geometry.Components{ClimaCore.Geometry.Orthonormal, (1, 2, 3)}, ClimaCore.Geometry.Components{ClimaCore.Geometry.Covariant, (1, 2, 3)}}, StaticArraysCore.SMatrix{3, 3, Float32, 9}}, ClimaCore.Geometry.Tensor{2, Float32, Tuple{ClimaCore.Geometry.Components{ClimaCore.Geometry.Contravariant, (1, 2, 3)}, ClimaCore.Geometry.Components{ClimaCore.Geometry.Contravariant, (1, 2, 3)}}, StaticArraysCore.SMatrix{3, 3, Float32, 9}}}, 91, Matrix{Float32}}}, ClimaCore.Grids.CellFace}}, ᶜK⁰::ClimaCore.Fields.Field{ClimaCore.DataLayouts.VF{Float32, 90, Matrix{Float32}}, ClimaCore.Spaces.FiniteDifferenceSpace{ClimaCore.Grids.FiniteDifferenceGrid{ClimaCore.Topologies.IntervalTopology{ClimaComms.SingletonCommsContext{ClimaComms.CPUSingleThreaded}, ClimaCore.Meshes.IntervalMesh{ClimaCore.Meshes.Uniform, ClimaCore.Domains.IntervalDomain{ClimaCore.Geometry.ZPoint{Float32}, Tuple{Symbol, Symbol}}, LinRange{ClimaCore.Geometry.ZPoint{Float32}, Int64}, Nothing}, @NamedTuple{bottom::Int64, top::Int64}}, ClimaCore.Geometry.CartesianGlobalGeometry, ClimaCore.DataLayouts.VF{ClimaCore.Geometry.LocalGeometry{(3,), ClimaCore.Geometry.ZPoint{Float32}, Float32, ClimaCore.Geometry.Tensor{2, Float32, Tuple{ClimaCore.Geometry.Components{ClimaCore.Geometry.Orthonormal, (1, 2, 3)}, ClimaCore.Geometry.Components{ClimaCore.Geometry.Covariant, (1, 2, 3)}}, StaticArraysCore.SMatrix{3, 3, Float32, 9}}, ClimaCore.Geometry.Tensor{2, Float32, Tuple{ClimaCore.Geometry.Components{ClimaCore.Geometry.Contravariant, (1, 2, 3)}, ClimaCore.Geometry.Components{ClimaCore.Geometry.Contravariant, (1, 2, 3)}}, StaticArraysCore.SMatrix{3, 3, Float32, 9}}}, 90, Matrix{Float32}}, ClimaCore.DataLayouts.VF{ClimaCore.Geometry.LocalGeometry{(3,), ClimaCore.Geometry.ZPoint{Float32}, Float32, ClimaCore.Geometry.Tensor{2, Float32, Tuple{ClimaCore.Geometry.Components{ClimaCore.Geometry.Orthonormal, (1, 2, 3)}, ClimaCore.Geometry.Components{ClimaCore.Geometry.Covariant, (1, 2, 3)}}, StaticArraysCore.SMatrix{3, 3, Float32, 9}}, ClimaCore.Geometry.Tensor{2, Float32, Tuple{ClimaCore.Geometry.Components{ClimaCore.Geometry.Contravariant, (1, 2, 3)}, ClimaCore.Geometry.Components{ClimaCore.Geometry.Contravariant, (1, 2, 3)}}, StaticArraysCore.SMatrix{3, 3, Float32, 9}}}, 91, Matrix{Float32}}}, ClimaCore.Grids.CellCenter}}, ᶜT⁰::ClimaCore.Fields.Field{ClimaCore.DataLayouts.VF{Float32, 90, Matrix{Float32}}, ClimaCore.Spaces.FiniteDifferenceSpace{ClimaCore.Grids.FiniteDifferenceGrid{ClimaCore.Topologies.IntervalTopology{ClimaComms.SingletonCommsContext{ClimaComms.CPUSingleThreaded}, ClimaCore.Meshes.IntervalMesh{ClimaCore.Meshes.Uniform, ClimaCore.Domains.IntervalDomain{ClimaCore.Geometry.ZPoint{Float32}, Tuple{Symbol, Symbol}}, LinRange{ClimaCore.Geometry.ZPoint{Float32}, Int64}, Nothing}, @NamedTuple{bottom::Int64, top::Int64}}, ClimaCore.Geometry.CartesianGlobalGeometry, ClimaCore.DataLayouts.VF{ClimaCore.Geometry.LocalGeometry{(3,), ClimaCore.Geometry.ZPoint{Float32}, Float32, ClimaCore.Geometry.Tensor{2, Float32, Tuple{ClimaCore.Geometry.Components{ClimaCore.Geometry.Orthonormal, (1, 2, 3)}, ClimaCore.Geometry.Components{ClimaCore.Geometry.Covariant, (1, 2, 3)}}, StaticArraysCore.SMatrix{3, 3, Float32, 9}}, ClimaCore.Geometry.Tensor{2, Float32, Tuple{ClimaCore.Geometry.Components{ClimaCore.Geometry.Contravariant, (1, 2, 3)}, ClimaCore.Geometry.Components{ClimaCore.Geometry.Contravariant, (1, 2, 3)}}, StaticArraysCore.SMatrix{3, 3, Float32, 9}}}, 90, Matrix{Float32}}, ClimaCore.DataLayouts.VF{ClimaCore.Geometry.LocalGeometry{(3,), ClimaCore.Geometry.ZPoint{Float32}, Float32, ClimaCore.Geometry.Tensor{2, Float32, Tuple{ClimaCore.Geometry.Components{ClimaCore.Geometry.Orthonormal, (1, 2, 3)}, ClimaCore.Geometry.Components{ClimaCore.Geometry.Covariant, (1, 2, 3)}}, StaticArraysCore.SMatrix{3, 3, Float32, 9}}, ClimaCore.Geometry.Tensor{2, Float32, Tuple{ClimaCore.Geometry.Components{ClimaCore.Geometry.Contravariant, (1, 2, 3)}, ClimaCore.Geometry.Components{ClimaCore.Geometry.Contravariant, (1, 2, 3)}}, StaticArraysCore.SMatrix{3, 3, Float32, 9}}}, 91, Matrix{Float32}}}, ClimaCore.Grids.CellCenter}}, ᶜq_tot_nonneg⁰::ClimaCore.Fields.Field{ClimaCore.DataLayouts.VF{Float32, 90, Matrix{Float32}}, ClimaCore.Spaces.FiniteDifferenceSpace{ClimaCore.Grids.FiniteDifferenceGrid{ClimaCore.Topologies.IntervalTopology{ClimaComms.SingletonCommsContext{ClimaComms.CPUSingleThreaded}, ClimaCore.Meshes.IntervalMesh{ClimaCore.Meshes.Uniform, ClimaCore.Domains.IntervalDomain{ClimaCore.Geometry.ZPoint{Float32}, Tuple{Symbol, Symbol}}, LinRange{ClimaCore.Geometry.ZPoint{Float32}, Int64}, Nothing}, @NamedTuple{bottom::Int64, top::Int64}}, ClimaCore.Geometry.CartesianGlobalGeometry, ClimaCore.DataLayouts.VF{ClimaCore.Geometry.LocalGeometry{(3,), ClimaCore.Geometry.ZPoint{Float32}, Float32, ClimaCore.Geometry.Tensor{2, Float32, Tuple{ClimaCore.Geometry.Components{ClimaCore.Geometry.Orthonormal, (1, 2, 3)}, ClimaCore.Geometry.Components{ClimaCore.Geometry.Covariant, (1, 2, 3)}}, StaticArraysCore.SMatrix{3, 3, Float32, 9}}, ClimaCore.Geometry.Tensor{2, Float32, Tuple{ClimaCore.Geometry.Components{ClimaCore.Geometry.Contravariant, (1, 2, 3)}, ClimaCore.Geometry.Components{ClimaCore.Geometry.Contravariant, (1, 2, 3)}}, StaticArraysCore.SMatrix{3, 3, Float32, 9}}}, 90, Matrix{Float32}}, ClimaCore.DataLayouts.VF{ClimaCore.Geometry.LocalGeometry{(3,), ClimaCore.Geometry.ZPoint{Float32}, Float32, ClimaCore.Geometry.Tensor{2, Float32, Tuple{ClimaCore.Geometry.Components{ClimaCore.Geometry.Orthonormal, (1, 2, 3)}, ClimaCore.Geometry.Components{ClimaCore.Geometry.Covariant, (1, 2, 3)}}, StaticArraysCore.SMatrix{3, 3, Float32, 9}}, ClimaCore.Geometry.Tensor{2, Float32, Tuple{ClimaCore.Geometry.Components{ClimaCore.Geometry.Contravariant, (1, 2, 3)}, ClimaCore.Geometry.Components{ClimaCore.Geometry.Contravariant, (1, 2, 3)}}, StaticArraysCore.SMatrix{3, 3, Float32, 9}}}, 91, Matrix{Float32}}}, ClimaCore.Grids.CellCenter}}, ᶜq_liq⁰::ClimaCore.Fields.Field{ClimaCore.DataLayouts.VF{Float32, 90, Matrix{Float32}}, ClimaCore.Spaces.FiniteDifferenceSpace{ClimaCore.Grids.FiniteDifferenceGrid{ClimaCore.Topologies.IntervalTopology{ClimaComms.SingletonCommsContext{ClimaComms.CPUSingleThreaded}, ClimaCore.Meshes.IntervalMesh{ClimaCore.Meshes.Uniform, ClimaCore.Domains.IntervalDomain{ClimaCore.Geometry.ZPoint{Float32}, Tuple{Symbol, Symbol}}, LinRange{ClimaCore.Geometry.ZPoint{Float32}, Int64}, Nothing}, @NamedTuple{bottom::Int64, top::Int64}}, ClimaCore.Geometry.CartesianGlobalGeometry, ClimaCore.DataLayouts.VF{ClimaCore.Geometry.LocalGeometry{(3,), ClimaCore.Geometry.ZPoint{Float32}, Float32, ClimaCore.Geometry.Tensor{2, Float32, Tuple{ClimaCore.Geometry.Components{ClimaCore.Geometry.Orthonormal, (1, 2, 3)}, ClimaCore.Geometry.Components{ClimaCore.Geometry.Covariant, (1, 2, 3)}}, StaticArraysCore.SMatrix{3, 3, Float32, 9}}, ClimaCore.Geometry.Tensor{2, Float32, Tuple{ClimaCore.Geometry.Components{ClimaCore.Geometry.Contravariant, (1, 2, 3)}, ClimaCore.Geometry.Components{ClimaCore.Geometry.Contravariant, (1, 2, 3)}}, StaticArraysCore.SMatrix{3, 3, Float32, 9}}}, 90, Matrix{Float32}}, ClimaCore.DataLayouts.VF{ClimaCore.Geometry.LocalGeometry{(3,), ClimaCore.Geometry.ZPoint{Float32}, Float32, ClimaCore.Geometry.Tensor{2, Float32, Tuple{ClimaCore.Geometry.Components{ClimaCore.Geometry.Orthonormal, (1, 2, 3)}, ClimaCore.Geometry.Components{ClimaCore.Geometry.Covariant, (1, 2, 3)}}, StaticArraysCore.SMatrix{3, 3, Float32, 9}}, ClimaCore.Geometry.Tensor{2, Float32, Tuple{ClimaCore.Geometry.Components{ClimaCore.Geometry.Contravariant, (1, 2, 3)}, ClimaCore.Geometry.Components{ClimaCore.Geometry.Contravariant, (1, 2, 3)}}, StaticArraysCore.SMatrix{3, 3, Float32, 9}}}, 91, Matrix{Float32}}}, ClimaCore.Grids.CellCenter}}, ᶜq_ice⁰::ClimaCore.Fields.Field{ClimaCore.DataLayouts.VF{Float32, 90, Matrix{Float32}}, ClimaCore.Spaces.FiniteDifferenceSpace{ClimaCore.Grids.FiniteDifferenceGrid{ClimaCore.Topologies.IntervalTopology{ClimaComms.SingletonCommsContext{ClimaComms.CPUSingleThreaded}, ClimaCore.Meshes.IntervalMesh{ClimaCore.Meshes.Uniform, ClimaCore.Domains.IntervalDomain{ClimaCore.Geometry.ZPoint{Float32}, Tuple{Symbol, Symbol}}, LinRange{ClimaCore.Geometry.ZPoint{Float32}, Int64}, Nothing}, @NamedTuple{bottom::Int64, top::Int64}}, ClimaCore.Geometry.CartesianGlobalGeometry, ClimaCore.DataLayouts.VF{ClimaCore.Geometry.LocalGeometry{(3,), ClimaCore.Geometry.ZPoint{Float32}, Float32, ClimaCore.Geometry.Tensor{2, Float32, Tuple{ClimaCore.Geometry.Components{ClimaCore.Geometry.Orthonormal, (1, 2, 3)}, ClimaCore.Geometry.Components{ClimaCore.Geometry.Covariant, (1, 2, 3)}}, StaticArraysCore.SMatrix{3, 3, Float32, 9}}, ClimaCore.Geometry.Tensor{2, Float32, Tuple{ClimaCore.Geometry.Components{ClimaCore.Geometry.Contravariant, (1, 2, 3)}, ClimaCore.Geometry.Components{ClimaCore.Geometry.Contravariant, (1, 2, 3)}}, StaticArraysCore.SMatrix{3, 3, Float32, 9}}}, 90, Matrix{Float32}}, ClimaCore.DataLayouts.VF{ClimaCore.Geometry.LocalGeometry{(3,), ClimaCore.Geometry.ZPoint{Float32}, Float32, ClimaCore.Geometry.Tensor{2, Float32, Tuple{ClimaCore.Geometry.Components{ClimaCore.Geometry.Orthonormal, (1, 2, 3)}, ClimaCore.Geometry.Components{ClimaCore.Geometry.Covariant, (1, 2, 3)}}, StaticArraysCore.SMatrix{3, 3, Float32, 9}}, ClimaCore.Geometry.Tensor{2, Float32, Tuple{ClimaCore.Geometry.Components{ClimaCore.Geometry.Contravariant, (1, 2, 3)}, ClimaCore.Geometry.Components{ClimaCore.Geometry.Contravariant, (1, 2, 3)}}, StaticArraysCore.SMatrix{3, 3, Float32, 9}}}, 91, Matrix{Float32}}}, ClimaCore.Grids.CellCenter}}, ᶜuʲs::ClimaCore.Fields.Field{ClimaCore.DataLayouts.VF{Tuple{ClimaCore.Geometry.Covariant123Vector{Float32}}, 90, Matrix{Float32}}, ClimaCore.Spaces.FiniteDifferenceSpace{ClimaCore.Grids.FiniteDifferenceGrid{ClimaCore.Topologies.IntervalTopology{ClimaComms.SingletonCommsContext{ClimaComms.CPUSingleThreaded}, ClimaCore.Meshes.IntervalMesh{ClimaCore.Meshes.Uniform, ClimaCore.Domains.IntervalDomain{ClimaCore.Geometry.ZPoint{Float32}, Tuple{Symbol, Symbol}}, LinRange{ClimaCore.Geometry.ZPoint{Float32}, Int64}, Nothing}, @NamedTuple{bottom::Int64, top::Int64}}, ClimaCore.Geometry.CartesianGlobalGeometry, ClimaCore.DataLayouts.VF{ClimaCore.Geometry.LocalGeometry{(3,), ClimaCore.Geometry.ZPoint{Float32}, Float32, ClimaCore.Geometry.Tensor{2, Float32, Tuple{ClimaCore.Geometry.Components{ClimaCore.Geometry.Orthonormal, (1, 2, 3)}, ClimaCore.Geometry.Components{ClimaCore.Geometry.Covariant, (1, 2, 3)}}, StaticArraysCore.SMatrix{3, 3, Float32, 9}}, ClimaCore.Geometry.Tensor{2, Float32, Tuple{ClimaCore.Geometry.Components{ClimaCore.Geometry.Contravariant, (1, 2, 3)}, ClimaCore.Geometry.Components{ClimaCore.Geometry.Contravariant, (1, 2, 3)}}, StaticArraysCore.SMatrix{3, 3, Float32, 9}}}, 90, Matrix{Float32}}, ClimaCore.DataLayouts.VF{ClimaCore.Geometry.LocalGeometry{(3,), ClimaCore.Geometry.ZPoint{Float32}, Float32, ClimaCore.Geometry.Tensor{2, Float32, Tuple{ClimaCore.Geometry.Components{ClimaCore.Geometry.Orthonormal, (1, 2, 3)}, ClimaCore.Geometry.Components{ClimaCore.Geometry.Covariant, (1, 2, 3)}}, StaticArraysCore.SMatrix{3, 3, Float32, 9}}, ClimaCore.Geometry.Tensor{2, Float32, Tuple{ClimaCore.Geometry.Components{ClimaCore.Geometry.Contravariant, (1, 2, 3)}, ClimaCore.Geometry.Components{ClimaCore.Geometry.Contravariant, (1, 2, 3)}}, StaticArraysCore.SMatrix{3, 3, Float32, 9}}}, 91, Matrix{Float32}}}, ClimaCore.Grids.CellCenter}}, ᶠu³ʲs::ClimaCore.Fields.Field{ClimaCore.DataLayouts.VF{Tuple{ClimaCore.Geometry.Contravariant3Vector{Float32}}, 91, Matrix{Float32}}, ClimaCore.Spaces.FiniteDifferenceSpace{ClimaCore.Grids.FiniteDifferenceGrid{ClimaCore.Topologies.IntervalTopology{ClimaComms.SingletonCommsContext{ClimaComms.CPUSingleThreaded}, ClimaCore.Meshes.IntervalMesh{ClimaCore.Meshes.Uniform, ClimaCore.Domains.IntervalDomain{ClimaCore.Geometry.ZPoint{Float32}, Tuple{Symbol, Symbol}}, LinRange{ClimaCore.Geometry.ZPoint{Float32}, Int64}, Nothing}, @NamedTuple{bottom::Int64, top::Int64}}, ClimaCore.Geometry.CartesianGlobalGeometry, ClimaCore.DataLayouts.VF{ClimaCore.Geometry.LocalGeometry{(3,), ClimaCore.Geometry.ZPoint{Float32}, Float32, ClimaCore.Geometry.Tensor{2, Float32, Tuple{ClimaCore.Geometry.Components{ClimaCore.Geometry.Orthonormal, (1, 2, 3)}, ClimaCore.Geometry.Components{ClimaCore.Geometry.Covariant, (1, 2, 3)}}, StaticArraysCore.SMatrix{3, 3, Float32, 9}}, ClimaCore.Geometry.Tensor{2, Float32, Tuple{ClimaCore.Geometry.Components{ClimaCore.Geometry.Contravariant, (1, 2, 3)}, ClimaCore.Geometry.Components{ClimaCore.Geometry.Contravariant, (1, 2, 3)}}, StaticArraysCore.SMatrix{3, 3, Float32, 9}}}, 90, Matrix{Float32}}, ClimaCore.DataLayouts.VF{ClimaCore.Geometry.LocalGeometry{(3,), ClimaCore.Geometry.ZPoint{Float32}, Float32, ClimaCore.Geometry.Tensor{2, Float32, Tuple{ClimaCore.Geometry.Components{ClimaCore.Geometry.Orthonormal, (1, 2, 3)}, ClimaCore.Geometry.Components{ClimaCore.Geometry.Covariant, (1, 2, 3)}}, StaticArraysCore.SMatrix{3, 3, Float32, 9}}, ClimaCore.Geometry.Tensor{2, Float32, Tuple{ClimaCore.Geometry.Components{ClimaCore.Geometry.Contravariant, (1, 2, 3)}, ClimaCore.Geometry.Components{ClimaCore.Geometry.Contravariant, (1, 2, 3)}}, StaticArraysCore.SMatrix{3, 3, Float32, 9}}}, 91, Matrix{Float32}}}, ClimaCore.Grids.CellFace}}, ᶜKʲs::ClimaCore.Fields.Field{ClimaCore.DataLayouts.VF{Tuple{Float32}, 90, Matrix{Float32}}, ClimaCore.Spaces.FiniteDifferenceSpace{ClimaCore.Grids.FiniteDifferenceGrid{ClimaCore.Topologies.IntervalTopology{ClimaComms.SingletonCommsContext{ClimaComms.CPUSingleThreaded}, ClimaCore.Meshes.IntervalMesh{ClimaCore.Meshes.Uniform, ClimaCore.Domains.IntervalDomain{ClimaCore.Geometry.ZPoint{Float32}, Tuple{Symbol, Symbol}}, LinRange{ClimaCore.Geometry.ZPoint{Float32}, Int64}, Nothing}, @NamedTuple{bottom::Int64, top::Int64}}, ClimaCore.Geometry.CartesianGlobalGeometry, ClimaCore.DataLayouts.VF{ClimaCore.Geometry.LocalGeometry{(3,), ClimaCore.Geometry.ZPoint{Float32}, Float32, ClimaCore.Geometry.Tensor{2, Float32, Tuple{ClimaCore.Geometry.Components{ClimaCore.Geometry.Orthonormal, (1, 2, 3)}, ClimaCore.Geometry.Components{ClimaCore.Geometry.Covariant, (1, 2, 3)}}, StaticArraysCore.SMatrix{3, 3, Float32, 9}}, ClimaCore.Geometry.Tensor{2, Float32, Tuple{ClimaCore.Geometry.Components{ClimaCore.Geometry.Contravariant, (1, 2, 3)}, ClimaCore.Geometry.Components{ClimaCore.Geometry.Contravariant, (1, 2, 3)}}, StaticArraysCore.SMatrix{3, 3, Float32, 9}}}, 90, Matrix{Float32}}, ClimaCore.DataLayouts.VF{ClimaCore.Geometry.LocalGeometry{(3,), ClimaCore.Geometry.ZPoint{Float32}, Float32, ClimaCore.Geometry.Tensor{2, Float32, Tuple{ClimaCore.Geometry.Components{ClimaCore.Geometry.Orthonormal, (1, 2, 3)}, ClimaCore.Geometry.Components{ClimaCore.Geometry.Covariant, (1, 2, 3)}}, StaticArraysCore.SMatrix{3, 3, Float32, 9}}, ClimaCore.Geometry.Tensor{2, Float32, Tuple{ClimaCore.Geometry.Components{ClimaCore.Geometry.Contravariant, (1, 2, 3)}, ClimaCore.Geometry.Components{ClimaCore.Geometry.Contravariant, (1, 2, 3)}}, StaticArraysCore.SMatrix{3, 3, Float32, 9}}}, 91, Matrix{Float32}}}, ClimaCore.Grids.CellCenter}}, ᶠKᵥʲs::ClimaCore.Fields.Field{ClimaCore.DataLayouts.VF{Tuple{Float32}, 91, Matrix{Float32}}, ClimaCore.Spaces.FiniteDifferenceSpace{ClimaCore.Grids.FiniteDifferenceGrid{ClimaCore.Topologies.IntervalTopology{ClimaComms.SingletonCommsContext{ClimaComms.CPUSingleThreaded}, ClimaCore.Meshes.IntervalMesh{ClimaCore.Meshes.Uniform, ClimaCore.Domains.IntervalDomain{ClimaCore.Geometry.ZPoint{Float32}, Tuple{Symbol, Symbol}}, LinRange{ClimaCore.Geometry.ZPoint{Float32}, Int64}, Nothing}, @NamedTuple{bottom::Int64, top::Int64}}, ClimaCore.Geometry.CartesianGlobalGeometry, ClimaCore.DataLayouts.VF{ClimaCore.Geometry.LocalGeometry{(3,), ClimaCore.Geometry.ZPoint{Float32}, Float32, ClimaCore.Geometry.Tensor{2, Float32, Tuple{ClimaCore.Geometry.Components{ClimaCore.Geometry.Orthonormal, (1, 2, 3)}, ClimaCore.Geometry.Components{ClimaCore.Geometry.Covariant, (1, 2, 3)}}, StaticArraysCore.SMatrix{3, 3, Float32, 9}}, ClimaCore.Geometry.Tensor{2, Float32, Tuple{ClimaCore.Geometry.Components{ClimaCore.Geometry.Contravariant, (1, 2, 3)}, ClimaCore.Geometry.Components{ClimaCore.Geometry.Contravariant, (1, 2, 3)}}, StaticArraysCore.SMatrix{3, 3, Float32, 9}}}, 90, Matrix{Float32}}, ClimaCore.DataLayouts.VF{ClimaCore.Geometry.LocalGeometry{(3,), ClimaCore.Geometry.ZPoint{Float32}, Float32, ClimaCore.Geometry.Tensor{2, Float32, Tuple{ClimaCore.Geometry.Components{ClimaCore.Geometry.Orthonormal, (1, 2, 3)}, ClimaCore.Geometry.Components{ClimaCore.Geometry.Covariant, (1, 2, 3)}}, StaticArraysCore.SMatrix{3, 3, Float32, 9}}, ClimaCore.Geometry.Tensor{2, Float32, Tuple{ClimaCore.Geometry.Components{ClimaCore.Geometry.Contravariant, (1, 2, 3)}, ClimaCore.Geometry.Components{ClimaCore.Geometry.Contravariant, (1, 2, 3)}}, StaticArraysCore.SMatrix{3, 3, Float32, 9}}}, 91, Matrix{Float32}}}, ClimaCore.Grids.CellFace}}, ᶜTʲs::ClimaCore.Fields.Field{ClimaCore.DataLayouts.VF{Tuple{Float32}, 90, Matrix{Float32}}, ClimaCore.Spaces.FiniteDifferenceSpace{ClimaCore.Grids.FiniteDifferenceGrid{ClimaCore.Topologies.IntervalTopology{ClimaComms.SingletonCommsContext{ClimaComms.CPUSingleThreaded}, ClimaCore.Meshes.IntervalMesh{ClimaCore.Meshes.Uniform, ClimaCore.Domains.IntervalDomain{ClimaCore.Geometry.ZPoint{Float32}, Tuple{Symbol, Symbol}}, LinRange{ClimaCore.Geometry.ZPoint{Float32}, Int64}, Nothing}, @NamedTuple{bottom::Int64, top::Int64}}, ClimaCore.Geometry.CartesianGlobalGeometry, ClimaCore.DataLayouts.VF{ClimaCore.Geometry.LocalGeometry{(3,), ClimaCore.Geometry.ZPoint{Float32}, Float32, ClimaCore.Geometry.Tensor{2, Float32, Tuple{ClimaCore.Geometry.Components{ClimaCore.Geometry.Orthonormal, (1, 2, 3)}, ClimaCore.Geometry.Components{ClimaCore.Geometry.Covariant, (1, 2, 3)}}, StaticArraysCore.SMatrix{3, 3, Float32, 9}}, ClimaCore.Geometry.Tensor{2, Float32, Tuple{ClimaCore.Geometry.Components{ClimaCore.Geometry.Contravariant, (1, 2, 3)}, ClimaCore.Geometry.Components{ClimaCore.Geometry.Contravariant, (1, 2, 3)}}, StaticArraysCore.SMatrix{3, 3, Float32, 9}}}, 90, Matrix{Float32}}, ClimaCore.DataLayouts.VF{ClimaCore.Geometry.LocalGeometry{(3,), ClimaCore.Geometry.ZPoint{Float32}, Float32, ClimaCore.Geometry.Tensor{2, Float32, Tuple{ClimaCore.Geometry.Components{ClimaCore.Geometry.Orthonormal, (1, 2, 3)}, ClimaCore.Geometry.Components{ClimaCore.Geometry.Covariant, (1, 2, 3)}}, StaticArraysCore.SMatrix{3, 3, Float32, 9}}, ClimaCore.Geometry.Tensor{2, Float32, Tuple{ClimaCore.Geometry.Components{ClimaCore.Geometry.Contravariant, (1, 2, 3)}, ClimaCore.Geometry.Components{ClimaCore.Geometry.Contravariant, (1, 2, 3)}}, StaticArraysCore.SMatrix{3, 3, Float32, 9}}}, 91, Matrix{Float32}}}, ClimaCore.Grids.CellCenter}}, ᶜq_tot_nonnegʲs::ClimaCore.Fields.Field{ClimaCore.DataLayouts.VF{Tuple{Float32}, 90, Matrix{Float32}}, ClimaCore.Spaces.FiniteDifferenceSpace{ClimaCore.Grids.FiniteDifferenceGrid{ClimaCore.Topologies.IntervalTopology{ClimaComms.SingletonCommsContext{ClimaComms.CPUSingleThreaded}, ClimaCore.Meshes.IntervalMesh{ClimaCore.Meshes.Uniform, ClimaCore.Domains.IntervalDomain{ClimaCore.Geometry.ZPoint{Float32}, Tuple{Symbol, Symbol}}, LinRange{ClimaCore.Geometry.ZPoint{Float32}, Int64}, Nothing}, @NamedTuple{bottom::Int64, top::Int64}}, ClimaCore.Geometry.CartesianGlobalGeometry, ClimaCore.DataLayouts.VF{ClimaCore.Geometry.LocalGeometry{(3,), ClimaCore.Geometry.ZPoint{Float32}, Float32, ClimaCore.Geometry.Tensor{2, Float32, Tuple{ClimaCore.Geometry.Components{ClimaCore.Geometry.Orthonormal, (1, 2, 3)}, ClimaCore.Geometry.Components{ClimaCore.Geometry.Covariant, (1, 2, 3)}}, StaticArraysCore.SMatrix{3, 3, Float32, 9}}, ClimaCore.Geometry.Tensor{2, Float32, Tuple{ClimaCore.Geometry.Components{ClimaCore.Geometry.Contravariant, (1, 2, 3)}, ClimaCore.Geometry.Components{ClimaCore.Geometry.Contravariant, (1, 2, 3)}}, StaticArraysCore.SMatrix{3, 3, Float32, 9}}}, 90, Matrix{Float32}}, ClimaCore.DataLayouts.VF{ClimaCore.Geometry.LocalGeometry{(3,), ClimaCore.Geometry.ZPoint{Float32}, Float32, ClimaCore.Geometry.Tensor{2, Float32, Tuple{ClimaCore.Geometry.Components{ClimaCore.Geometry.Orthonormal, (1, 2, 3)}, ClimaCore.Geometry.Components{ClimaCore.Geometry.Covariant, (1, 2, 3)}}, StaticArraysCore.SMatrix{3, 3, Float32, 9}}, ClimaCore.Geometry.Tensor{2, Float32, Tuple{ClimaCore.Geometry.Components{ClimaCore.Geometry.Contravariant, (1, 2, 3)}, ClimaCore.Geometry.Components{ClimaCore.Geometry.Contravariant, (1, 2, 3)}}, StaticArraysCore.SMatrix{3, 3, Float32, 9}}}, 91, Matrix{Float32}}}, ClimaCore.Grids.CellCenter}}, ᶜq_liqʲs::ClimaCore.Fields.Field{ClimaCore.DataLayouts.VF{Tuple{Float32}, 90, Matrix{Float32}}, ClimaCore.Spaces.FiniteDifferenceSpace{ClimaCore.Grids.FiniteDifferenceGrid{ClimaCore.Topologies.IntervalTopology{ClimaComms.SingletonCommsContext{ClimaComms.CPUSingleThreaded}, ClimaCore.Meshes.IntervalMesh{ClimaCore.Meshes.Uniform, ClimaCore.Domains.IntervalDomain{ClimaCore.Geometry.ZPoint{Float32}, Tuple{Symbol, Symbol}}, LinRange{ClimaCore.Geometry.ZPoint{Float32}, Int64}, Nothing}, @NamedTuple{bottom::Int64, top::Int64}}, ClimaCore.Geometry.CartesianGlobalGeometry, ClimaCore.DataLayouts.VF{ClimaCore.Geometry.LocalGeometry{(3,), ClimaCore.Geometry.ZPoint{Float32}, Float32, ClimaCore.Geometry.Tensor{2, Float32, Tuple{ClimaCore.Geometry.Components{ClimaCore.Geometry.Orthonormal, (1, 2, 3)}, ClimaCore.Geometry.Components{ClimaCore.Geometry.Covariant, (1, 2, 3)}}, StaticArraysCore.SMatrix{3, 3, Float32, 9}}, ClimaCore.Geometry.Tensor{2, Float32, Tuple{ClimaCore.Geometry.Components{ClimaCore.Geometry.Contravariant, (1, 2, 3)}, ClimaCore.Geometry.Components{ClimaCore.Geometry.Contravariant, (1, 2, 3)}}, StaticArraysCore.SMatrix{3, 3, Float32, 9}}}, 90, Matrix{Float32}}, ClimaCore.DataLayouts.VF{ClimaCore.Geometry.LocalGeometry{(3,), ClimaCore.Geometry.ZPoint{Float32}, Float32, ClimaCore.Geometry.Tensor{2, Float32, Tuple{ClimaCore.Geometry.Components{ClimaCore.Geometry.Orthonormal, (1, 2, 3)}, ClimaCore.Geometry.Components{ClimaCore.Geometry.Covariant, (1, 2, 3)}}, StaticArraysCore.SMatrix{3, 3, Float32, 9}}, ClimaCore.Geometry.Tensor{2, Float32, Tuple{ClimaCore.Geometry.Components{ClimaCore.Geometry.Contravariant, (1, 2, 3)}, ClimaCore.Geometry.Components{ClimaCore.Geometry.Contravariant, (1, 2, 3)}}, StaticArraysCore.SMatrix{3, 3, Float32, 9}}}, 91, Matrix{Float32}}}, ClimaCore.Grids.CellCenter}}, ᶜq_iceʲs::ClimaCore.Fields.Field{ClimaCore.DataLayouts.VF{Tuple{Float32}, 90, Matrix{Float32}}, ClimaCore.Spaces.FiniteDifferenceSpace{ClimaCore.Grids.FiniteDifferenceGrid{ClimaCore.Topologies.IntervalTopology{ClimaComms.SingletonCommsContext{ClimaComms.CPUSingleThreaded}, ClimaCore.Meshes.IntervalMesh{ClimaCore.Meshes.Uniform, ClimaCore.Domains.IntervalDomain{ClimaCore.Geometry.ZPoint{Float32}, Tuple{Symbol, Symbol}}, LinRange{ClimaCore.Geometry.ZPoint{Float32}, Int64}, Nothing}, @NamedTuple{bottom::Int64, top::Int64}}, ClimaCore.Geometry.CartesianGlobalGeometry, ClimaCore.DataLayouts.VF{ClimaCore.Geometry.LocalGeometry{(3,), ClimaCore.Geometry.ZPoint{Float32}, Float32, ClimaCore.Geometry.Tensor{2, Float32, Tuple{ClimaCore.Geometry.Components{ClimaCore.Geometry.Orthonormal, (1, 2, 3)}, ClimaCore.Geometry.Components{ClimaCore.Geometry.Covariant, (1, 2, 3)}}, StaticArraysCore.SMatrix{3, 3, Float32, 9}}, ClimaCore.Geometry.Tensor{2, Float32, Tuple{ClimaCore.Geometry.Components{ClimaCore.Geometry.Contravariant, (1, 2, 3)}, ClimaCore.Geometry.Components{ClimaCore.Geometry.Contravariant, (1, 2, 3)}}, StaticArraysCore.SMatrix{3, 3, Float32, 9}}}, 90, Matrix{Float32}}, ClimaCore.DataLayouts.VF{ClimaCore.Geometry.LocalGeometry{(3,), ClimaCore.Geometry.ZPoint{Float32}, Float32, ClimaCore.Geometry.Tensor{2, Float32, Tuple{ClimaCore.Geometry.Components{ClimaCore.Geometry.Orthonormal, (1, 2, 3)}, ClimaCore.Geometry.Components{ClimaCore.Geometry.Covariant, (1, 2, 3)}}, StaticArraysCore.SMatrix{3, 3, Float32, 9}}, ClimaCore.Geometry.Tensor{2, Float32, Tuple{ClimaCore.Geometry.Components{ClimaCore.Geometry.Contravariant, (1, 2, 3)}, ClimaCore.Geometry.Components{ClimaCore.Geometry.Contravariant, (1, 2, 3)}}, StaticArraysCore.SMatrix{3, 3, Float32, 9}}}, 91, Matrix{Float32}}}, ClimaCore.Grids.CellCenter}}, ᶜρʲs::ClimaCore.Fields.Field{ClimaCore.DataLayouts.VF{Tuple{Float32}, 90, Matrix{Float32}}, ClimaCore.Spaces.FiniteDifferenceSpace{ClimaCore.Grids.FiniteDifferenceGrid{ClimaCore.Topologies.IntervalTopology{ClimaComms.SingletonCommsContext{ClimaComms.CPUSingleThreaded}, ClimaCore.Meshes.IntervalMesh{ClimaCore.Meshes.Uniform, ClimaCore.Domains.IntervalDomain{ClimaCore.Geometry.ZPoint{Float32}, Tuple{Symbol, Symbol}}, LinRange{ClimaCore.Geometry.ZPoint{Float32}, Int64}, Nothing}, @NamedTuple{bottom::Int64, top::Int64}}, ClimaCore.Geometry.CartesianGlobalGeometry, ClimaCore.DataLayouts.VF{ClimaCore.Geometry.LocalGeometry{(3,), ClimaCore.Geometry.ZPoint{Float32}, Float32, ClimaCore.Geometry.Tensor{2, Float32, Tuple{ClimaCore.Geometry.Components{ClimaCore.Geometry.Orthonormal, (1, 2, 3)}, ClimaCore.Geometry.Components{ClimaCore.Geometry.Covariant, (1, 2, 3)}}, StaticArraysCore.SMatrix{3, 3, Float32, 9}}, ClimaCore.Geometry.Tensor{2, Float32, Tuple{ClimaCore.Geometry.Components{ClimaCore.Geometry.Contravariant, (1, 2, 3)}, ClimaCore.Geometry.Components{ClimaCore.Geometry.Contravariant, (1, 2, 3)}}, StaticArraysCore.SMatrix{3, 3, Float32, 9}}}, 90, Matrix{Float32}}, ClimaCore.DataLayouts.VF{ClimaCore.Geometry.LocalGeometry{(3,), ClimaCore.Geometry.ZPoint{Float32}, Float32, ClimaCore.Geometry.Tensor{2, Float32, Tuple{ClimaCore.Geometry.Components{ClimaCore.Geometry.Orthonormal, (1, 2, 3)}, ClimaCore.Geometry.Components{ClimaCore.Geometry.Covariant, (1, 2, 3)}}, StaticArraysCore.SMatrix{3, 3, Float32, 9}}, ClimaCore.Geometry.Tensor{2, Float32, Tuple{ClimaCore.Geometry.Components{ClimaCore.Geometry.Contravariant, (1, 2, 3)}, ClimaCore.Geometry.Components{ClimaCore.Geometry.Contravariant, (1, 2, 3)}}, StaticArraysCore.SMatrix{3, 3, Float32, 9}}}, 91, Matrix{Float32}}}, ClimaCore.Grids.CellCenter}}, surface_rain_flux::ClimaCore.Fields.Field{ClimaCore.DataLayouts.DataF{Float32, Vector{Float32}}, ClimaCore.Spaces.PointSpace{ClimaComms.SingletonCommsContext{ClimaComms.CPUSingleThreaded}, ClimaCore.DataLayouts.DataF{ClimaCore.Geometry.LocalGeometry{(3,), ClimaCore.Geometry.ZPoint{Float32}, Float32, ClimaCore.Geometry.Tensor{2, Float32, Tuple{ClimaCore.Geometry.Components{ClimaCore.Geometry.Orthonormal, (1, 2, 3)}, ClimaCore.Geometry.Components{ClimaCore.Geometry.Covariant, (1, 2, 3)}}, StaticArraysCore.SMatrix{3, 3, Float32, 9}}, ClimaCore.Geometry.Tensor{2, Float32, Tuple{ClimaCore.Geometry.Components{ClimaCore.Geometry.Contravariant, (1, 2, 3)}, ClimaCore.Geometry.Components{ClimaCore.Geometry.Contravariant, (1, 2, 3)}}, StaticArraysCore.SMatrix{3, 3, Float32, 9}}}, SubArray{Float32, 1, Matrix{Float32}, Tuple{Int64, Base.Slice{Base.OneTo{Int64}}}, true}}}}, surface_snow_flux::ClimaCore.Fields.Field{ClimaCore.DataLayouts.DataF{Float32, Vector{Float32}}, ClimaCore.Spaces.PointSpace{ClimaComms.SingletonCommsContext{ClimaComms.CPUSingleThreaded}, ClimaCore.DataLayouts.DataF{ClimaCore.Geometry.LocalGeometry{(3,), ClimaCore.Geometry.ZPoint{Float32}, Float32, ClimaCore.Geometry.Tensor{2, Float32, Tuple{ClimaCore.Geometry.Components{ClimaCore.Geometry.Orthonormal, (1, 2, 3)}, ClimaCore.Geometry.Components{ClimaCore.Geometry.Covariant, (1, 2, 3)}}, StaticArraysCore.SMatrix{3, 3, Float32, 9}}, ClimaCore.Geometry.Tensor{2, Float32, Tuple{ClimaCore.Geometry.Components{ClimaCore.Geometry.Contravariant, (1, 2, 3)}, ClimaCore.Geometry.Components{ClimaCore.Geometry.Contravariant, (1, 2, 3)}}, StaticArraysCore.SMatrix{3, 3, Float32, 9}}}, SubArray{Float32, 1, Matrix{Float32}, Tuple{Int64, Base.Slice{Base.OneTo{Int64}}}, true}}}}, col_integrated_precip_energy_tendency::ClimaCore.Fields.Field{ClimaCore.DataLayouts.DataF{Float32, Vector{Float32}}, ClimaCore.Spaces.PointSpace{ClimaComms.SingletonCommsContext{ClimaComms.CPUSingleThreaded}, ClimaCore.DataLayouts.DataF{ClimaCore.Geometry.LocalGeometry{(3,), ClimaCore.Geometry.ZPoint{Float32}, Float32, ClimaCore.Geometry.Tensor{2, Float32, Tuple{ClimaCore.Geometry.Components{ClimaCore.Geometry.Orthonormal, (1, 2, 3)}, ClimaCore.Geometry.Components{ClimaCore.Geometry.Covariant, (1, 2, 3)}}, StaticArraysCore.SMatrix{3, 3, Float32, 9}}, ClimaCore.Geometry.Tensor{2, Float32, Tuple{ClimaCore.Geometry.Components{ClimaCore.Geometry.Contravariant, (1, 2, 3)}, ClimaCore.Geometry.Components{ClimaCore.Geometry.Contravariant, (1, 2, 3)}}, StaticArraysCore.SMatrix{3, 3, Float32, 9}}}, SubArray{Float32, 1, Matrix{Float32}, Tuple{Int64, Base.Slice{Base.OneTo{Int64}}}, true}}}}, ᶜwₜqₜ::ClimaCore.Fields.Field{ClimaCore.DataLayouts.VF{ClimaCore.Geometry.WVector{Float32}, 90, Matrix{Float32}}, ClimaCore.Spaces.FiniteDifferenceSpace{ClimaCore.Grids.FiniteDifferenceGrid{ClimaCore.Topologies.IntervalTopology{ClimaComms.SingletonCommsContext{ClimaComms.CPUSingleThreaded}, ClimaCore.Meshes.IntervalMesh{ClimaCore.Meshes.Uniform, ClimaCore.Domains.IntervalDomain{ClimaCore.Geometry.ZPoint{Float32}, Tuple{Symbol, Symbol}}, LinRange{ClimaCore.Geometry.ZPoint{Float32}, Int64}, Nothing}, @NamedTuple{bottom::Int64, top::Int64}}, ClimaCore.Geometry.CartesianGlobalGeometry, ClimaCore.DataLayouts.VF{ClimaCore.Geometry.LocalGeometry{(3,), ClimaCore.Geometry.ZPoint{Float32}, Float32, ClimaCore.Geometry.Tensor{2, Float32, Tuple{ClimaCore.Geometry.Components{ClimaCore.Geometry.Orthonormal, (1, 2, 3)}, ClimaCore.Geometry.Components{ClimaCore.Geometry.Covariant, (1, 2, 3)}}, StaticArraysCore.SMatrix{3, 3, Float32, 9}}, ClimaCore.Geometry.Tensor{2, Float32, Tuple{ClimaCore.Geometry.Components{ClimaCore.Geometry.Contravariant, (1, 2, 3)}, ClimaCore.Geometry.Components{ClimaCore.Geometry.Contravariant, (1, 2, 3)}}, StaticArraysCore.SMatrix{3, 3, Float32, 9}}}, 90, Matrix{Float32}}, ClimaCore.DataLayouts.VF{ClimaCore.Geometry.LocalGeometry{(3,), ClimaCore.Geometry.ZPoint{Float32}, Float32, ClimaCore.Geometry.Tensor{2, Float32, Tuple{ClimaCore.Geometry.Components{ClimaCore.Geometry.Orthonormal, (1, 2, 3)}, ClimaCore.Geometry.Components{ClimaCore.Geometry.Covariant, (1, 2, 3)}}, StaticArraysCore.SMatrix{3, 3, Float32, 9}}, ClimaCore.Geometry.Tensor{2, Float32, Tuple{ClimaCore.Geometry.Components{ClimaCore.Geometry.Contravariant, (1, 2, 3)}, ClimaCore.Geometry.Components{ClimaCore.Geometry.Contravariant, (1, 2, 3)}}, StaticArraysCore.SMatrix{3, 3, Float32, 9}}}, 91, Matrix{Float32}}}, ClimaCore.Grids.CellCenter}}, ᶜwₕhₜ::ClimaCore.Fields.Field{ClimaCore.DataLayouts.VF{ClimaCore.Geometry.WVector{Float32}, 90, Matrix{Float32}}, ClimaCore.Spaces.FiniteDifferenceSpace{ClimaCore.Grids.FiniteDifferenceGrid{ClimaCore.Topologies.IntervalTopology{ClimaComms.SingletonCommsContext{ClimaComms.CPUSingleThreaded}, ClimaCore.Meshes.IntervalMesh{ClimaCore.Meshes.Uniform, ClimaCore.Domains.IntervalDomain{ClimaCore.Geometry.ZPoint{Float32}, Tuple{Symbol, Symbol}}, LinRange{ClimaCore.Geometry.ZPoint{Float32}, Int64}, Nothing}, @NamedTuple{bottom::Int64, top::Int64}}, ClimaCore.Geometry.CartesianGlobalGeometry, ClimaCore.DataLayouts.VF{ClimaCore.Geometry.LocalGeometry{(3,), ClimaCore.Geometry.ZPoint{Float32}, Float32, ClimaCore.Geometry.Tensor{2, Float32, Tuple{ClimaCore.Geometry.Components{ClimaCore.Geometry.Orthonormal, (1, 2, 3)}, ClimaCore.Geometry.Components{ClimaCore.Geometry.Covariant, (1, 2, 3)}}, StaticArraysCore.SMatrix{3, 3, Float32, 9}}, ClimaCore.Geometry.Tensor{2, Float32, Tuple{ClimaCore.Geometry.Components{ClimaCore.Geometry.Contravariant, (1, 2, 3)}, ClimaCore.Geometry.Components{ClimaCore.Geometry.Contravariant, (1, 2, 3)}}, StaticArraysCore.SMatrix{3, 3, Float32, 9}}}, 90, Matrix{Float32}}, ClimaCore.DataLayouts.VF{ClimaCore.Geometry.LocalGeometry{(3,), ClimaCore.Geometry.ZPoint{Float32}, Float32, ClimaCore.Geometry.Tensor{2, Float32, Tuple{ClimaCore.Geometry.Components{ClimaCore.Geometry.Orthonormal, (1, 2, 3)}, ClimaCore.Geometry.Components{ClimaCore.Geometry.Covariant, (1, 2, 3)}}, StaticArraysCore.SMatrix{3, 3, Float32, 9}}, ClimaCore.Geometry.Tensor{2, Float32, Tuple{ClimaCore.Geometry.Components{ClimaCore.Geometry.Contravariant, (1, 2, 3)}, ClimaCore.Geometry.Components{ClimaCore.Geometry.Contravariant, (1, 2, 3)}}, StaticArraysCore.SMatrix{3, 3, Float32, 9}}}, 91, Matrix{Float32}}}, ClimaCore.Grids.CellCenter}}, ᶜlinear_buoygrad::ClimaCore.Fields.Field{ClimaCore.DataLayouts.VF{Float32, 90, Matrix{Float32}}, ClimaCore.Spaces.FiniteDifferenceSpace{ClimaCore.Grids.FiniteDifferenceGrid{ClimaCore.Topologies.IntervalTopology{ClimaComms.SingletonCommsContext{ClimaComms.CPUSingleThreaded}, ClimaCore.Meshes.IntervalMesh{ClimaCore.Meshes.Uniform, ClimaCore.Domains.IntervalDomain{ClimaCore.Geometry.ZPoint{Float32}, Tuple{Symbol, Symbol}}, LinRange{ClimaCore.Geometry.ZPoint{Float32}, Int64}, Nothing}, @NamedTuple{bottom::Int64, top::Int64}}, ClimaCore.Geometry.CartesianGlobalGeometry, ClimaCore.DataLayouts.VF{ClimaCore.Geometry.LocalGeometry{(3,), ClimaCore.Geometry.ZPoint{Float32}, Float32, ClimaCore.Geometry.Tensor{2, Float32, Tuple{ClimaCore.Geometry.Components{ClimaCore.Geometry.Orthonormal, (1, 2, 3)}, ClimaCore.Geometry.Components{ClimaCore.Geometry.Covariant, (1, 2, 3)}}, StaticArraysCore.SMatrix{3, 3, Float32, 9}}, ClimaCore.Geometry.Tensor{2, Float32, Tuple{ClimaCore.Geometry.Components{ClimaCore.Geometry.Contravariant, (1, 2, 3)}, ClimaCore.Geometry.Components{ClimaCore.Geometry.Contravariant, (1, 2, 3)}}, StaticArraysCore.SMatrix{3, 3, Float32, 9}}}, 90, Matrix{Float32}}, ClimaCore.DataLayouts.VF{ClimaCore.Geometry.LocalGeometry{(3,), ClimaCore.Geometry.ZPoint{Float32}, Float32, ClimaCore.Geometry.Tensor{2, Float32, Tuple{ClimaCore.Geometry.Components{ClimaCore.Geometry.Orthonormal, (1, 2, 3)}, ClimaCore.Geometry.Components{ClimaCore.Geometry.Covariant, (1, 2, 3)}}, StaticArraysCore.SMatrix{3, 3, Float32, 9}}, ClimaCore.Geometry.Tensor{2, Float32, Tuple{ClimaCore.Geometry.Components{ClimaCore.Geometry.Contravariant, (1, 2, 3)}, ClimaCore.Geometry.Components{ClimaCore.Geometry.Contravariant, (1, 2, 3)}}, StaticArraysCore.SMatrix{3, 3, Float32, 9}}}, 91, Matrix{Float32}}}, ClimaCore.Grids.CellCenter}}, ᶜstrain_rate_norm::ClimaCore.Fields.Field{ClimaCore.DataLayouts.VF{Float32, 90, Matrix{Float32}}, ClimaCore.Spaces.FiniteDifferenceSpace{ClimaCore.Grids.FiniteDifferenceGrid{ClimaCore.Topologies.IntervalTopology{ClimaComms.SingletonCommsContext{ClimaComms.CPUSingleThreaded}, ClimaCore.Meshes.IntervalMesh{ClimaCore.Meshes.Uniform, ClimaCore.Domains.IntervalDomain{ClimaCore.Geometry.ZPoint{Float32}, Tuple{Symbol, Symbol}}, LinRange{ClimaCore.Geometry.ZPoint{Float32}, Int64}, Nothing}, @NamedTuple{bottom::Int64, top::Int64}}, ClimaCore.Geometry.CartesianGlobalGeometry, ClimaCore.DataLayouts.VF{ClimaCore.Geometry.LocalGeometry{(3,), ClimaCore.Geometry.ZPoint{Float32}, Float32, ClimaCore.Geometry.Tensor{2, Float32, Tuple{ClimaCore.Geometry.Components{ClimaCore.Geometry.Orthonormal, (1, 2, 3)}, ClimaCore.Geometry.Components{ClimaCore.Geometry.Covariant, (1, 2, 3)}}, StaticArraysCore.SMatrix{3, 3, Float32, 9}}, ClimaCore.Geometry.Tensor{2, Float32, Tuple{ClimaCore.Geometry.Components{ClimaCore.Geometry.Contravariant, (1, 2, 3)}, ClimaCore.Geometry.Components{ClimaCore.Geometry.Contravariant, (1, 2, 3)}}, StaticArraysCore.SMatrix{3, 3, Float32, 9}}}, 90, Matrix{Float32}}, ClimaCore.DataLayouts.VF{ClimaCore.Geometry.LocalGeometry{(3,), ClimaCore.Geometry.ZPoint{Float32}, Float32, ClimaCore.Geometry.Tensor{2, Float32, Tuple{ClimaCore.Geometry.Components{ClimaCore.Geometry.Orthonormal, (1, 2, 3)}, ClimaCore.Geometry.Components{ClimaCore.Geometry.Covariant, (1, 2, 3)}}, StaticArraysCore.SMatrix{3, 3, Float32, 9}}, ClimaCore.Geometry.Tensor{2, Float32, Tuple{ClimaCore.Geometry.Components{ClimaCore.Geometry.Contravariant, (1, 2, 3)}, ClimaCore.Geometry.Components{ClimaCore.Geometry.Contravariant, (1, 2, 3)}}, StaticArraysCore.SMatrix{3, 3, Float32, 9}}}, 91, Matrix{Float32}}}, ClimaCore.Grids.CellCenter}}, sfc_conditions::ClimaCore.Fields.Field{ClimaCore.DataLayouts.DataF{@NamedTuple{T_sfc::Float32, q_vap_sfc::Float32, ustar::Float32, obukhov_length::Float32, buoyancy_flux::Float32, ρ_flux_uₕ::ClimaCore.Geometry.Tensor{2, Float32, Tuple{ClimaCore.Geometry.Components{ClimaCore.Geometry.Covariant, (3,)}, ClimaCore.Geometry.Components{ClimaCore.Geometry.Covariant, (1, 2)}}, StaticArraysCore.SMatrix{1, 2, Float32, 2}}, ρ_flux_h_tot::ClimaCore.Geometry.Covariant3Vector{Float32}, ρ_flux_q_tot::ClimaCore.Geometry.Covariant3Vector{Float32}}, Vector{Float32}}, ClimaCore.Spaces.PointSpace{ClimaComms.SingletonCommsContext{ClimaComms.CPUSingleThreaded}, ClimaCore.DataLayouts.DataF{ClimaCore.Geometry.LocalGeometry{(3,), ClimaCore.Geometry.ZPoint{Float32}, Float32, ClimaCore.Geometry.Tensor{2, Float32, Tuple{ClimaCore.Geometry.Components{ClimaCore.Geometry.Orthonormal, (1, 2, 3)}, ClimaCore.Geometry.Components{ClimaCore.Geometry.Covariant, (1, 2, 3)}}, StaticArraysCore.SMatrix{3, 3, Float32, 9}}, ClimaCore.Geometry.Tensor{2, Float32, Tuple{ClimaCore.Geometry.Components{ClimaCore.Geometry.Contravariant, (1, 2, 3)}, ClimaCore.Geometry.Components{ClimaCore.Geometry.Contravariant, (1, 2, 3)}}, StaticArraysCore.SMatrix{3, 3, Float32, 9}}}, SubArray{Float32, 1, Matrix{Float32}, Tuple{Int64, Base.Slice{Base.OneTo{Int64}}}, true}}}}, ᶜgradᵥ_q_tot::ClimaCore.Fields.Field{ClimaCore.DataLayouts.VF{ClimaCore.Geometry.Covariant3Vector{Float32}, 90, Matrix{Float32}}, ClimaCore.Spaces.FiniteDifferenceSpace{ClimaCore.Grids.FiniteDifferenceGrid{ClimaCore.Topologies.IntervalTopology{ClimaComms.SingletonCommsContext{ClimaComms.CPUSingleThreaded}, ClimaCore.Meshes.IntervalMesh{ClimaCore.Meshes.Uniform, ClimaCore.Domains.IntervalDomain{ClimaCore.Geometry.ZPoint{Float32}, Tuple{Symbol, Symbol}}, LinRange{ClimaCore.Geometry.ZPoint{Float32}, Int64}, Nothing}, @NamedTuple{bottom::Int64, top::Int64}}, ClimaCore.Geometry.CartesianGlobalGeometry, ClimaCore.DataLayouts.VF{ClimaCore.Geometry.LocalGeometry{(3,), ClimaCore.Geometry.ZPoint{Float32}, Float32, ClimaCore.Geometry.Tensor{2, Float32, Tuple{ClimaCore.Geometry.Components{ClimaCore.Geometry.Orthonormal, (1, 2, 3)}, ClimaCore.Geometry.Components{ClimaCore.Geometry.Covariant, (1, 2, 3)}}, StaticArraysCore.SMatrix{3, 3, Float32, 9}}, ClimaCore.Geometry.Tensor{2, Float32, Tuple{ClimaCore.Geometry.Components{ClimaCore.Geometry.Contravariant, (1, 2, 3)}, ClimaCore.Geometry.Components{ClimaCore.Geometry.Contravariant, (1, 2, 3)}}, StaticArraysCore.SMatrix{3, 3, Float32, 9}}}, 90, Matrix{Float32}}, ClimaCore.DataLayouts.VF{ClimaCore.Geometry.LocalGeometry{(3,), ClimaCore.Geometry.ZPoint{Float32}, Float32, ClimaCore.Geometry.Tensor{2, Float32, Tuple{ClimaCore.Geometry.Components{ClimaCore.Geometry.Orthonormal, (1, 2, 3)}, ClimaCore.Geometry.Components{ClimaCore.Geometry.Covariant, (1, 2, 3)}}, StaticArraysCore.SMatrix{3, 3, Float32, 9}}, ClimaCore.Geometry.Tensor{2, Float32, Tuple{ClimaCore.Geometry.Components{ClimaCore.Geometry.Contravariant, (1, 2, 3)}, ClimaCore.Geometry.Components{ClimaCore.Geometry.Contravariant, (1, 2, 3)}}, StaticArraysCore.SMatrix{3, 3, Float32, 9}}}, 91, Matrix{Float32}}}, ClimaCore.Grids.CellCenter}}, ᶜgradᵥ_θ_liq_ice::ClimaCore.Fields.Field{ClimaCore.DataLayouts.VF{ClimaCore.Geometry.Covariant3Vector{Float32}, 90, Matrix{Float32}}, ClimaCore.Spaces.FiniteDifferenceSpace{ClimaCore.Grids.FiniteDifferenceGrid{ClimaCore.Topologies.IntervalTopology{ClimaComms.SingletonCommsContext{ClimaComms.CPUSingleThreaded}, ClimaCore.Meshes.IntervalMesh{ClimaCore.Meshes.Uniform, ClimaCore.Domains.IntervalDomain{ClimaCore.Geometry.ZPoint{Float32}, Tuple{Symbol, Symbol}}, LinRange{ClimaCore.Geometry.ZPoint{Float32}, Int64}, Nothing}, @NamedTuple{bottom::Int64, top::Int64}}, ClimaCore.Geometry.CartesianGlobalGeometry, ClimaCore.DataLayouts.VF{ClimaCore.Geometry.LocalGeometry{(3,), ClimaCore.Geometry.ZPoint{Float32}, Float32, ClimaCore.Geometry.Tensor{2, Float32, Tuple{ClimaCore.Geometry.Components{ClimaCore.Geometry.Orthonormal, (1, 2, 3)}, ClimaCore.Geometry.Components{ClimaCore.Geometry.Covariant, (1, 2, 3)}}, StaticArraysCore.SMatrix{3, 3, Float32, 9}}, ClimaCore.Geometry.Tensor{2, Float32, Tuple{ClimaCore.Geometry.Components{ClimaCore.Geometry.Contravariant, (1, 2, 3)}, ClimaCore.Geometry.Components{ClimaCore.Geometry.Contravariant, (1, 2, 3)}}, StaticArraysCore.SMatrix{3, 3, Float32, 9}}}, 90, Matrix{Float32}}, ClimaCore.DataLayouts.VF{ClimaCore.Geometry.LocalGeometry{(3,), ClimaCore.Geometry.ZPoint{Float32}, Float32, ClimaCore.Geometry.Tensor{2, Float32, Tuple{ClimaCore.Geometry.Components{ClimaCore.Geometry.Orthonormal, (1, 2, 3)}, ClimaCore.Geometry.Components{ClimaCore.Geometry.Covariant, (1, 2, 3)}}, StaticArraysCore.SMatrix{3, 3, Float32, 9}}, ClimaCore.Geometry.Tensor{2, Float32, Tuple{ClimaCore.Geometry.Components{ClimaCore.Geometry.Contravariant, (1, 2, 3)}, ClimaCore.Geometry.Components{ClimaCore.Geometry.Contravariant, (1, 2, 3)}}, StaticArraysCore.SMatrix{3, 3, Float32, 9}}}, 91, Matrix{Float32}}}, ClimaCore.Grids.CellCenter}}, ρtke_flux::ClimaCore.Fields.Field{ClimaCore.DataLayouts.DataF{ClimaCore.Geometry.Covariant3Vector{Float32}, Vector{Float32}}, ClimaCore.Spaces.PointSpace{ClimaComms.SingletonCommsContext{ClimaComms.CPUSingleThreaded}, ClimaCore.DataLayouts.DataF{ClimaCore.Geometry.LocalGeometry{(3,), ClimaCore.Geometry.ZPoint{Float32}, Float32, ClimaCore.Geometry.Tensor{2, Float32, Tuple{ClimaCore.Geometry.Components{ClimaCore.Geometry.Orthonormal, (1, 2, 3)}, ClimaCore.Geometry.Components{ClimaCore.Geometry.Covariant, (1, 2, 3)}}, StaticArraysCore.SMatrix{3, 3, Float32, 9}}, ClimaCore.Geometry.Tensor{2, Float32, Tuple{ClimaCore.Geometry.Components{ClimaCore.Geometry.Contravariant, (1, 2, 3)}, ClimaCore.Geometry.Components{ClimaCore.Geometry.Contravariant, (1, 2, 3)}}, StaticArraysCore.SMatrix{3, 3, Float32, 9}}}, SubArray{Float32, 1, Matrix{Float32}, Tuple{Int64, Base.Slice{Base.OneTo{Int64}}}, true}}}}, ᶜentr_vel_scaleʲs::ClimaCore.Fields.Field{ClimaCore.DataLayouts.VF{Tuple{Float32}, 90, Matrix{Float32}}, ClimaCore.Spaces.FiniteDifferenceSpace{ClimaCore.Grids.FiniteDifferenceGrid{ClimaCore.Topologies.IntervalTopology{ClimaComms.SingletonCommsContext{ClimaComms.CPUSingleThreaded}, ClimaCore.Meshes.IntervalMesh{ClimaCore.Meshes.Uniform, ClimaCore.Domains.IntervalDomain{ClimaCore.Geometry.ZPoint{Float32}, Tuple{Symbol, Symbol}}, LinRange{ClimaCore.Geometry.ZPoint{Float32}, Int64}, Nothing}, @NamedTuple{bottom::Int64, top::Int64}}, ClimaCore.Geometry.CartesianGlobalGeometry, ClimaCore.DataLayouts.VF{ClimaCore.Geometry.LocalGeometry{(3,), ClimaCore.Geometry.ZPoint{Float32}, Float32, ClimaCore.Geometry.Tensor{2, Float32, Tuple{ClimaCore.Geometry.Components{ClimaCore.Geometry.Orthonormal, (1, 2, 3)}, ClimaCore.Geometry.Components{ClimaCore.Geometry.Covariant, (1, 2, 3)}}, StaticArraysCore.SMatrix{3, 3, Float32, 9}}, ClimaCore.Geometry.Tensor{2, Float32, Tuple{ClimaCore.Geometry.Components{ClimaCore.Geometry.Contravariant, (1, 2, 3)}, ClimaCore.Geometry.Components{ClimaCore.Geometry.Contravariant, (1, 2, 3)}}, StaticArraysCore.SMatrix{3, 3, Float32, 9}}}, 90, Matrix{Float32}}, ClimaCore.DataLayouts.VF{ClimaCore.Geometry.LocalGeometry{(3,), ClimaCore.Geometry.ZPoint{Float32}, Float32, ClimaCore.Geometry.Tensor{2, Float32, Tuple{ClimaCore.Geometry.Components{ClimaCore.Geometry.Orthonormal, (1, 2, 3)}, ClimaCore.Geometry.Components{ClimaCore.Geometry.Covariant, (1, 2, 3)}}, StaticArraysCore.SMatrix{3, 3, Float32, 9}}, ClimaCore.Geometry.Tensor{2, Float32, Tuple{ClimaCore.Geometry.Components{ClimaCore.Geometry.Contravariant, (1, 2, 3)}, ClimaCore.Geometry.Components{ClimaCore.Geometry.Contravariant, (1, 2, 3)}}, StaticArraysCore.SMatrix{3, 3, Float32, 9}}}, 91, Matrix{Float32}}}, ClimaCore.Grids.CellCenter}}, ᶜturb_entrʲs::ClimaCore.Fields.Field{ClimaCore.DataLayouts.VF{Tuple{Float32}, 90, Matrix{Float32}}, ClimaCore.Spaces.FiniteDifferenceSpace{ClimaCore.Grids.FiniteDifferenceGrid{ClimaCore.Topologies.IntervalTopology{ClimaComms.SingletonCommsContext{ClimaComms.CPUSingleThreaded}, ClimaCore.Meshes.IntervalMesh{ClimaCore.Meshes.Uniform, ClimaCore.Domains.IntervalDomain{ClimaCore.Geometry.ZPoint{Float32}, Tuple{Symbol, Symbol}}, LinRange{ClimaCore.Geometry.ZPoint{Float32}, Int64}, Nothing}, @NamedTuple{bottom::Int64, top::Int64}}, ClimaCore.Geometry.CartesianGlobalGeometry, ClimaCore.DataLayouts.VF{ClimaCore.Geometry.LocalGeometry{(3,), ClimaCore.Geometry.ZPoint{Float32}, Float32, ClimaCore.Geometry.Tensor{2, Float32, Tuple{ClimaCore.Geometry.Components{ClimaCore.Geometry.Orthonormal, (1, 2, 3)}, ClimaCore.Geometry.Components{ClimaCore.Geometry.Covariant, (1, 2, 3)}}, StaticArraysCore.SMatrix{3, 3, Float32, 9}}, ClimaCore.Geometry.Tensor{2, Float32, Tuple{ClimaCore.Geometry.Components{ClimaCore.Geometry.Contravariant, (1, 2, 3)}, ClimaCore.Geometry.Components{ClimaCore.Geometry.Contravariant, (1, 2, 3)}}, StaticArraysCore.SMatrix{3, 3, Float32, 9}}}, 90, Matrix{Float32}}, ClimaCore.DataLayouts.VF{ClimaCore.Geometry.LocalGeometry{(3,), ClimaCore.Geometry.ZPoint{Float32}, Float32, ClimaCore.Geometry.Tensor{2, Float32, Tuple{ClimaCore.Geometry.Components{ClimaCore.Geometry.Orthonormal, (1, 2, 3)}, ClimaCore.Geometry.Components{ClimaCore.Geometry.Covariant, (1, 2, 3)}}, StaticArraysCore.SMatrix{3, 3, Float32, 9}}, ClimaCore.Geometry.Tensor{2, Float32, Tuple{ClimaCore.Geometry.Components{ClimaCore.Geometry.Contravariant, (1, 2, 3)}, ClimaCore.Geometry.Components{ClimaCore.Geometry.Contravariant, (1, 2, 3)}}, StaticArraysCore.SMatrix{3, 3, Float32, 9}}}, 91, Matrix{Float32}}}, ClimaCore.Grids.CellCenter}}, ᶜarea_bounding_entr_detrʲs::ClimaCore.Fields.Field{ClimaCore.DataLayouts.VF{Tuple{Float32}, 90, Matrix{Float32}}, ClimaCore.Spaces.FiniteDifferenceSpace{ClimaCore.Grids.FiniteDifferenceGrid{ClimaCore.Topologies.IntervalTopology{ClimaComms.SingletonCommsContext{ClimaComms.CPUSingleThreaded}, ClimaCore.Meshes.IntervalMesh{ClimaCore.Meshes.Uniform, ClimaCore.Domains.IntervalDomain{ClimaCore.Geometry.ZPoint{Float32}, Tuple{Symbol, Symbol}}, LinRange{ClimaCore.Geometry.ZPoint{Float32}, Int64}, Nothing}, @NamedTuple{bottom::Int64, top::Int64}}, ClimaCore.Geometry.CartesianGlobalGeometry, ClimaCore.DataLayouts.VF{ClimaCore.Geometry.LocalGeometry{(3,), ClimaCore.Geometry.ZPoint{Float32}, Float32, ClimaCore.Geometry.Tensor{2, Float32, Tuple{ClimaCore.Geometry.Components{ClimaCore.Geometry.Orthonormal, (1, 2, 3)}, ClimaCore.Geometry.Components{ClimaCore.Geometry.Covariant, (1, 2, 3)}}, StaticArraysCore.SMatrix{3, 3, Float32, 9}}, ClimaCore.Geometry.Tensor{2, Float32, Tuple{ClimaCore.Geometry.Components{ClimaCore.Geometry.Contravariant, (1, 2, 3)}, ClimaCore.Geometry.Components{ClimaCore.Geometry.Contravariant, (1, 2, 3)}}, StaticArraysCore.SMatrix{3, 3, Float32, 9}}}, 90, Matrix{Float32}}, ClimaCore.DataLayouts.VF{ClimaCore.Geometry.LocalGeometry{(3,), ClimaCore.Geometry.ZPoint{Float32}, Float32, ClimaCore.Geometry.Tensor{2, Float32, Tuple{ClimaCore.Geometry.Components{ClimaCore.Geometry.Orthonormal, (1, 2, 3)}, ClimaCore.Geometry.Components{ClimaCore.Geometry.Covariant, (1, 2, 3)}}, StaticArraysCore.SMatrix{3, 3, Float32, 9}}, ClimaCore.Geometry.Tensor{2, Float32, Tuple{ClimaCore.Geometry.Components{ClimaCore.Geometry.Contravariant, (1, 2, 3)}, ClimaCore.Geometry.Components{ClimaCore.Geometry.Contravariant, (1, 2, 3)}}, StaticArraysCore.SMatrix{3, 3, Float32, 9}}}, 91, Matrix{Float32}}}, ClimaCore.Grids.CellCenter}}, ᶜρ_diffʲs::ClimaCore.Fields.Field{ClimaCore.DataLayouts.VF{Tuple{Float32}, 90, Matrix{Float32}}, ClimaCore.Spaces.FiniteDifferenceSpace{ClimaCore.Grids.FiniteDifferenceGrid{ClimaCore.Topologies.IntervalTopology{ClimaComms.SingletonCommsContext{ClimaComms.CPUSingleThreaded}, ClimaCore.Meshes.IntervalMesh{ClimaCore.Meshes.Uniform, ClimaCore.Domains.IntervalDomain{ClimaCore.Geometry.ZPoint{Float32}, Tuple{Symbol, Symbol}}, LinRange{ClimaCore.Geometry.ZPoint{Float32}, Int64}, Nothing}, @NamedTuple{bottom::Int64, top::Int64}}, ClimaCore.Geometry.CartesianGlobalGeometry, ClimaCore.DataLayouts.VF{ClimaCore.Geometry.LocalGeometry{(3,), ClimaCore.Geometry.ZPoint{Float32}, Float32, ClimaCore.Geometry.Tensor{2, Float32, Tuple{ClimaCore.Geometry.Components{ClimaCore.Geometry.Orthonormal, (1, 2, 3)}, ClimaCore.Geometry.Components{ClimaCore.Geometry.Covariant, (1, 2, 3)}}, StaticArraysCore.SMatrix{3, 3, Float32, 9}}, ClimaCore.Geometry.Tensor{2, Float32, Tuple{ClimaCore.Geometry.Components{ClimaCore.Geometry.Contravariant, (1, 2, 3)}, ClimaCore.Geometry.Components{ClimaCore.Geometry.Contravariant, (1, 2, 3)}}, StaticArraysCore.SMatrix{3, 3, Float32, 9}}}, 90, Matrix{Float32}}, ClimaCore.DataLayouts.VF{ClimaCore.Geometry.LocalGeometry{(3,), ClimaCore.Geometry.ZPoint{Float32}, Float32, ClimaCore.Geometry.Tensor{2, Float32, Tuple{ClimaCore.Geometry.Components{ClimaCore.Geometry.Orthonormal, (1, 2, 3)}, ClimaCore.Geometry.Components{ClimaCore.Geometry.Covariant, (1, 2, 3)}}, StaticArraysCore.SMatrix{3, 3, Float32, 9}}, ClimaCore.Geometry.Tensor{2, Float32, Tuple{ClimaCore.Geometry.Components{ClimaCore.Geometry.Contravariant, (1, 2, 3)}, ClimaCore.Geometry.Components{ClimaCore.Geometry.Contravariant, (1, 2, 3)}}, StaticArraysCore.SMatrix{3, 3, Float32, 9}}}, 91, Matrix{Float32}}}, ClimaCore.Grids.CellCenter}}, ᶠu₃_tendencyʲs::ClimaCore.Fields.Field{ClimaCore.DataLayouts.VF{Tuple{ClimaCore.Geometry.Covariant3Vector{Float32}}, 91, Matrix{Float32}}, ClimaCore.Spaces.FiniteDifferenceSpace{ClimaCore.Grids.FiniteDifferenceGrid{ClimaCore.Topologies.IntervalTopology{ClimaComms.SingletonCommsContext{ClimaComms.CPUSingleThreaded}, ClimaCore.Meshes.IntervalMesh{ClimaCore.Meshes.Uniform, ClimaCore.Domains.IntervalDomain{ClimaCore.Geometry.ZPoint{Float32}, Tuple{Symbol, Symbol}}, LinRange{ClimaCore.Geometry.ZPoint{Float32}, Int64}, Nothing}, @NamedTuple{bottom::Int64, top::Int64}}, ClimaCore.Geometry.CartesianGlobalGeometry, ClimaCore.DataLayouts.VF{ClimaCore.Geometry.LocalGeometry{(3,), ClimaCore.Geometry.ZPoint{Float32}, Float32, ClimaCore.Geometry.Tensor{2, Float32, Tuple{ClimaCore.Geometry.Components{ClimaCore.Geometry.Orthonormal, (1, 2, 3)}, ClimaCore.Geometry.Components{ClimaCore.Geometry.Covariant, (1, 2, 3)}}, StaticArraysCore.SMatrix{3, 3, Float32, 9}}, ClimaCore.Geometry.Tensor{2, Float32, Tuple{ClimaCore.Geometry.Components{ClimaCore.Geometry.Contravariant, (1, 2, 3)}, ClimaCore.Geometry.Components{ClimaCore.Geometry.Contravariant, (1, 2, 3)}}, StaticArraysCore.SMatrix{3, 3, Float32, 9}}}, 90, Matrix{Float32}}, ClimaCore.DataLayouts.VF{ClimaCore.Geometry.LocalGeometry{(3,), ClimaCore.Geometry.ZPoint{Float32}, Float32, ClimaCore.Geometry.Tensor{2, Float32, Tuple{ClimaCore.Geometry.Components{ClimaCore.Geometry.Orthonormal, (1, 2, 3)}, ClimaCore.Geometry.Components{ClimaCore.Geometry.Covariant, (1, 2, 3)}}, StaticArraysCore.SMatrix{3, 3, Float32, 9}}, ClimaCore.Geometry.Tensor{2, Float32, Tuple{ClimaCore.Geometry.Components{ClimaCore.Geometry.Contravariant, (1, 2, 3)}, ClimaCore.Geometry.Components{ClimaCore.Geometry.Contravariant, (1, 2, 3)}}, StaticArraysCore.SMatrix{3, 3, Float32, 9}}}, 91, Matrix{Float32}}}, ClimaCore.Grids.CellFace}}, ᶜρa_tendencyʲs::ClimaCore.Fields.Field{ClimaCore.DataLayouts.VF{Tuple{Float32}, 90, Matrix{Float32}}, ClimaCore.Spaces.FiniteDifferenceSpace{ClimaCore.Grids.FiniteDifferenceGrid{ClimaCore.Topologies.IntervalTopology{ClimaComms.SingletonCommsContext{ClimaComms.CPUSingleThreaded}, ClimaCore.Meshes.IntervalMesh{ClimaCore.Meshes.Uniform, ClimaCore.Domains.IntervalDomain{ClimaCore.Geometry.ZPoint{Float32}, Tuple{Symbol, Symbol}}, LinRange{ClimaCore.Geometry.ZPoint{Float32}, Int64}, Nothing}, @NamedTuple{bottom::Int64, top::Int64}}, ClimaCore.Geometry.CartesianGlobalGeometry, ClimaCore.DataLayouts.VF{ClimaCore.Geometry.LocalGeometry{(3,), ClimaCore.Geometry.ZPoint{Float32}, Float32, ClimaCore.Geometry.Tensor{2, Float32, Tuple{ClimaCore.Geometry.Components{ClimaCore.Geometry.Orthonormal, (1, 2, 3)}, ClimaCore.Geometry.Components{ClimaCore.Geometry.Covariant, (1, 2, 3)}}, StaticArraysCore.SMatrix{3, 3, Float32, 9}}, ClimaCore.Geometry.Tensor{2, Float32, Tuple{ClimaCore.Geometry.Components{ClimaCore.Geometry.Contravariant, (1, 2, 3)}, ClimaCore.Geometry.Components{ClimaCore.Geometry.Contravariant, (1, 2, 3)}}, StaticArraysCore.SMatrix{3, 3, Float32, 9}}}, 90, Matrix{Float32}}, ClimaCore.DataLayouts.VF{ClimaCore.Geometry.LocalGeometry{(3,), ClimaCore.Geometry.ZPoint{Float32}, Float32, ClimaCore.Geometry.Tensor{2, Float32, Tuple{ClimaCore.Geometry.Components{ClimaCore.Geometry.Orthonormal, (1, 2, 3)}, ClimaCore.Geometry.Components{ClimaCore.Geometry.Covariant, (1, 2, 3)}}, StaticArraysCore.SMatrix{3, 3, Float32, 9}}, ClimaCore.Geometry.Tensor{2, Float32, Tuple{ClimaCore.Geometry.Components{ClimaCore.Geometry.Contravariant, (1, 2, 3)}, ClimaCore.Geometry.Components{ClimaCore.Geometry.Contravariant, (1, 2, 3)}}, StaticArraysCore.SMatrix{3, 3, Float32, 9}}}, 91, Matrix{Float32}}}, ClimaCore.Grids.CellCenter}}, sfc_mass_flux_sourceʲs::ClimaCore.Fields.Field{ClimaCore.DataLayouts.DataF{Tuple{Float32}, Vector{Float32}}, ClimaCore.Spaces.PointSpace{ClimaComms.SingletonCommsContext{ClimaComms.CPUSingleThreaded}, ClimaCore.DataLayouts.DataF{ClimaCore.Geometry.LocalGeometry{(3,), ClimaCore.Geometry.ZPoint{Float32}, Float32, ClimaCore.Geometry.Tensor{2, Float32, Tuple{ClimaCore.Geometry.Components{ClimaCore.Geometry.Orthonormal, (1, 2, 3)}, ClimaCore.Geometry.Components{ClimaCore.Geometry.Covariant, (1, 2, 3)}}, StaticArraysCore.SMatrix{3, 3, Float32, 9}}, ClimaCore.Geometry.Tensor{2, Float32, Tuple{ClimaCore.Geometry.Components{ClimaCore.Geometry.Contravariant, (1, 2, 3)}, ClimaCore.Geometry.Components{ClimaCore.Geometry.Contravariant, (1, 2, 3)}}, StaticArraysCore.SMatrix{3, 3, Float32, 9}}}, SubArray{Float32, 1, Matrix{Float32}, Tuple{Int64, Base.Slice{Base.OneTo{Int64}}}, true}}}}, sfc_mse_buoyantʲs::ClimaCore.Fields.Field{ClimaCore.DataLayouts.DataF{Tuple{Float32}, Vector{Float32}}, ClimaCore.Spaces.PointSpace{ClimaComms.SingletonCommsContext{ClimaComms.CPUSingleThreaded}, ClimaCore.DataLayouts.DataF{ClimaCore.Geometry.LocalGeometry{(3,), ClimaCore.Geometry.ZPoint{Float32}, Float32, ClimaCore.Geometry.Tensor{2, Float32, Tuple{ClimaCore.Geometry.Components{ClimaCore.Geometry.Orthonormal, (1, 2, 3)}, ClimaCore.Geometry.Components{ClimaCore.Geometry.Covariant, (1, 2, 3)}}, StaticArraysCore.SMatrix{3, 3, Float32, 9}}, ClimaCore.Geometry.Tensor{2, Float32, Tuple{ClimaCore.Geometry.Components{ClimaCore.Geometry.Contravariant, (1, 2, 3)}, ClimaCore.Geometry.Components{ClimaCore.Geometry.Contravariant, (1, 2, 3)}}, StaticArraysCore.SMatrix{3, 3, Float32, 9}}}, SubArray{Float32, 1, Matrix{Float32}, Tuple{Int64, Base.Slice{Base.OneTo{Int64}}}, true}}}}, sfc_q_tot_buoyantʲs::ClimaCore.Fields.Field{ClimaCore.DataLayouts.DataF{Tuple{Float32}, Vector{Float32}}, ClimaCore.Spaces.PointSpace{ClimaComms.SingletonCommsContext{ClimaComms.CPUSingleThreaded}, ClimaCore.DataLayouts.DataF{ClimaCore.Geometry.LocalGeometry{(3,), ClimaCore.Geometry.ZPoint{Float32}, Float32, ClimaCore.Geometry.Tensor{2, Float32, Tuple{ClimaCore.Geometry.Components{ClimaCore.Geometry.Orthonormal, (1, 2, 3)}, ClimaCore.Geometry.Components{ClimaCore.Geometry.Covariant, (1, 2, 3)}}, StaticArraysCore.SMatrix{3, 3, Float32, 9}}, ClimaCore.Geometry.Tensor{2, Float32, Tuple{ClimaCore.Geometry.Components{ClimaCore.Geometry.Contravariant, (1, 2, 3)}, ClimaCore.Geometry.Components{ClimaCore.Geometry.Contravariant, (1, 2, 3)}}, StaticArraysCore.SMatrix{3, 3, Float32, 9}}}, SubArray{Float32, 1, Matrix{Float32}, Tuple{Int64, Base.Slice{Base.OneTo{Int64}}}, true}}}}, ᶜmp_tendencyʲs::ClimaCore.Fields.Field{ClimaCore.DataLayouts.VF{Tuple{@NamedTuple{dq_lcl_dt::Float32, dn_lcl_dt::Float32, dq_rai_dt::Float32, dn_rai_dt::Float32, dq_ice_dt::Float32, dq_rim_dt::Float32, db_rim_dt::Float32}}, 90, Matrix{Float32}}, ClimaCore.Spaces.FiniteDifferenceSpace{ClimaCore.Grids.FiniteDifferenceGrid{ClimaCore.Topologies.IntervalTopology{ClimaComms.SingletonCommsContext{ClimaComms.CPUSingleThreaded}, ClimaCore.Meshes.IntervalMesh{ClimaCore.Meshes.Uniform, ClimaCore.Domains.IntervalDomain{ClimaCore.Geometry.ZPoint{Float32}, Tuple{Symbol, Symbol}}, LinRange{ClimaCore.Geometry.ZPoint{Float32}, Int64}, Nothing}, @NamedTuple{bottom::Int64, top::Int64}}, ClimaCore.Geometry.CartesianGlobalGeometry, ClimaCore.DataLayouts.VF{ClimaCore.Geometry.LocalGeometry{(3,), ClimaCore.Geometry.ZPoint{Float32}, Float32, ClimaCore.Geometry.Tensor{2, Float32, Tuple{ClimaCore.Geometry.Components{ClimaCore.Geometry.Orthonormal, (1, 2, 3)}, ClimaCore.Geometry.Components{ClimaCore.Geometry.Covariant, (1, 2, 3)}}, StaticArraysCore.SMatrix{3, 3, Float32, 9}}, ClimaCore.Geometry.Tensor{2, Float32, Tuple{ClimaCore.Geometry.Components{ClimaCore.Geometry.Contravariant, (1, 2, 3)}, ClimaCore.Geometry.Components{ClimaCore.Geometry.Contravariant, (1, 2, 3)}}, StaticArraysCore.SMatrix{3, 3, Float32, 9}}}, 90, Matrix{Float32}}, ClimaCore.DataLayouts.VF{ClimaCore.Geometry.LocalGeometry{(3,), ClimaCore.Geometry.ZPoint{Float32}, Float32, ClimaCore.Geometry.Tensor{2, Float32, Tuple{ClimaCore.Geometry.Components{ClimaCore.Geometry.Orthonormal, (1, 2, 3)}, ClimaCore.Geometry.Components{ClimaCore.Geometry.Covariant, (1, 2, 3)}}, StaticArraysCore.SMatrix{3, 3, Float32, 9}}, ClimaCore.Geometry.Tensor{2, Float32, Tuple{ClimaCore.Geometry.Components{ClimaCore.Geometry.Contravariant, (1, 2, 3)}, ClimaCore.Geometry.Components{ClimaCore.Geometry.Contravariant, (1, 2, 3)}}, StaticArraysCore.SMatrix{3, 3, Float32, 9}}}, 91, Matrix{Float32}}}, ClimaCore.Grids.CellCenter}}, ᶜwₗʲs::ClimaCore.Fields.Field{ClimaCore.DataLayouts.VF{Tuple{Float32}, 90, Matrix{Float32}}, ClimaCore.Spaces.FiniteDifferenceSpace{ClimaCore.Grids.FiniteDifferenceGrid{ClimaCore.Topologies.IntervalTopology{ClimaComms.SingletonCommsContext{ClimaComms.CPUSingleThreaded}, ClimaCore.Meshes.IntervalMesh{ClimaCore.Meshes.Uniform, ClimaCore.Domains.IntervalDomain{ClimaCore.Geometry.ZPoint{Float32}, Tuple{Symbol, Symbol}}, LinRange{ClimaCore.Geometry.ZPoint{Float32}, Int64}, Nothing}, @NamedTuple{bottom::Int64, top::Int64}}, ClimaCore.Geometry.CartesianGlobalGeometry, ClimaCore.DataLayouts.VF{ClimaCore.Geometry.LocalGeometry{(3,), ClimaCore.Geometry.ZPoint{Float32}, Float32, ClimaCore.Geometry.Tensor{2, Float32, Tuple{ClimaCore.Geometry.Components{ClimaCore.Geometry.Orthonormal, (1, 2, 3)}, ClimaCore.Geometry.Components{ClimaCore.Geometry.Covariant, (1, 2, 3)}}, StaticArraysCore.SMatrix{3, 3, Float32, 9}}, ClimaCore.Geometry.Tensor{2, Float32, Tuple{ClimaCore.Geometry.Components{ClimaCore.Geometry.Contravariant, (1, 2, 3)}, ClimaCore.Geometry.Components{ClimaCore.Geometry.Contravariant, (1, 2, 3)}}, StaticArraysCore.SMatrix{3, 3, Float32, 9}}}, 90, Matrix{Float32}}, ClimaCore.DataLayouts.VF{ClimaCore.Geometry.LocalGeometry{(3,), ClimaCore.Geometry.ZPoint{Float32}, Float32, ClimaCore.Geometry.Tensor{2, Float32, Tuple{ClimaCore.Geometry.Components{ClimaCore.Geometry.Orthonormal, (1, 2, 3)}, ClimaCore.Geometry.Components{ClimaCore.Geometry.Covariant, (1, 2, 3)}}, StaticArraysCore.SMatrix{3, 3, Float32, 9}}, ClimaCore.Geometry.Tensor{2, Float32, Tuple{ClimaCore.Geometry.Components{ClimaCore.Geometry.Contravariant, (1, 2, 3)}, ClimaCore.Geometry.Components{ClimaCore.Geometry.Contravariant, (1, 2, 3)}}, StaticArraysCore.SMatrix{3, 3, Float32, 9}}}, 91, Matrix{Float32}}}, ClimaCore.Grids.CellCenter}}, ᶜwᵢʲs::ClimaCore.Fields.Field{ClimaCore.DataLayouts.VF{Tuple{Float32}, 90, Matrix{Float32}}, ClimaCore.Spaces.FiniteDifferenceSpace{ClimaCore.Grids.FiniteDifferenceGrid{ClimaCore.Topologies.IntervalTopology{ClimaComms.SingletonCommsContext{ClimaComms.CPUSingleThreaded}, ClimaCore.Meshes.IntervalMesh{ClimaCore.Meshes.Uniform, ClimaCore.Domains.IntervalDomain{ClimaCore.Geometry.ZPoint{Float32}, Tuple{Symbol, Symbol}}, LinRange{ClimaCore.Geometry.ZPoint{Float32}, Int64}, Nothing}, @NamedTuple{bottom::Int64, top::Int64}}, ClimaCore.Geometry.CartesianGlobalGeometry, ClimaCore.DataLayouts.VF{ClimaCore.Geometry.LocalGeometry{(3,), ClimaCore.Geometry.ZPoint{Float32}, Float32, ClimaCore.Geometry.Tensor{2, Float32, Tuple{ClimaCore.Geometry.Components{ClimaCore.Geometry.Orthonormal, (1, 2, 3)}, ClimaCore.Geometry.Components{ClimaCore.Geometry.Covariant, (1, 2, 3)}}, StaticArraysCore.SMatrix{3, 3, Float32, 9}}, ClimaCore.Geometry.Tensor{2, Float32, Tuple{ClimaCore.Geometry.Components{ClimaCore.Geometry.Contravariant, (1, 2, 3)}, ClimaCore.Geometry.Components{ClimaCore.Geometry.Contravariant, (1, 2, 3)}}, StaticArraysCore.SMatrix{3, 3, Float32, 9}}}, 90, Matrix{Float32}}, ClimaCore.DataLayouts.VF{ClimaCore.Geometry.LocalGeometry{(3,), ClimaCore.Geometry.ZPoint{Float32}, Float32, ClimaCore.Geometry.Tensor{2, Float32, Tuple{ClimaCore.Geometry.Components{ClimaCore.Geometry.Orthonormal, (1, 2, 3)}, ClimaCore.Geometry.Components{ClimaCore.Geometry.Covariant, (1, 2, 3)}}, StaticArraysCore.SMatrix{3, 3, Float32, 9}}, ClimaCore.Geometry.Tensor{2, Float32, Tuple{ClimaCore.Geometry.Components{ClimaCore.Geometry.Contravariant, (1, 2, 3)}, ClimaCore.Geometry.Components{ClimaCore.Geometry.Contravariant, (1, 2, 3)}}, StaticArraysCore.SMatrix{3, 3, Float32, 9}}}, 91, Matrix{Float32}}}, ClimaCore.Grids.CellCenter}}, ᶜwᵣʲs::ClimaCore.Fields.Field{ClimaCore.DataLayouts.VF{Tuple{Float32}, 90, Matrix{Float32}}, ClimaCore.Spaces.FiniteDifferenceSpace{ClimaCore.Grids.FiniteDifferenceGrid{ClimaCore.Topologies.IntervalTopology{ClimaComms.SingletonCommsContext{ClimaComms.CPUSingleThreaded}, ClimaCore.Meshes.IntervalMesh{ClimaCore.Meshes.Uniform, ClimaCore.Domains.IntervalDomain{ClimaCore.Geometry.ZPoint{Float32}, Tuple{Symbol, Symbol}}, LinRange{ClimaCore.Geometry.ZPoint{Float32}, Int64}, Nothing}, @NamedTuple{bottom::Int64, top::Int64}}, ClimaCore.Geometry.CartesianGlobalGeometry, ClimaCore.DataLayouts.VF{ClimaCore.Geometry.LocalGeometry{(3,), ClimaCore.Geometry.ZPoint{Float32}, Float32, ClimaCore.Geometry.Tensor{2, Float32, Tuple{ClimaCore.Geometry.Components{ClimaCore.Geometry.Orthonormal, (1, 2, 3)}, ClimaCore.Geometry.Components{ClimaCore.Geometry.Covariant, (1, 2, 3)}}, StaticArraysCore.SMatrix{3, 3, Float32, 9}}, ClimaCore.Geometry.Tensor{2, Float32, Tuple{ClimaCore.Geometry.Components{ClimaCore.Geometry.Contravariant, (1, 2, 3)}, ClimaCore.Geometry.Components{ClimaCore.Geometry.Contravariant, (1, 2, 3)}}, StaticArraysCore.SMatrix{3, 3, Float32, 9}}}, 90, Matrix{Float32}}, ClimaCore.DataLayouts.VF{ClimaCore.Geometry.LocalGeometry{(3,), ClimaCore.Geometry.ZPoint{Float32}, Float32, ClimaCore.Geometry.Tensor{2, Float32, Tuple{ClimaCore.Geometry.Components{ClimaCore.Geometry.Orthonormal, (1, 2, 3)}, ClimaCore.Geometry.Components{ClimaCore.Geometry.Covariant, (1, 2, 3)}}, StaticArraysCore.SMatrix{3, 3, Float32, 9}}, ClimaCore.Geometry.Tensor{2, Float32, Tuple{ClimaCore.Geometry.Components{ClimaCore.Geometry.Contravariant, (1, 2, 3)}, ClimaCore.Geometry.Components{ClimaCore.Geometry.Contravariant, (1, 2, 3)}}, StaticArraysCore.SMatrix{3, 3, Float32, 9}}}, 91, Matrix{Float32}}}, ClimaCore.Grids.CellCenter}}, ᶜwₛʲs::ClimaCore.Fields.Field{ClimaCore.DataLayouts.VF{Tuple{Float32}, 90, Matrix{Float32}}, ClimaCore.Spaces.FiniteDifferenceSpace{ClimaCore.Grids.FiniteDifferenceGrid{ClimaCore.Topologies.IntervalTopology{ClimaComms.SingletonCommsContext{ClimaComms.CPUSingleThreaded}, ClimaCore.Meshes.IntervalMesh{ClimaCore.Meshes.Uniform, ClimaCore.Domains.IntervalDomain{ClimaCore.Geometry.ZPoint{Float32}, Tuple{Symbol, Symbol}}, LinRange{ClimaCore.Geometry.ZPoint{Float32}, Int64}, Nothing}, @NamedTuple{bottom::Int64, top::Int64}}, ClimaCore.Geometry.CartesianGlobalGeometry, ClimaCore.DataLayouts.VF{ClimaCore.Geometry.LocalGeometry{(3,), ClimaCore.Geometry.ZPoint{Float32}, Float32, ClimaCore.Geometry.Tensor{2, Float32, Tuple{ClimaCore.Geometry.Components{ClimaCore.Geometry.Orthonormal, (1, 2, 3)}, ClimaCore.Geometry.Components{ClimaCore.Geometry.Covariant, (1, 2, 3)}}, StaticArraysCore.SMatrix{3, 3, Float32, 9}}, ClimaCore.Geometry.Tensor{2, Float32, Tuple{ClimaCore.Geometry.Components{ClimaCore.Geometry.Contravariant, (1, 2, 3)}, ClimaCore.Geometry.Components{ClimaCore.Geometry.Contravariant, (1, 2, 3)}}, StaticArraysCore.SMatrix{3, 3, Float32, 9}}}, 90, Matrix{Float32}}, ClimaCore.DataLayouts.VF{ClimaCore.Geometry.LocalGeometry{(3,), ClimaCore.Geometry.ZPoint{Float32}, Float32, ClimaCore.Geometry.Tensor{2, Float32, Tuple{ClimaCore.Geometry.Components{ClimaCore.Geometry.Orthonormal, (1, 2, 3)}, ClimaCore.Geometry.Components{ClimaCore.Geometry.Covariant, (1, 2, 3)}}, StaticArraysCore.SMatrix{3, 3, Float32, 9}}, ClimaCore.Geometry.Tensor{2, Float32, Tuple{ClimaCore.Geometry.Components{ClimaCore.Geometry.Contravariant, (1, 2, 3)}, ClimaCore.Geometry.Components{ClimaCore.Geometry.Contravariant, (1, 2, 3)}}, StaticArraysCore.SMatrix{3, 3, Float32, 9}}}, 91, Matrix{Float32}}}, ClimaCore.Grids.CellCenter}}, ᶜwₙₗʲs::ClimaCore.Fields.Field{ClimaCore.DataLayouts.VF{Tuple{Float32}, 90, Matrix{Float32}}, ClimaCore.Spaces.FiniteDifferenceSpace{ClimaCore.Grids.FiniteDifferenceGrid{ClimaCore.Topologies.IntervalTopology{ClimaComms.SingletonCommsContext{ClimaComms.CPUSingleThreaded}, ClimaCore.Meshes.IntervalMesh{ClimaCore.Meshes.Uniform, ClimaCore.Domains.IntervalDomain{ClimaCore.Geometry.ZPoint{Float32}, Tuple{Symbol, Symbol}}, LinRange{ClimaCore.Geometry.ZPoint{Float32}, Int64}, Nothing}, @NamedTuple{bottom::Int64, top::Int64}}, ClimaCore.Geometry.CartesianGlobalGeometry, ClimaCore.DataLayouts.VF{ClimaCore.Geometry.LocalGeometry{(3,), ClimaCore.Geometry.ZPoint{Float32}, Float32, ClimaCore.Geometry.Tensor{2, Float32, Tuple{ClimaCore.Geometry.Components{ClimaCore.Geometry.Orthonormal, (1, 2, 3)}, ClimaCore.Geometry.Components{ClimaCore.Geometry.Covariant, (1, 2, 3)}}, StaticArraysCore.SMatrix{3, 3, Float32, 9}}, ClimaCore.Geometry.Tensor{2, Float32, Tuple{ClimaCore.Geometry.Components{ClimaCore.Geometry.Contravariant, (1, 2, 3)}, ClimaCore.Geometry.Components{ClimaCore.Geometry.Contravariant, (1, 2, 3)}}, StaticArraysCore.SMatrix{3, 3, Float32, 9}}}, 90, Matrix{Float32}}, ClimaCore.DataLayouts.VF{ClimaCore.Geometry.LocalGeometry{(3,), ClimaCore.Geometry.ZPoint{Float32}, Float32, ClimaCore.Geometry.Tensor{2, Float32, Tuple{ClimaCore.Geometry.Components{ClimaCore.Geometry.Orthonormal, (1, 2, 3)}, ClimaCore.Geometry.Components{ClimaCore.Geometry.Covariant, (1, 2, 3)}}, StaticArraysCore.SMatrix{3, 3, Float32, 9}}, ClimaCore.Geometry.Tensor{2, Float32, Tuple{ClimaCore.Geometry.Components{ClimaCore.Geometry.Contravariant, (1, 2, 3)}, ClimaCore.Geometry.Components{ClimaCore.Geometry.Contravariant, (1, 2, 3)}}, StaticArraysCore.SMatrix{3, 3, Float32, 9}}}, 91, Matrix{Float32}}}, ClimaCore.Grids.CellCenter}}, ᶜwₙᵣʲs::ClimaCore.Fields.Field{ClimaCore.DataLayouts.VF{Tuple{Float32}, 90, Matrix{Float32}}, ClimaCore.Spaces.FiniteDifferenceSpace{ClimaCore.Grids.FiniteDifferenceGrid{ClimaCore.Topologies.IntervalTopology{ClimaComms.SingletonCommsContext{ClimaComms.CPUSingleThreaded}, ClimaCore.Meshes.IntervalMesh{ClimaCore.Meshes.Uniform, ClimaCore.Domains.IntervalDomain{ClimaCore.Geometry.ZPoint{Float32}, Tuple{Symbol, Symbol}}, LinRange{ClimaCore.Geometry.ZPoint{Float32}, Int64}, Nothing}, @NamedTuple{bottom::Int64, top::Int64}}, ClimaCore.Geometry.CartesianGlobalGeometry, ClimaCore.DataLayouts.VF{ClimaCore.Geometry.LocalGeometry{(3,), ClimaCore.Geometry.ZPoint{Float32}, Float32, ClimaCore.Geometry.Tensor{2, Float32, Tuple{ClimaCore.Geometry.Components{ClimaCore.Geometry.Orthonormal, (1, 2, 3)}, ClimaCore.Geometry.Components{ClimaCore.Geometry.Covariant, (1, 2, 3)}}, StaticArraysCore.SMatrix{3, 3, Float32, 9}}, ClimaCore.Geometry.Tensor{2, Float32, Tuple{ClimaCore.Geometry.Components{ClimaCore.Geometry.Contravariant, (1, 2, 3)}, ClimaCore.Geometry.Components{ClimaCore.Geometry.Contravariant, (1, 2, 3)}}, StaticArraysCore.SMatrix{3, 3, Float32, 9}}}, 90, Matrix{Float32}}, ClimaCore.DataLayouts.VF{ClimaCore.Geometry.LocalGeometry{(3,), ClimaCore.Geometry.ZPoint{Float32}, Float32, ClimaCore.Geometry.Tensor{2, Float32, Tuple{ClimaCore.Geometry.Components{ClimaCore.Geometry.Orthonormal, (1, 2, 3)}, ClimaCore.Geometry.Components{ClimaCore.Geometry.Covariant, (1, 2, 3)}}, StaticArraysCore.SMatrix{3, 3, Float32, 9}}, ClimaCore.Geometry.Tensor{2, Float32, Tuple{ClimaCore.Geometry.Components{ClimaCore.Geometry.Contravariant, (1, 2, 3)}, ClimaCore.Geometry.Components{ClimaCore.Geometry.Contravariant, (1, 2, 3)}}, StaticArraysCore.SMatrix{3, 3, Float32, 9}}}, 91, Matrix{Float32}}}, ClimaCore.Grids.CellCenter}}, ᶜmp_tendency⁰::ClimaCore.Fields.Field{ClimaCore.DataLayouts.VF{@NamedTuple{dq_lcl_dt::Float32, dn_lcl_dt::Float32, dq_rai_dt::Float32, dn_rai_dt::Float32, dq_ice_dt::Float32, dq_rim_dt::Float32, db_rim_dt::Float32}, 90, Matrix{Float32}}, ClimaCore.Spaces.FiniteDifferenceSpace{ClimaCore.Grids.FiniteDifferenceGrid{ClimaCore.Topologies.IntervalTopology{ClimaComms.SingletonCommsContext{ClimaComms.CPUSingleThreaded}, ClimaCore.Meshes.IntervalMesh{ClimaCore.Meshes.Uniform, ClimaCore.Domains.IntervalDomain{ClimaCore.Geometry.ZPoint{Float32}, Tuple{Symbol, Symbol}}, LinRange{ClimaCore.Geometry.ZPoint{Float32}, Int64}, Nothing}, @NamedTuple{bottom::Int64, top::Int64}}, ClimaCore.Geometry.CartesianGlobalGeometry, ClimaCore.DataLayouts.VF{ClimaCore.Geometry.LocalGeometry{(3,), ClimaCore.Geometry.ZPoint{Float32}, Float32, ClimaCore.Geometry.Tensor{2, Float32, Tuple{ClimaCore.Geometry.Components{ClimaCore.Geometry.Orthonormal, (1, 2, 3)}, ClimaCore.Geometry.Components{ClimaCore.Geometry.Covariant, (1, 2, 3)}}, StaticArraysCore.SMatrix{3, 3, Float32, 9}}, ClimaCore.Geometry.Tensor{2, Float32, Tuple{ClimaCore.Geometry.Components{ClimaCore.Geometry.Contravariant, (1, 2, 3)}, ClimaCore.Geometry.Components{ClimaCore.Geometry.Contravariant, (1, 2, 3)}}, StaticArraysCore.SMatrix{3, 3, Float32, 9}}}, 90, Matrix{Float32}}, ClimaCore.DataLayouts.VF{ClimaCore.Geometry.LocalGeometry{(3,), ClimaCore.Geometry.ZPoint{Float32}, Float32, ClimaCore.Geometry.Tensor{2, Float32, Tuple{ClimaCore.Geometry.Components{ClimaCore.Geometry.Orthonormal, (1, 2, 3)}, ClimaCore.Geometry.Components{ClimaCore.Geometry.Covariant, (1, 2, 3)}}, StaticArraysCore.SMatrix{3, 3, Float32, 9}}, ClimaCore.Geometry.Tensor{2, Float32, Tuple{ClimaCore.Geometry.Components{ClimaCore.Geometry.Contravariant, (1, 2, 3)}, ClimaCore.Geometry.Components{ClimaCore.Geometry.Contravariant, (1, 2, 3)}}, StaticArraysCore.SMatrix{3, 3, Float32, 9}}}, 91, Matrix{Float32}}}, ClimaCore.Grids.CellCenter}}, ᶜwₗ::ClimaCore.Fields.Field{ClimaCore.DataLayouts.VF{Float32, 90, Matrix{Float32}}, ClimaCore.Spaces.FiniteDifferenceSpace{ClimaCore.Grids.FiniteDifferenceGrid{ClimaCore.Topologies.IntervalTopology{ClimaComms.SingletonCommsContext{ClimaComms.CPUSingleThreaded}, ClimaCore.Meshes.IntervalMesh{ClimaCore.Meshes.Uniform, ClimaCore.Domains.IntervalDomain{ClimaCore.Geometry.ZPoint{Float32}, Tuple{Symbol, Symbol}}, LinRange{ClimaCore.Geometry.ZPoint{Float32}, Int64}, Nothing}, @NamedTuple{bottom::Int64, top::Int64}}, ClimaCore.Geometry.CartesianGlobalGeometry, ClimaCore.DataLayouts.VF{ClimaCore.Geometry.LocalGeometry{(3,), ClimaCore.Geometry.ZPoint{Float32}, Float32, ClimaCore.Geometry.Tensor{2, Float32, Tuple{ClimaCore.Geometry.Components{ClimaCore.Geometry.Orthonormal, (1, 2, 3)}, ClimaCore.Geometry.Components{ClimaCore.Geometry.Covariant, (1, 2, 3)}}, StaticArraysCore.SMatrix{3, 3, Float32, 9}}, ClimaCore.Geometry.Tensor{2, Float32, Tuple{ClimaCore.Geometry.Components{ClimaCore.Geometry.Contravariant, (1, 2, 3)}, ClimaCore.Geometry.Components{ClimaCore.Geometry.Contravariant, (1, 2, 3)}}, StaticArraysCore.SMatrix{3, 3, Float32, 9}}}, 90, Matrix{Float32}}, ClimaCore.DataLayouts.VF{ClimaCore.Geometry.LocalGeometry{(3,), ClimaCore.Geometry.ZPoint{Float32}, Float32, ClimaCore.Geometry.Tensor{2, Float32, Tuple{ClimaCore.Geometry.Components{ClimaCore.Geometry.Orthonormal, (1, 2, 3)}, ClimaCore.Geometry.Components{ClimaCore.Geometry.Covariant, (1, 2, 3)}}, StaticArraysCore.SMatrix{3, 3, Float32, 9}}, ClimaCore.Geometry.Tensor{2, Float32, Tuple{ClimaCore.Geometry.Components{ClimaCore.Geometry.Contravariant, (1, 2, 3)}, ClimaCore.Geometry.Components{ClimaCore.Geometry.Contravariant, (1, 2, 3)}}, StaticArraysCore.SMatrix{3, 3, Float32, 9}}}, 91, Matrix{Float32}}}, ClimaCore.Grids.CellCenter}}, ᶜwᵢ::ClimaCore.Fields.Field{ClimaCore.DataLayouts.VF{Float32, 90, Matrix{Float32}}, ClimaCore.Spaces.FiniteDifferenceSpace{ClimaCore.Grids.FiniteDifferenceGrid{ClimaCore.Topologies.IntervalTopology{ClimaComms.SingletonCommsContext{ClimaComms.CPUSingleThreaded}, ClimaCore.Meshes.IntervalMesh{ClimaCore.Meshes.Uniform, ClimaCore.Domains.IntervalDomain{ClimaCore.Geometry.ZPoint{Float32}, Tuple{Symbol, Symbol}}, LinRange{ClimaCore.Geometry.ZPoint{Float32}, Int64}, Nothing}, @NamedTuple{bottom::Int64, top::Int64}}, ClimaCore.Geometry.CartesianGlobalGeometry, ClimaCore.DataLayouts.VF{ClimaCore.Geometry.LocalGeometry{(3,), ClimaCore.Geometry.ZPoint{Float32}, Float32, ClimaCore.Geometry.Tensor{2, Float32, Tuple{ClimaCore.Geometry.Components{ClimaCore.Geometry.Orthonormal, (1, 2, 3)}, ClimaCore.Geometry.Components{ClimaCore.Geometry.Covariant, (1, 2, 3)}}, StaticArraysCore.SMatrix{3, 3, Float32, 9}}, ClimaCore.Geometry.Tensor{2, Float32, Tuple{ClimaCore.Geometry.Components{ClimaCore.Geometry.Contravariant, (1, 2, 3)}, ClimaCore.Geometry.Components{ClimaCore.Geometry.Contravariant, (1, 2, 3)}}, StaticArraysCore.SMatrix{3, 3, Float32, 9}}}, 90, Matrix{Float32}}, ClimaCore.DataLayouts.VF{ClimaCore.Geometry.LocalGeometry{(3,), ClimaCore.Geometry.ZPoint{Float32}, Float32, ClimaCore.Geometry.Tensor{2, Float32, Tuple{ClimaCore.Geometry.Components{ClimaCore.Geometry.Orthonormal, (1, 2, 3)}, ClimaCore.Geometry.Components{ClimaCore.Geometry.Covariant, (1, 2, 3)}}, StaticArraysCore.SMatrix{3, 3, Float32, 9}}, ClimaCore.Geometry.Tensor{2, Float32, Tuple{ClimaCore.Geometry.Components{ClimaCore.Geometry.Contravariant, (1, 2, 3)}, ClimaCore.Geometry.Components{ClimaCore.Geometry.Contravariant, (1, 2, 3)}}, StaticArraysCore.SMatrix{3, 3, Float32, 9}}}, 91, Matrix{Float32}}}, ClimaCore.Grids.CellCenter}}, ᶜwᵣ::ClimaCore.Fields.Field{ClimaCore.DataLayouts.VF{Float32, 90, Matrix{Float32}}, ClimaCore.Spaces.FiniteDifferenceSpace{ClimaCore.Grids.FiniteDifferenceGrid{ClimaCore.Topologies.IntervalTopology{ClimaComms.SingletonCommsContext{ClimaComms.CPUSingleThreaded}, ClimaCore.Meshes.IntervalMesh{ClimaCore.Meshes.Uniform, ClimaCore.Domains.IntervalDomain{ClimaCore.Geometry.ZPoint{Float32}, Tuple{Symbol, Symbol}}, LinRange{ClimaCore.Geometry.ZPoint{Float32}, Int64}, Nothing}, @NamedTuple{bottom::Int64, top::Int64}}, ClimaCore.Geometry.CartesianGlobalGeometry, ClimaCore.DataLayouts.VF{ClimaCore.Geometry.LocalGeometry{(3,), ClimaCore.Geometry.ZPoint{Float32}, Float32, ClimaCore.Geometry.Tensor{2, Float32, Tuple{ClimaCore.Geometry.Components{ClimaCore.Geometry.Orthonormal, (1, 2, 3)}, ClimaCore.Geometry.Components{ClimaCore.Geometry.Covariant, (1, 2, 3)}}, StaticArraysCore.SMatrix{3, 3, Float32, 9}}, ClimaCore.Geometry.Tensor{2, Float32, Tuple{ClimaCore.Geometry.Components{ClimaCore.Geometry.Contravariant, (1, 2, 3)}, ClimaCore.Geometry.Components{ClimaCore.Geometry.Contravariant, (1, 2, 3)}}, StaticArraysCore.SMatrix{3, 3, Float32, 9}}}, 90, Matrix{Float32}}, ClimaCore.DataLayouts.VF{ClimaCore.Geometry.LocalGeometry{(3,), ClimaCore.Geometry.ZPoint{Float32}, Float32, ClimaCore.Geometry.Tensor{2, Float32, Tuple{ClimaCore.Geometry.Components{ClimaCore.Geometry.Orthonormal, (1, 2, 3)}, ClimaCore.Geometry.Components{ClimaCore.Geometry.Covariant, (1, 2, 3)}}, StaticArraysCore.SMatrix{3, 3, Float32, 9}}, ClimaCore.Geometry.Tensor{2, Float32, Tuple{ClimaCore.Geometry.Components{ClimaCore.Geometry.Contravariant, (1, 2, 3)}, ClimaCore.Geometry.Components{ClimaCore.Geometry.Contravariant, (1, 2, 3)}}, StaticArraysCore.SMatrix{3, 3, Float32, 9}}}, 91, Matrix{Float32}}}, ClimaCore.Grids.CellCenter}}, ᶜwₛ::ClimaCore.Fields.Field{ClimaCore.DataLayouts.VF{Float32, 90, Matrix{Float32}}, ClimaCore.Spaces.FiniteDifferenceSpace{ClimaCore.Grids.FiniteDifferenceGrid{ClimaCore.Topologies.IntervalTopology{ClimaComms.SingletonCommsContext{ClimaComms.CPUSingleThreaded}, ClimaCore.Meshes.IntervalMesh{ClimaCore.Meshes.Uniform, ClimaCore.Domains.IntervalDomain{ClimaCore.Geometry.ZPoint{Float32}, Tuple{Symbol, Symbol}}, LinRange{ClimaCore.Geometry.ZPoint{Float32}, Int64}, Nothing}, @NamedTuple{bottom::Int64, top::Int64}}, ClimaCore.Geometry.CartesianGlobalGeometry, ClimaCore.DataLayouts.VF{ClimaCore.Geometry.LocalGeometry{(3,), ClimaCore.Geometry.ZPoint{Float32}, Float32, ClimaCore.Geometry.Tensor{2, Float32, Tuple{ClimaCore.Geometry.Components{ClimaCore.Geometry.Orthonormal, (1, 2, 3)}, ClimaCore.Geometry.Components{ClimaCore.Geometry.Covariant, (1, 2, 3)}}, StaticArraysCore.SMatrix{3, 3, Float32, 9}}, ClimaCore.Geometry.Tensor{2, Float32, Tuple{ClimaCore.Geometry.Components{ClimaCore.Geometry.Contravariant, (1, 2, 3)}, ClimaCore.Geometry.Components{ClimaCore.Geometry.Contravariant, (1, 2, 3)}}, StaticArraysCore.SMatrix{3, 3, Float32, 9}}}, 90, Matrix{Float32}}, ClimaCore.DataLayouts.VF{ClimaCore.Geometry.LocalGeometry{(3,), ClimaCore.Geometry.ZPoint{Float32}, Float32, ClimaCore.Geometry.Tensor{2, Float32, Tuple{ClimaCore.Geometry.Components{ClimaCore.Geometry.Orthonormal, (1, 2, 3)}, ClimaCore.Geometry.Components{ClimaCore.Geometry.Covariant, (1, 2, 3)}}, StaticArraysCore.SMatrix{3, 3, Float32, 9}}, ClimaCore.Geometry.Tensor{2, Float32, Tuple{ClimaCore.Geometry.Components{ClimaCore.Geometry.Contravariant, (1, 2, 3)}, ClimaCore.Geometry.Components{ClimaCore.Geometry.Contravariant, (1, 2, 3)}}, StaticArraysCore.SMatrix{3, 3, Float32, 9}}}, 91, Matrix{Float32}}}, ClimaCore.Grids.CellCenter}}, ᶜwₙₗ::ClimaCore.Fields.Field{ClimaCore.DataLayouts.VF{Float32, 90, Matrix{Float32}}, ClimaCore.Spaces.FiniteDifferenceSpace{ClimaCore.Grids.FiniteDifferenceGrid{ClimaCore.Topologies.IntervalTopology{ClimaComms.SingletonCommsContext{ClimaComms.CPUSingleThreaded}, ClimaCore.Meshes.IntervalMesh{ClimaCore.Meshes.Uniform, ClimaCore.Domains.IntervalDomain{ClimaCore.Geometry.ZPoint{Float32}, Tuple{Symbol, Symbol}}, LinRange{ClimaCore.Geometry.ZPoint{Float32}, Int64}, Nothing}, @NamedTuple{bottom::Int64, top::Int64}}, ClimaCore.Geometry.CartesianGlobalGeometry, ClimaCore.DataLayouts.VF{ClimaCore.Geometry.LocalGeometry{(3,), ClimaCore.Geometry.ZPoint{Float32}, Float32, ClimaCore.Geometry.Tensor{2, Float32, Tuple{ClimaCore.Geometry.Components{ClimaCore.Geometry.Orthonormal, (1, 2, 3)}, ClimaCore.Geometry.Components{ClimaCore.Geometry.Covariant, (1, 2, 3)}}, StaticArraysCore.SMatrix{3, 3, Float32, 9}}, ClimaCore.Geometry.Tensor{2, Float32, Tuple{ClimaCore.Geometry.Components{ClimaCore.Geometry.Contravariant, (1, 2, 3)}, ClimaCore.Geometry.Components{ClimaCore.Geometry.Contravariant, (1, 2, 3)}}, StaticArraysCore.SMatrix{3, 3, Float32, 9}}}, 90, Matrix{Float32}}, ClimaCore.DataLayouts.VF{ClimaCore.Geometry.LocalGeometry{(3,), ClimaCore.Geometry.ZPoint{Float32}, Float32, ClimaCore.Geometry.Tensor{2, Float32, Tuple{ClimaCore.Geometry.Components{ClimaCore.Geometry.Orthonormal, (1, 2, 3)}, ClimaCore.Geometry.Components{ClimaCore.Geometry.Covariant, (1, 2, 3)}}, StaticArraysCore.SMatrix{3, 3, Float32, 9}}, ClimaCore.Geometry.Tensor{2, Float32, Tuple{ClimaCore.Geometry.Components{ClimaCore.Geometry.Contravariant, (1, 2, 3)}, ClimaCore.Geometry.Components{ClimaCore.Geometry.Contravariant, (1, 2, 3)}}, StaticArraysCore.SMatrix{3, 3, Float32, 9}}}, 91, Matrix{Float32}}}, ClimaCore.Grids.CellCenter}}, ᶜwₙᵣ::ClimaCore.Fields.Field{ClimaCore.DataLayouts.VF{Float32, 90, Matrix{Float32}}, ClimaCore.Spaces.FiniteDifferenceSpace{ClimaCore.Grids.FiniteDifferenceGrid{ClimaCore.Topologies.IntervalTopology{ClimaComms.SingletonCommsContext{ClimaComms.CPUSingleThreaded}, ClimaCore.Meshes.IntervalMesh{ClimaCore.Meshes.Uniform, ClimaCore.Domains.IntervalDomain{ClimaCore.Geometry.ZPoint{Float32}, Tuple{Symbol, Symbol}}, LinRange{ClimaCore.Geometry.ZPoint{Float32}, Int64}, Nothing}, @NamedTuple{bottom::Int64, top::Int64}}, ClimaCore.Geometry.CartesianGlobalGeometry, ClimaCore.DataLayouts.VF{ClimaCore.Geometry.LocalGeometry{(3,), ClimaCore.Geometry.ZPoint{Float32}, Float32, ClimaCore.Geometry.Tensor{2, Float32, Tuple{ClimaCore.Geometry.Components{ClimaCore.Geometry.Orthonormal, (1, 2, 3)}, ClimaCore.Geometry.Components{ClimaCore.Geometry.Covariant, (1, 2, 3)}}, StaticArraysCore.SMatrix{3, 3, Float32, 9}}, ClimaCore.Geometry.Tensor{2, Float32, Tuple{ClimaCore.Geometry.Components{ClimaCore.Geometry.Contravariant, (1, 2, 3)}, ClimaCore.Geometry.Components{ClimaCore.Geometry.Contravariant, (1, 2, 3)}}, StaticArraysCore.SMatrix{3, 3, Float32, 9}}}, 90, Matrix{Float32}}, ClimaCore.DataLayouts.VF{ClimaCore.Geometry.LocalGeometry{(3,), ClimaCore.Geometry.ZPoint{Float32}, Float32, ClimaCore.Geometry.Tensor{2, Float32, Tuple{ClimaCore.Geometry.Components{ClimaCore.Geometry.Orthonormal, (1, 2, 3)}, ClimaCore.Geometry.Components{ClimaCore.Geometry.Covariant, (1, 2, 3)}}, StaticArraysCore.SMatrix{3, 3, Float32, 9}}, ClimaCore.Geometry.Tensor{2, Float32, Tuple{ClimaCore.Geometry.Components{ClimaCore.Geometry.Contravariant, (1, 2, 3)}, ClimaCore.Geometry.Components{ClimaCore.Geometry.Contravariant, (1, 2, 3)}}, StaticArraysCore.SMatrix{3, 3, Float32, 9}}}, 91, Matrix{Float32}}}, ClimaCore.Grids.CellCenter}}, ᶜmp_tendency::ClimaCore.Fields.Field{ClimaCore.DataLayouts.VF{@NamedTuple{dq_lcl_dt::Float32, dn_lcl_dt::Float32, dq_rai_dt::Float32, dn_rai_dt::Float32, dq_ice_dt::Float32, dq_rim_dt::Float32, db_rim_dt::Float32}, 90, Matrix{Float32}}, ClimaCore.Spaces.FiniteDifferenceSpace{ClimaCore.Grids.FiniteDifferenceGrid{ClimaCore.Topologies.IntervalTopology{ClimaComms.SingletonCommsContext{ClimaComms.CPUSingleThreaded}, ClimaCore.Meshes.IntervalMesh{ClimaCore.Meshes.Uniform, ClimaCore.Domains.IntervalDomain{ClimaCore.Geometry.ZPoint{Float32}, Tuple{Symbol, Symbol}}, LinRange{ClimaCore.Geometry.ZPoint{Float32}, Int64}, Nothing}, @NamedTuple{bottom::Int64, top::Int64}}, ClimaCore.Geometry.CartesianGlobalGeometry, ClimaCore.DataLayouts.VF{ClimaCore.Geometry.LocalGeometry{(3,), ClimaCore.Geometry.ZPoint{Float32}, Float32, ClimaCore.Geometry.Tensor{2, Float32, Tuple{ClimaCore.Geometry.Components{ClimaCore.Geometry.Orthonormal, (1, 2, 3)}, ClimaCore.Geometry.Components{ClimaCore.Geometry.Covariant, (1, 2, 3)}}, StaticArraysCore.SMatrix{3, 3, Float32, 9}}, ClimaCore.Geometry.Tensor{2, Float32, Tuple{ClimaCore.Geometry.Components{ClimaCore.Geometry.Contravariant, (1, 2, 3)}, ClimaCore.Geometry.Components{ClimaCore.Geometry.Contravariant, (1, 2, 3)}}, StaticArraysCore.SMatrix{3, 3, Float32, 9}}}, 90, Matrix{Float32}}, ClimaCore.DataLayouts.VF{ClimaCore.Geometry.LocalGeometry{(3,), ClimaCore.Geometry.ZPoint{Float32}, Float32, ClimaCore.Geometry.Tensor{2, Float32, Tuple{ClimaCore.Geometry.Components{ClimaCore.Geometry.Orthonormal, (1, 2, 3)}, ClimaCore.Geometry.Components{ClimaCore.Geometry.Covariant, (1, 2, 3)}}, StaticArraysCore.SMatrix{3, 3, Float32, 9}}, ClimaCore.Geometry.Tensor{2, Float32, Tuple{ClimaCore.Geometry.Components{ClimaCore.Geometry.Contravariant, (1, 2, 3)}, ClimaCore.Geometry.Components{ClimaCore.Geometry.Contravariant, (1, 2, 3)}}, StaticArraysCore.SMatrix{3, 3, Float32, 9}}}, 91, Matrix{Float32}}}, ClimaCore.Grids.CellCenter}}, ᶜcloud_fraction::ClimaCore.Fields.Field{ClimaCore.DataLayouts.VF{Float32, 90, Matrix{Float32}}, ClimaCore.Spaces.FiniteDifferenceSpace{ClimaCore.Grids.FiniteDifferenceGrid{ClimaCore.Topologies.IntervalTopology{ClimaComms.SingletonCommsContext{ClimaComms.CPUSingleThreaded}, ClimaCore.Meshes.IntervalMesh{ClimaCore.Meshes.Uniform, ClimaCore.Domains.IntervalDomain{ClimaCore.Geometry.ZPoint{Float32}, Tuple{Symbol, Symbol}}, LinRange{ClimaCore.Geometry.ZPoint{Float32}, Int64}, Nothing}, @NamedTuple{bottom::Int64, top::Int64}}, ClimaCore.Geometry.CartesianGlobalGeometry, ClimaCore.DataLayouts.VF{ClimaCore.Geometry.LocalGeometry{(3,), ClimaCore.Geometry.ZPoint{Float32}, Float32, ClimaCore.Geometry.Tensor{2, Float32, Tuple{ClimaCore.Geometry.Components{ClimaCore.Geometry.Orthonormal, (1, 2, 3)}, ClimaCore.Geometry.Components{ClimaCore.Geometry.Covariant, (1, 2, 3)}}, StaticArraysCore.SMatrix{3, 3, Float32, 9}}, ClimaCore.Geometry.Tensor{2, Float32, Tuple{ClimaCore.Geometry.Components{ClimaCore.Geometry.Contravariant, (1, 2, 3)}, ClimaCore.Geometry.Components{ClimaCore.Geometry.Contravariant, (1, 2, 3)}}, StaticArraysCore.SMatrix{3, 3, Float32, 9}}}, 90, Matrix{Float32}}, ClimaCore.DataLayouts.VF{ClimaCore.Geometry.LocalGeometry{(3,), ClimaCore.Geometry.ZPoint{Float32}, Float32, ClimaCore.Geometry.Tensor{2, Float32, Tuple{ClimaCore.Geometry.Components{ClimaCore.Geometry.Orthonormal, (1, 2, 3)}, ClimaCore.Geometry.Components{ClimaCore.Geometry.Covariant, (1, 2, 3)}}, StaticArraysCore.SMatrix{3, 3, Float32, 9}}, ClimaCore.Geometry.Tensor{2, Float32, Tuple{ClimaCore.Geometry.Components{ClimaCore.Geometry.Contravariant, (1, 2, 3)}, ClimaCore.Geometry.Components{ClimaCore.Geometry.Contravariant, (1, 2, 3)}}, StaticArraysCore.SMatrix{3, 3, Float32, 9}}}, 91, Matrix{Float32}}}, ClimaCore.Grids.CellCenter}}, ᶜT′T′::ClimaCore.Fields.Field{ClimaCore.DataLayouts.VF{Float32, 90, Matrix{Float32}}, ClimaCore.Spaces.FiniteDifferenceSpace{ClimaCore.Grids.FiniteDifferenceGrid{ClimaCore.Topologies.IntervalTopology{ClimaComms.SingletonCommsContext{ClimaComms.CPUSingleThreaded}, ClimaCore.Meshes.IntervalMesh{ClimaCore.Meshes.Uniform, ClimaCore.Domains.IntervalDomain{ClimaCore.Geometry.ZPoint{Float32}, Tuple{Symbol, Symbol}}, LinRange{ClimaCore.Geometry.ZPoint{Float32}, Int64}, Nothing}, @NamedTuple{bottom::Int64, top::Int64}}, ClimaCore.Geometry.CartesianGlobalGeometry, ClimaCore.DataLayouts.VF{ClimaCore.Geometry.LocalGeometry{(3,), ClimaCore.Geometry.ZPoint{Float32}, Float32, ClimaCore.Geometry.Tensor{2, Float32, Tuple{ClimaCore.Geometry.Components{ClimaCore.Geometry.Orthonormal, (1, 2, 3)}, ClimaCore.Geometry.Components{ClimaCore.Geometry.Covariant, (1, 2, 3)}}, StaticArraysCore.SMatrix{3, 3, Float32, 9}}, ClimaCore.Geometry.Tensor{2, Float32, Tuple{ClimaCore.Geometry.Components{ClimaCore.Geometry.Contravariant, (1, 2, 3)}, ClimaCore.Geometry.Components{ClimaCore.Geometry.Contravariant, (1, 2, 3)}}, StaticArraysCore.SMatrix{3, 3, Float32, 9}}}, 90, Matrix{Float32}}, ClimaCore.DataLayouts.VF{ClimaCore.Geometry.LocalGeometry{(3,), ClimaCore.Geometry.ZPoint{Float32}, Float32, ClimaCore.Geometry.Tensor{2, Float32, Tuple{ClimaCore.Geometry.Components{ClimaCore.Geometry.Orthonormal, (1, 2, 3)}, ClimaCore.Geometry.Components{ClimaCore.Geometry.Covariant, (1, 2, 3)}}, StaticArraysCore.SMatrix{3, 3, Float32, 9}}, ClimaCore.Geometry.Tensor{2, Float32, Tuple{ClimaCore.Geometry.Components{ClimaCore.Geometry.Contravariant, (1, 2, 3)}, ClimaCore.Geometry.Components{ClimaCore.Geometry.Contravariant, (1, 2, 3)}}, StaticArraysCore.SMatrix{3, 3, Float32, 9}}}, 91, Matrix{Float32}}}, ClimaCore.Grids.CellCenter}}, ᶜq′q′::ClimaCore.Fields.Field{ClimaCore.DataLayouts.VF{Float32, 90, Matrix{Float32}}, ClimaCore.Spaces.FiniteDifferenceSpace{ClimaCore.Grids.FiniteDifferenceGrid{ClimaCore.Topologies.IntervalTopology{ClimaComms.SingletonCommsContext{ClimaComms.CPUSingleThreaded}, ClimaCore.Meshes.IntervalMesh{ClimaCore.Meshes.Uniform, ClimaCore.Domains.IntervalDomain{ClimaCore.Geometry.ZPoint{Float32}, Tuple{Symbol, Symbol}}, LinRange{ClimaCore.Geometry.ZPoint{Float32}, Int64}, Nothing}, @NamedTuple{bottom::Int64, top::Int64}}, ClimaCore.Geometry.CartesianGlobalGeometry, ClimaCore.DataLayouts.VF{ClimaCore.Geometry.LocalGeometry{(3,), ClimaCore.Geometry.ZPoint{Float32}, Float32, ClimaCore.Geometry.Tensor{2, Float32, Tuple{ClimaCore.Geometry.Components{ClimaCore.Geometry.Orthonormal, (1, 2, 3)}, ClimaCore.Geometry.Components{ClimaCore.Geometry.Covariant, (1, 2, 3)}}, StaticArraysCore.SMatrix{3, 3, Float32, 9}}, ClimaCore.Geometry.Tensor{2, Float32, Tuple{ClimaCore.Geometry.Components{ClimaCore.Geometry.Contravariant, (1, 2, 3)}, ClimaCore.Geometry.Components{ClimaCore.Geometry.Contravariant, (1, 2, 3)}}, StaticArraysCore.SMatrix{3, 3, Float32, 9}}}, 90, Matrix{Float32}}, ClimaCore.DataLayouts.VF{ClimaCore.Geometry.LocalGeometry{(3,), ClimaCore.Geometry.ZPoint{Float32}, Float32, ClimaCore.Geometry.Tensor{2, Float32, Tuple{ClimaCore.Geometry.Components{ClimaCore.Geometry.Orthonormal, (1, 2, 3)}, ClimaCore.Geometry.Components{ClimaCore.Geometry.Covariant, (1, 2, 3)}}, StaticArraysCore.SMatrix{3, 3, Float32, 9}}, ClimaCore.Geometry.Tensor{2, Float32, Tuple{ClimaCore.Geometry.Components{ClimaCore.Geometry.Contravariant, (1, 2, 3)}, ClimaCore.Geometry.Components{ClimaCore.Geometry.Contravariant, (1, 2, 3)}}, StaticArraysCore.SMatrix{3, 3, Float32, 9}}}, 91, Matrix{Float32}}}, ClimaCore.Grids.CellCenter}}, ᶜsgs_moments::ClimaCore.Fields.Field{ClimaCore.DataLayouts.VF{@NamedTuple{sigma_S::Float32, λ_lagrange::Float32}, 90, Matrix{Float32}}, ClimaCore.Spaces.FiniteDifferenceSpace{ClimaCore.Grids.FiniteDifferenceGrid{ClimaCore.Topologies.IntervalTopology{ClimaComms.SingletonCommsContext{ClimaComms.CPUSingleThreaded}, ClimaCore.Meshes.IntervalMesh{ClimaCore.Meshes.Uniform, ClimaCore.Domains.IntervalDomain{ClimaCore.Geometry.ZPoint{Float32}, Tuple{Symbol, Symbol}}, LinRange{ClimaCore.Geometry.ZPoint{Float32}, Int64}, Nothing}, @NamedTuple{bottom::Int64, top::Int64}}, ClimaCore.Geometry.CartesianGlobalGeometry, ClimaCore.DataLayouts.VF{ClimaCore.Geometry.LocalGeometry{(3,), ClimaCore.Geometry.ZPoint{Float32}, Float32, ClimaCore.Geometry.Tensor{2, Float32, Tuple{ClimaCore.Geometry.Components{ClimaCore.Geometry.Orthonormal, (1, 2, 3)}, ClimaCore.Geometry.Components{ClimaCore.Geometry.Covariant, (1, 2, 3)}}, StaticArraysCore.SMatrix{3, 3, Float32, 9}}, ClimaCore.Geometry.Tensor{2, Float32, Tuple{ClimaCore.Geometry.Components{ClimaCore.Geometry.Contravariant, (1, 2, 3)}, ClimaCore.Geometry.Components{ClimaCore.Geometry.Contravariant, (1, 2, 3)}}, StaticArraysCore.SMatrix{3, 3, Float32, 9}}}, 90, Matrix{Float32}}, ClimaCore.DataLayouts.VF{ClimaCore.Geometry.LocalGeometry{(3,), ClimaCore.Geometry.ZPoint{Float32}, Float32, ClimaCore.Geometry.Tensor{2, Float32, Tuple{ClimaCore.Geometry.Components{ClimaCore.Geometry.Orthonormal, (1, 2, 3)}, ClimaCore.Geometry.Components{ClimaCore.Geometry.Covariant, (1, 2, 3)}}, StaticArraysCore.SMatrix{3, 3, Float32, 9}}, ClimaCore.Geometry.Tensor{2, Float32, Tuple{ClimaCore.Geometry.Components{ClimaCore.Geometry.Contravariant, (1, 2, 3)}, ClimaCore.Geometry.Components{ClimaCore.Geometry.Contravariant, (1, 2, 3)}}, StaticArraysCore.SMatrix{3, 3, Float32, 9}}}, 91, Matrix{Float32}}}, ClimaCore.Grids.CellCenter}}}, scratch::@NamedTuple{ᶠtemp_scalar::ClimaCore.Fields.Field{ClimaCore.DataLayouts.VF{Float32, 91, Matrix{Float32}}, ClimaCore.Spaces.FiniteDifferenceSpace{ClimaCore.Grids.FiniteDifferenceGrid{ClimaCore.Topologies.IntervalTopology{ClimaComms.SingletonCommsContext{ClimaComms.CPUSingleThreaded}, ClimaCore.Meshes.IntervalMesh{ClimaCore.Meshes.Uniform, ClimaCore.Domains.IntervalDomain{ClimaCore.Geometry.ZPoint{Float32}, Tuple{Symbol, Symbol}}, LinRange{ClimaCore.Geometry.ZPoint{Float32}, Int64}, Nothing}, @NamedTuple{bottom::Int64, top::Int64}}, ClimaCore.Geometry.CartesianGlobalGeometry, ClimaCore.DataLayouts.VF{ClimaCore.Geometry.LocalGeometry{(3,), ClimaCore.Geometry.ZPoint{Float32}, Float32, ClimaCore.Geometry.Tensor{2, Float32, Tuple{ClimaCore.Geometry.Components{ClimaCore.Geometry.Orthonormal, (1, 2, 3)}, ClimaCore.Geometry.Components{ClimaCore.Geometry.Covariant, (1, 2, 3)}}, StaticArraysCore.SMatrix{3, 3, Float32, 9}}, ClimaCore.Geometry.Tensor{2, Float32, Tuple{ClimaCore.Geometry.Components{ClimaCore.Geometry.Contravariant, (1, 2, 3)}, ClimaCore.Geometry.Components{ClimaCore.Geometry.Contravariant, (1, 2, 3)}}, StaticArraysCore.SMatrix{3, 3, Float32, 9}}}, 90, Matrix{Float32}}, ClimaCore.DataLayouts.VF{ClimaCore.Geometry.LocalGeometry{(3,), ClimaCore.Geometry.ZPoint{Float32}, Float32, ClimaCore.Geometry.Tensor{2, Float32, Tuple{ClimaCore.Geometry.Components{ClimaCore.Geometry.Orthonormal, (1, 2, 3)}, ClimaCore.Geometry.Components{ClimaCore.Geometry.Covariant, (1, 2, 3)}}, StaticArraysCore.SMatrix{3, 3, Float32, 9}}, ClimaCore.Geometry.Tensor{2, Float32, Tuple{ClimaCore.Geometry.Components{ClimaCore.Geometry.Contravariant, (1, 2, 3)}, ClimaCore.Geometry.Components{ClimaCore.Geometry.Contravariant, (1, 2, 3)}}, StaticArraysCore.SMatrix{3, 3, Float32, 9}}}, 91, Matrix{Float32}}}, ClimaCore.Grids.CellFace}}, ᶠtemp_scalar_2::ClimaCore.Fields.Field{ClimaCore.DataLayouts.VF{Float32, 91, Matrix{Float32}}, ClimaCore.Spaces.FiniteDifferenceSpace{ClimaCore.Grids.FiniteDifferenceGrid{ClimaCore.Topologies.IntervalTopology{ClimaComms.SingletonCommsContext{ClimaComms.CPUSingleThreaded}, ClimaCore.Meshes.IntervalMesh{ClimaCore.Meshes.Uniform, ClimaCore.Domains.IntervalDomain{ClimaCore.Geometry.ZPoint{Float32}, Tuple{Symbol, Symbol}}, LinRange{ClimaCore.Geometry.ZPoint{Float32}, Int64}, Nothing}, @NamedTuple{bottom::Int64, top::Int64}}, ClimaCore.Geometry.CartesianGlobalGeometry, ClimaCore.DataLayouts.VF{ClimaCore.Geometry.LocalGeometry{(3,), ClimaCore.Geometry.ZPoint{Float32}, Float32, ClimaCore.Geometry.Tensor{2, Float32, Tuple{ClimaCore.Geometry.Components{ClimaCore.Geometry.Orthonormal, (1, 2, 3)}, ClimaCore.Geometry.Components{ClimaCore.Geometry.Covariant, (1, 2, 3)}}, StaticArraysCore.SMatrix{3, 3, Float32, 9}}, ClimaCore.Geometry.Tensor{2, Float32, Tuple{ClimaCore.Geometry.Components{ClimaCore.Geometry.Contravariant, (1, 2, 3)}, ClimaCore.Geometry.Components{ClimaCore.Geometry.Contravariant, (1, 2, 3)}}, StaticArraysCore.SMatrix{3, 3, Float32, 9}}}, 90, Matrix{Float32}}, ClimaCore.DataLayouts.VF{ClimaCore.Geometry.LocalGeometry{(3,), ClimaCore.Geometry.ZPoint{Float32}, Float32, ClimaCore.Geometry.Tensor{2, Float32, Tuple{ClimaCore.Geometry.Components{ClimaCore.Geometry.Orthonormal, (1, 2, 3)}, ClimaCore.Geometry.Components{ClimaCore.Geometry.Covariant, (1, 2, 3)}}, StaticArraysCore.SMatrix{3, 3, Float32, 9}}, ClimaCore.Geometry.Tensor{2, Float32, Tuple{ClimaCore.Geometry.Components{ClimaCore.Geometry.Contravariant, (1, 2, 3)}, ClimaCore.Geometry.Components{ClimaCore.Geometry.Contravariant, (1, 2, 3)}}, StaticArraysCore.SMatrix{3, 3, Float32, 9}}}, 91, Matrix{Float32}}}, ClimaCore.Grids.CellFace}}, ᶠtemp_scalar_3::ClimaCore.Fields.Field{ClimaCore.DataLayouts.VF{Float32, 91, Matrix{Float32}}, ClimaCore.Spaces.FiniteDifferenceSpace{ClimaCore.Grids.FiniteDifferenceGrid{ClimaCore.Topologies.IntervalTopology{ClimaComms.SingletonCommsContext{ClimaComms.CPUSingleThreaded}, ClimaCore.Meshes.IntervalMesh{ClimaCore.Meshes.Uniform, ClimaCore.Domains.IntervalDomain{ClimaCore.Geometry.ZPoint{Float32}, Tuple{Symbol, Symbol}}, LinRange{ClimaCore.Geometry.ZPoint{Float32}, Int64}, Nothing}, @NamedTuple{bottom::Int64, top::Int64}}, ClimaCore.Geometry.CartesianGlobalGeometry, ClimaCore.DataLayouts.VF{ClimaCore.Geometry.LocalGeometry{(3,), ClimaCore.Geometry.ZPoint{Float32}, Float32, ClimaCore.Geometry.Tensor{2, Float32, Tuple{ClimaCore.Geometry.Components{ClimaCore.Geometry.Orthonormal, (1, 2, 3)}, ClimaCore.Geometry.Components{ClimaCore.Geometry.Covariant, (1, 2, 3)}}, StaticArraysCore.SMatrix{3, 3, Float32, 9}}, ClimaCore.Geometry.Tensor{2, Float32, Tuple{ClimaCore.Geometry.Components{ClimaCore.Geometry.Contravariant, (1, 2, 3)}, ClimaCore.Geometry.Components{ClimaCore.Geometry.Contravariant, (1, 2, 3)}}, StaticArraysCore.SMatrix{3, 3, Float32, 9}}}, 90, Matrix{Float32}}, ClimaCore.DataLayouts.VF{ClimaCore.Geometry.LocalGeometry{(3,), ClimaCore.Geometry.ZPoint{Float32}, Float32, ClimaCore.Geometry.Tensor{2, Float32, Tuple{ClimaCore.Geometry.Components{ClimaCore.Geometry.Orthonormal, (1, 2, 3)}, ClimaCore.Geometry.Components{ClimaCore.Geometry.Covariant, (1, 2, 3)}}, StaticArraysCore.SMatrix{3, 3, Float32, 9}}, ClimaCore.Geometry.Tensor{2, Float32, Tuple{ClimaCore.Geometry.Components{ClimaCore.Geometry.Contravariant, (1, 2, 3)}, ClimaCore.Geometry.Components{ClimaCore.Geometry.Contravariant, (1, 2, 3)}}, StaticArraysCore.SMatrix{3, 3, Float32, 9}}}, 91, Matrix{Float32}}}, ClimaCore.Grids.CellFace}}, ᶜtemp_scalar::ClimaCore.Fields.Field{ClimaCore.DataLayouts.VF{Float32, 90, Matrix{Float32}}, ClimaCore.Spaces.FiniteDifferenceSpace{ClimaCore.Grids.FiniteDifferenceGrid{ClimaCore.Topologies.IntervalTopology{ClimaComms.SingletonCommsContext{ClimaComms.CPUSingleThreaded}, ClimaCore.Meshes.IntervalMesh{ClimaCore.Meshes.Uniform, ClimaCore.Domains.IntervalDomain{ClimaCore.Geometry.ZPoint{Float32}, Tuple{Symbol, Symbol}}, LinRange{ClimaCore.Geometry.ZPoint{Float32}, Int64}, Nothing}, @NamedTuple{bottom::Int64, top::Int64}}, ClimaCore.Geometry.CartesianGlobalGeometry, ClimaCore.DataLayouts.VF{ClimaCore.Geometry.LocalGeometry{(3,), ClimaCore.Geometry.ZPoint{Float32}, Float32, ClimaCore.Geometry.Tensor{2, Float32, Tuple{ClimaCore.Geometry.Components{ClimaCore.Geometry.Orthonormal, (1, 2, 3)}, ClimaCore.Geometry.Components{ClimaCore.Geometry.Covariant, (1, 2, 3)}}, StaticArraysCore.SMatrix{3, 3, Float32, 9}}, ClimaCore.Geometry.Tensor{2, Float32, Tuple{ClimaCore.Geometry.Components{ClimaCore.Geometry.Contravariant, (1, 2, 3)}, ClimaCore.Geometry.Components{ClimaCore.Geometry.Contravariant, (1, 2, 3)}}, StaticArraysCore.SMatrix{3, 3, Float32, 9}}}, 90, Matrix{Float32}}, ClimaCore.DataLayouts.VF{ClimaCore.Geometry.LocalGeometry{(3,), ClimaCore.Geometry.ZPoint{Float32}, Float32, ClimaCore.Geometry.Tensor{2, Float32, Tuple{ClimaCore.Geometry.Components{ClimaCore.Geometry.Orthonormal, (1, 2, 3)}, ClimaCore.Geometry.Components{ClimaCore.Geometry.Covariant, (1, 2, 3)}}, StaticArraysCore.SMatrix{3, 3, Float32, 9}}, ClimaCore.Geometry.Tensor{2, Float32, Tuple{ClimaCore.Geometry.Components{ClimaCore.Geometry.Contravariant, (1, 2, 3)}, ClimaCore.Geometry.Components{ClimaCore.Geometry.Contravariant, (1, 2, 3)}}, StaticArraysCore.SMatrix{3, 3, Float32, 9}}}, 91, Matrix{Float32}}}, ClimaCore.Grids.CellCenter}}, ᶜtemp_scalar_2::ClimaCore.Fields.Field{ClimaCore.DataLayouts.VF{Float32, 90, Matrix{Float32}}, ClimaCore.Spaces.FiniteDifferenceSpace{ClimaCore.Grids.FiniteDifferenceGrid{ClimaCore.Topologies.IntervalTopology{ClimaComms.SingletonCommsContext{ClimaComms.CPUSingleThreaded}, ClimaCore.Meshes.IntervalMesh{ClimaCore.Meshes.Uniform, ClimaCore.Domains.IntervalDomain{ClimaCore.Geometry.ZPoint{Float32}, Tuple{Symbol, Symbol}}, LinRange{ClimaCore.Geometry.ZPoint{Float32}, Int64}, Nothing}, @NamedTuple{bottom::Int64, top::Int64}}, ClimaCore.Geometry.CartesianGlobalGeometry, ClimaCore.DataLayouts.VF{ClimaCore.Geometry.LocalGeometry{(3,), ClimaCore.Geometry.ZPoint{Float32}, Float32, ClimaCore.Geometry.Tensor{2, Float32, Tuple{ClimaCore.Geometry.Components{ClimaCore.Geometry.Orthonormal, (1, 2, 3)}, ClimaCore.Geometry.Components{ClimaCore.Geometry.Covariant, (1, 2, 3)}}, StaticArraysCore.SMatrix{3, 3, Float32, 9}}, ClimaCore.Geometry.Tensor{2, Float32, Tuple{ClimaCore.Geometry.Components{ClimaCore.Geometry.Contravariant, (1, 2, 3)}, ClimaCore.Geometry.Components{ClimaCore.Geometry.Contravariant, (1, 2, 3)}}, StaticArraysCore.SMatrix{3, 3, Float32, 9}}}, 90, Matrix{Float32}}, ClimaCore.DataLayouts.VF{ClimaCore.Geometry.LocalGeometry{(3,), ClimaCore.Geometry.ZPoint{Float32}, Float32, ClimaCore.Geometry.Tensor{2, Float32, Tuple{ClimaCore.Geometry.Components{ClimaCore.Geometry.Orthonormal, (1, 2, 3)}, ClimaCore.Geometry.Components{ClimaCore.Geometry.Covariant, (1, 2, 3)}}, StaticArraysCore.SMatrix{3, 3, Float32, 9}}, ClimaCore.Geometry.Tensor{2, Float32, Tuple{ClimaCore.Geometry.Components{ClimaCore.Geometry.Contravariant, (1, 2, 3)}, ClimaCore.Geometry.Components{ClimaCore.Geometry.Contravariant, (1, 2, 3)}}, StaticArraysCore.SMatrix{3, 3, Float32, 9}}}, 91, Matrix{Float32}}}, ClimaCore.Grids.CellCenter}}, ᶜtemp_scalar_3::ClimaCore.Fields.Field{ClimaCore.DataLayouts.VF{Float32, 90, Matrix{Float32}}, ClimaCore.Spaces.FiniteDifferenceSpace{ClimaCore.Grids.FiniteDifferenceGrid{ClimaCore.Topologies.IntervalTopology{ClimaComms.SingletonCommsContext{ClimaComms.CPUSingleThreaded}, ClimaCore.Meshes.IntervalMesh{ClimaCore.Meshes.Uniform, ClimaCore.Domains.IntervalDomain{ClimaCore.Geometry.ZPoint{Float32}, Tuple{Symbol, Symbol}}, LinRange{ClimaCore.Geometry.ZPoint{Float32}, Int64}, Nothing}, @NamedTuple{bottom::Int64, top::Int64}}, ClimaCore.Geometry.CartesianGlobalGeometry, ClimaCore.DataLayouts.VF{ClimaCore.Geometry.LocalGeometry{(3,), ClimaCore.Geometry.ZPoint{Float32}, Float32, ClimaCore.Geometry.Tensor{2, Float32, Tuple{ClimaCore.Geometry.Components{ClimaCore.Geometry.Orthonormal, (1, 2, 3)}, ClimaCore.Geometry.Components{ClimaCore.Geometry.Covariant, (1, 2, 3)}}, StaticArraysCore.SMatrix{3, 3, Float32, 9}}, ClimaCore.Geometry.Tensor{2, Float32, Tuple{ClimaCore.Geometry.Components{ClimaCore.Geometry.Contravariant, (1, 2, 3)}, ClimaCore.Geometry.Components{ClimaCore.Geometry.Contravariant, (1, 2, 3)}}, StaticArraysCore.SMatrix{3, 3, Float32, 9}}}, 90, Matrix{Float32}}, ClimaCore.DataLayouts.VF{ClimaCore.Geometry.LocalGeometry{(3,), ClimaCore.Geometry.ZPoint{Float32}, Float32, ClimaCore.Geometry.Tensor{2, Float32, Tuple{ClimaCore.Geometry.Components{ClimaCore.Geometry.Orthonormal, (1, 2, 3)}, ClimaCore.Geometry.Components{ClimaCore.Geometry.Covariant, (1, 2, 3)}}, StaticArraysCore.SMatrix{3, 3, Float32, 9}}, ClimaCore.Geometry.Tensor{2, Float32, Tuple{ClimaCore.Geometry.Components{ClimaCore.Geometry.Contravariant, (1, 2, 3)}, ClimaCore.Geometry.Components{ClimaCore.Geometry.Contravariant, (1, 2, 3)}}, StaticArraysCore.SMatrix{3, 3, Float32, 9}}}, 91, Matrix{Float32}}}, ClimaCore.Grids.CellCenter}}, ᶜtemp_scalar_4::ClimaCore.Fields.Field{ClimaCore.DataLayouts.VF{Float32, 90, Matrix{Float32}}, ClimaCore.Spaces.FiniteDifferenceSpace{ClimaCore.Grids.FiniteDifferenceGrid{ClimaCore.Topologies.IntervalTopology{ClimaComms.SingletonCommsContext{ClimaComms.CPUSingleThreaded}, ClimaCore.Meshes.IntervalMesh{ClimaCore.Meshes.Uniform, ClimaCore.Domains.IntervalDomain{ClimaCore.Geometry.ZPoint{Float32}, Tuple{Symbol, Symbol}}, LinRange{ClimaCore.Geometry.ZPoint{Float32}, Int64}, Nothing}, @NamedTuple{bottom::Int64, top::Int64}}, ClimaCore.Geometry.CartesianGlobalGeometry, ClimaCore.DataLayouts.VF{ClimaCore.Geometry.LocalGeometry{(3,), ClimaCore.Geometry.ZPoint{Float32}, Float32, ClimaCore.Geometry.Tensor{2, Float32, Tuple{ClimaCore.Geometry.Components{ClimaCore.Geometry.Orthonormal, (1, 2, 3)}, ClimaCore.Geometry.Components{ClimaCore.Geometry.Covariant, (1, 2, 3)}}, StaticArraysCore.SMatrix{3, 3, Float32, 9}}, ClimaCore.Geometry.Tensor{2, Float32, Tuple{ClimaCore.Geometry.Components{ClimaCore.Geometry.Contravariant, (1, 2, 3)}, ClimaCore.Geometry.Components{ClimaCore.Geometry.Contravariant, (1, 2, 3)}}, StaticArraysCore.SMatrix{3, 3, Float32, 9}}}, 90, Matrix{Float32}}, ClimaCore.DataLayouts.VF{ClimaCore.Geometry.LocalGeometry{(3,), ClimaCore.Geometry.ZPoint{Float32}, Float32, ClimaCore.Geometry.Tensor{2, Float32, Tuple{ClimaCore.Geometry.Components{ClimaCore.Geometry.Orthonormal, (1, 2, 3)}, ClimaCore.Geometry.Components{ClimaCore.Geometry.Covariant, (1, 2, 3)}}, StaticArraysCore.SMatrix{3, 3, Float32, 9}}, ClimaCore.Geometry.Tensor{2, Float32, Tuple{ClimaCore.Geometry.Components{ClimaCore.Geometry.Contravariant, (1, 2, 3)}, ClimaCore.Geometry.Components{ClimaCore.Geometry.Contravariant, (1, 2, 3)}}, StaticArraysCore.SMatrix{3, 3, Float32, 9}}}, 91, Matrix{Float32}}}, ClimaCore.Grids.CellCenter}}, ᶜtemp_scalar_5::ClimaCore.Fields.Field{ClimaCore.DataLayouts.VF{Float32, 90, Matrix{Float32}}, ClimaCore.Spaces.FiniteDifferenceSpace{ClimaCore.Grids.FiniteDifferenceGrid{ClimaCore.Topologies.IntervalTopology{ClimaComms.SingletonCommsContext{ClimaComms.CPUSingleThreaded}, ClimaCore.Meshes.IntervalMesh{ClimaCore.Meshes.Uniform, ClimaCore.Domains.IntervalDomain{ClimaCore.Geometry.ZPoint{Float32}, Tuple{Symbol, Symbol}}, LinRange{ClimaCore.Geometry.ZPoint{Float32}, Int64}, Nothing}, @NamedTuple{bottom::Int64, top::Int64}}, ClimaCore.Geometry.CartesianGlobalGeometry, ClimaCore.DataLayouts.VF{ClimaCore.Geometry.LocalGeometry{(3,), ClimaCore.Geometry.ZPoint{Float32}, Float32, ClimaCore.Geometry.Tensor{2, Float32, Tuple{ClimaCore.Geometry.Components{ClimaCore.Geometry.Orthonormal, (1, 2, 3)}, ClimaCore.Geometry.Components{ClimaCore.Geometry.Covariant, (1, 2, 3)}}, StaticArraysCore.SMatrix{3, 3, Float32, 9}}, ClimaCore.Geometry.Tensor{2, Float32, Tuple{ClimaCore.Geometry.Components{ClimaCore.Geometry.Contravariant, (1, 2, 3)}, ClimaCore.Geometry.Components{ClimaCore.Geometry.Contravariant, (1, 2, 3)}}, StaticArraysCore.SMatrix{3, 3, Float32, 9}}}, 90, Matrix{Float32}}, ClimaCore.DataLayouts.VF{ClimaCore.Geometry.LocalGeometry{(3,), ClimaCore.Geometry.ZPoint{Float32}, Float32, ClimaCore.Geometry.Tensor{2, Float32, Tuple{ClimaCore.Geometry.Components{ClimaCore.Geometry.Orthonormal, (1, 2, 3)}, ClimaCore.Geometry.Components{ClimaCore.Geometry.Covariant, (1, 2, 3)}}, StaticArraysCore.SMatrix{3, 3, Float32, 9}}, ClimaCore.Geometry.Tensor{2, Float32, Tuple{ClimaCore.Geometry.Components{ClimaCore.Geometry.Contravariant, (1, 2, 3)}, ClimaCore.Geometry.Components{ClimaCore.Geometry.Contravariant, (1, 2, 3)}}, StaticArraysCore.SMatrix{3, 3, Float32, 9}}}, 91, Matrix{Float32}}}, ClimaCore.Grids.CellCenter}}, ᶜtemp_scalar_6::ClimaCore.Fields.Field{ClimaCore.DataLayouts.VF{Float32, 90, Matrix{Float32}}, ClimaCore.Spaces.FiniteDifferenceSpace{ClimaCore.Grids.FiniteDifferenceGrid{ClimaCore.Topologies.IntervalTopology{ClimaComms.SingletonCommsContext{ClimaComms.CPUSingleThreaded}, ClimaCore.Meshes.IntervalMesh{ClimaCore.Meshes.Uniform, ClimaCore.Domains.IntervalDomain{ClimaCore.Geometry.ZPoint{Float32}, Tuple{Symbol, Symbol}}, LinRange{ClimaCore.Geometry.ZPoint{Float32}, Int64}, Nothing}, @NamedTuple{bottom::Int64, top::Int64}}, ClimaCore.Geometry.CartesianGlobalGeometry, ClimaCore.DataLayouts.VF{ClimaCore.Geometry.LocalGeometry{(3,), ClimaCore.Geometry.ZPoint{Float32}, Float32, ClimaCore.Geometry.Tensor{2, Float32, Tuple{ClimaCore.Geometry.Components{ClimaCore.Geometry.Orthonormal, (1, 2, 3)}, ClimaCore.Geometry.Components{ClimaCore.Geometry.Covariant, (1, 2, 3)}}, StaticArraysCore.SMatrix{3, 3, Float32, 9}}, ClimaCore.Geometry.Tensor{2, Float32, Tuple{ClimaCore.Geometry.Components{ClimaCore.Geometry.Contravariant, (1, 2, 3)}, ClimaCore.Geometry.Components{ClimaCore.Geometry.Contravariant, (1, 2, 3)}}, StaticArraysCore.SMatrix{3, 3, Float32, 9}}}, 90, Matrix{Float32}}, ClimaCore.DataLayouts.VF{ClimaCore.Geometry.LocalGeometry{(3,), ClimaCore.Geometry.ZPoint{Float32}, Float32, ClimaCore.Geometry.Tensor{2, Float32, Tuple{ClimaCore.Geometry.Components{ClimaCore.Geometry.Orthonormal, (1, 2, 3)}, ClimaCore.Geometry.Components{ClimaCore.Geometry.Covariant, (1, 2, 3)}}, StaticArraysCore.SMatrix{3, 3, Float32, 9}}, ClimaCore.Geometry.Tensor{2, Float32, Tuple{ClimaCore.Geometry.Components{ClimaCore.Geometry.Contravariant, (1, 2, 3)}, ClimaCore.Geometry.Components{ClimaCore.Geometry.Contravariant, (1, 2, 3)}}, StaticArraysCore.SMatrix{3, 3, Float32, 9}}}, 91, Matrix{Float32}}}, ClimaCore.Grids.CellCenter}}, ᶜtemp_scalar_7::ClimaCore.Fields.Field{ClimaCore.DataLayouts.VF{Float32, 90, Matrix{Float32}}, ClimaCore.Spaces.FiniteDifferenceSpace{ClimaCore.Grids.FiniteDifferenceGrid{ClimaCore.Topologies.IntervalTopology{ClimaComms.SingletonCommsContext{ClimaComms.CPUSingleThreaded}, ClimaCore.Meshes.IntervalMesh{ClimaCore.Meshes.Uniform, ClimaCore.Domains.IntervalDomain{ClimaCore.Geometry.ZPoint{Float32}, Tuple{Symbol, Symbol}}, LinRange{ClimaCore.Geometry.ZPoint{Float32}, Int64}, Nothing}, @NamedTuple{bottom::Int64, top::Int64}}, ClimaCore.Geometry.CartesianGlobalGeometry, ClimaCore.DataLayouts.VF{ClimaCore.Geometry.LocalGeometry{(3,), ClimaCore.Geometry.ZPoint{Float32}, Float32, ClimaCore.Geometry.Tensor{2, Float32, Tuple{ClimaCore.Geometry.Components{ClimaCore.Geometry.Orthonormal, (1, 2, 3)}, ClimaCore.Geometry.Components{ClimaCore.Geometry.Covariant, (1, 2, 3)}}, StaticArraysCore.SMatrix{3, 3, Float32, 9}}, ClimaCore.Geometry.Tensor{2, Float32, Tuple{ClimaCore.Geometry.Components{ClimaCore.Geometry.Contravariant, (1, 2, 3)}, ClimaCore.Geometry.Components{ClimaCore.Geometry.Contravariant, (1, 2, 3)}}, StaticArraysCore.SMatrix{3, 3, Float32, 9}}}, 90, Matrix{Float32}}, ClimaCore.DataLayouts.VF{ClimaCore.Geometry.LocalGeometry{(3,), ClimaCore.Geometry.ZPoint{Float32}, Float32, ClimaCore.Geometry.Tensor{2, Float32, Tuple{ClimaCore.Geometry.Components{ClimaCore.Geometry.Orthonormal, (1, 2, 3)}, ClimaCore.Geometry.Components{ClimaCore.Geometry.Covariant, (1, 2, 3)}}, StaticArraysCore.SMatrix{3, 3, Float32, 9}}, ClimaCore.Geometry.Tensor{2, Float32, Tuple{ClimaCore.Geometry.Components{ClimaCore.Geometry.Contravariant, (1, 2, 3)}, ClimaCore.Geometry.Components{ClimaCore.Geometry.Contravariant, (1, 2, 3)}}, StaticArraysCore.SMatrix{3, 3, Float32, 9}}}, 91, Matrix{Float32}}}, ClimaCore.Grids.CellCenter}}, ᶠtemp_field_level::ClimaCore.Fields.Field{ClimaCore.DataLayouts.DataF{Float32, SubArray{Float32, 1, Matrix{Float32}, Tuple{Int64, Base.Slice{Base.OneTo{Int64}}}, true}}, ClimaCore.Spaces.PointSpace{ClimaComms.SingletonCommsContext{ClimaComms.CPUSingleThreaded}, ClimaCore.DataLayouts.DataF{ClimaCore.Geometry.LocalGeometry{(3,), ClimaCore.Geometry.ZPoint{Float32}, Float32, ClimaCore.Geometry.Tensor{2, Float32, Tuple{ClimaCore.Geometry.Components{ClimaCore.Geometry.Orthonormal, (1, 2, 3)}, ClimaCore.Geometry.Components{ClimaCore.Geometry.Covariant, (1, 2, 3)}}, StaticArraysCore.SMatrix{3, 3, Float32, 9}}, ClimaCore.Geometry.Tensor{2, Float32, Tuple{ClimaCore.Geometry.Components{ClimaCore.Geometry.Contravariant, (1, 2, 3)}, ClimaCore.Geometry.Components{ClimaCore.Geometry.Contravariant, (1, 2, 3)}}, StaticArraysCore.SMatrix{3, 3, Float32, 9}}}, SubArray{Float32, 1, Matrix{Float32}, Tuple{Int64, Base.Slice{Base.OneTo{Int64}}}, true}}}}, temp_field_level::ClimaCore.Fields.Field{ClimaCore.DataLayouts.DataF{Float32, SubArray{Float32, 1, Matrix{Float32}, Tuple{Int64, Base.Slice{Base.OneTo{Int64}}}, true}}, ClimaCore.Spaces.PointSpace{ClimaComms.SingletonCommsContext{ClimaComms.CPUSingleThreaded}, ClimaCore.DataLayouts.DataF{ClimaCore.Geometry.LocalGeometry{(3,), ClimaCore.Geometry.ZPoint{Float32}, Float32, ClimaCore.Geometry.Tensor{2, Float32, Tuple{ClimaCore.Geometry.Components{ClimaCore.Geometry.Orthonormal, (1, 2, 3)}, ClimaCore.Geometry.Components{ClimaCore.Geometry.Covariant, (1, 2, 3)}}, StaticArraysCore.SMatrix{3, 3, Float32, 9}}, ClimaCore.Geometry.Tensor{2, Float32, Tuple{ClimaCore.Geometry.Components{ClimaCore.Geometry.Contravariant, (1, 2, 3)}, ClimaCore.Geometry.Components{ClimaCore.Geometry.Contravariant, (1, 2, 3)}}, StaticArraysCore.SMatrix{3, 3, Float32, 9}}}, SubArray{Float32, 1, Matrix{Float32}, Tuple{Int64, Base.Slice{Base.OneTo{Int64}}}, true}}}}, temp_field_level_2::ClimaCore.Fields.Field{ClimaCore.DataLayouts.DataF{Float32, SubArray{Float32, 1, Matrix{Float32}, Tuple{Int64, Base.Slice{Base.OneTo{Int64}}}, true}}, ClimaCore.Spaces.PointSpace{ClimaComms.SingletonCommsContext{ClimaComms.CPUSingleThreaded}, ClimaCore.DataLayouts.DataF{ClimaCore.Geometry.LocalGeometry{(3,), ClimaCore.Geometry.ZPoint{Float32}, Float32, ClimaCore.Geometry.Tensor{2, Float32, Tuple{ClimaCore.Geometry.Components{ClimaCore.Geometry.Orthonormal, (1, 2, 3)}, ClimaCore.Geometry.Components{ClimaCore.Geometry.Covariant, (1, 2, 3)}}, StaticArraysCore.SMatrix{3, 3, Float32, 9}}, ClimaCore.Geometry.Tensor{2, Float32, Tuple{ClimaCore.Geometry.Components{ClimaCore.Geometry.Contravariant, (1, 2, 3)}, ClimaCore.Geometry.Components{ClimaCore.Geometry.Contravariant, (1, 2, 3)}}, StaticArraysCore.SMatrix{3, 3, Float32, 9}}}, SubArray{Float32, 1, Matrix{Float32}, Tuple{Int64, Base.Slice{Base.OneTo{Int64}}}, true}}}}, temp_field_level_3::ClimaCore.Fields.Field{ClimaCore.DataLayouts.DataF{Float32, SubArray{Float32, 1, Matrix{Float32}, Tuple{Int64, Base.Slice{Base.OneTo{Int64}}}, true}}, ClimaCore.Spaces.PointSpace{ClimaComms.SingletonCommsContext{ClimaComms.CPUSingleThreaded}, ClimaCore.DataLayouts.DataF{ClimaCore.Geometry.LocalGeometry{(3,), ClimaCore.Geometry.ZPoint{Float32}, Float32, ClimaCore.Geometry.Tensor{2, Float32, Tuple{ClimaCore.Geometry.Components{ClimaCore.Geometry.Orthonormal, (1, 2, 3)}, ClimaCore.Geometry.Components{ClimaCore.Geometry.Covariant, (1, 2, 3)}}, StaticArraysCore.SMatrix{3, 3, Float32, 9}}, ClimaCore.Geometry.Tensor{2, Float32, Tuple{ClimaCore.Geometry.Components{ClimaCore.Geometry.Contravariant, (1, 2, 3)}, ClimaCore.Geometry.Components{ClimaCore.Geometry.Contravariant, (1, 2, 3)}}, StaticArraysCore.SMatrix{3, 3, Float32, 9}}}, SubArray{Float32, 1, Matrix{Float32}, Tuple{Int64, Base.Slice{Base.OneTo{Int64}}}, true}}}}, temp_data::ClimaCore.DataLayouts.VF{Float32, 90, Matrix{Float32}}, temp_data_face_level::ClimaCore.DataLayouts.DataF{Float32, SubArray{Float32, 1, Matrix{Float32}, Tuple{Int64, Base.Slice{Base.OneTo{Int64}}}, true}}, temp_data_level::ClimaCore.DataLayouts.DataF{Float32, SubArray{Float32, 1, Matrix{Float32}, Tuple{Int64, Base.Slice{Base.OneTo{Int64}}}, true}}, temp_data_level_2::ClimaCore.DataLayouts.DataF{Float32, SubArray{Float32, 1, Matrix{Float32}, Tuple{Int64, Base.Slice{Base.OneTo{Int64}}}, true}}, temp_data_level_3::ClimaCore.DataLayouts.DataF{Float32, SubArray{Float32, 1, Matrix{Float32}, Tuple{Int64, Base.Slice{Base.OneTo{Int64}}}, true}}, temp_data_level_4::ClimaCore.DataLayouts.DataF{Float32, SubArray{Float32, 1, Matrix{Float32}, Tuple{Int64, Base.Slice{Base.OneTo{Int64}}}, true}}, temp_data_level_5::ClimaCore.DataLayouts.DataF{Float32, SubArray{Float32, 1, Matrix{Float32}, Tuple{Int64, Base.Slice{Base.OneTo{Int64}}}, true}}, ᶜtemp_C12::ClimaCore.Fields.Field{ClimaCore.DataLayouts.VF{ClimaCore.Geometry.Covariant12Vector{Float32}, 90, Matrix{Float32}}, ClimaCore.Spaces.FiniteDifferenceSpace{ClimaCore.Grids.FiniteDifferenceGrid{ClimaCore.Topologies.IntervalTopology{ClimaComms.SingletonCommsContext{ClimaComms.CPUSingleThreaded}, ClimaCore.Meshes.IntervalMesh{ClimaCore.Meshes.Uniform, ClimaCore.Domains.IntervalDomain{ClimaCore.Geometry.ZPoint{Float32}, Tuple{Symbol, Symbol}}, LinRange{ClimaCore.Geometry.ZPoint{Float32}, Int64}, Nothing}, @NamedTuple{bottom::Int64, top::Int64}}, ClimaCore.Geometry.CartesianGlobalGeometry, ClimaCore.DataLayouts.VF{ClimaCore.Geometry.LocalGeometry{(3,), ClimaCore.Geometry.ZPoint{Float32}, Float32, ClimaCore.Geometry.Tensor{2, Float32, Tuple{ClimaCore.Geometry.Components{ClimaCore.Geometry.Orthonormal, (1, 2, 3)}, ClimaCore.Geometry.Components{ClimaCore.Geometry.Covariant, (1, 2, 3)}}, StaticArraysCore.SMatrix{3, 3, Float32, 9}}, ClimaCore.Geometry.Tensor{2, Float32, Tuple{ClimaCore.Geometry.Components{ClimaCore.Geometry.Contravariant, (1, 2, 3)}, ClimaCore.Geometry.Components{ClimaCore.Geometry.Contravariant, (1, 2, 3)}}, StaticArraysCore.SMatrix{3, 3, Float32, 9}}}, 90, Matrix{Float32}}, ClimaCore.DataLayouts.VF{ClimaCore.Geometry.LocalGeometry{(3,), ClimaCore.Geometry.ZPoint{Float32}, Float32, ClimaCore.Geometry.Tensor{2, Float32, Tuple{ClimaCore.Geometry.Components{ClimaCore.Geometry.Orthonormal, (1, 2, 3)}, ClimaCore.Geometry.Components{ClimaCore.Geometry.Covariant, (1, 2, 3)}}, StaticArraysCore.SMatrix{3, 3, Float32, 9}}, ClimaCore.Geometry.Tensor{2, Float32, Tuple{ClimaCore.Geometry.Components{ClimaCore.Geometry.Contravariant, (1, 2, 3)}, ClimaCore.Geometry.Components{ClimaCore.Geometry.Contravariant, (1, 2, 3)}}, StaticArraysCore.SMatrix{3, 3, Float32, 9}}}, 91, Matrix{Float32}}}, ClimaCore.Grids.CellCenter}}, ᶜtemp_C3::ClimaCore.Fields.Field{ClimaCore.DataLayouts.VF{ClimaCore.Geometry.Covariant3Vector{Float32}, 90, Matrix{Float32}}, ClimaCore.Spaces.FiniteDifferenceSpace{ClimaCore.Grids.FiniteDifferenceGrid{ClimaCore.Topologies.IntervalTopology{ClimaComms.SingletonCommsContext{ClimaComms.CPUSingleThreaded}, ClimaCore.Meshes.IntervalMesh{ClimaCore.Meshes.Uniform, ClimaCore.Domains.IntervalDomain{ClimaCore.Geometry.ZPoint{Float32}, Tuple{Symbol, Symbol}}, LinRange{ClimaCore.Geometry.ZPoint{Float32}, Int64}, Nothing}, @NamedTuple{bottom::Int64, top::Int64}}, ClimaCore.Geometry.CartesianGlobalGeometry, ClimaCore.DataLayouts.VF{ClimaCore.Geometry.LocalGeometry{(3,), ClimaCore.Geometry.ZPoint{Float32}, Float32, ClimaCore.Geometry.Tensor{2, Float32, Tuple{ClimaCore.Geometry.Components{ClimaCore.Geometry.Orthonormal, (1, 2, 3)}, ClimaCore.Geometry.Components{ClimaCore.Geometry.Covariant, (1, 2, 3)}}, StaticArraysCore.SMatrix{3, 3, Float32, 9}}, ClimaCore.Geometry.Tensor{2, Float32, Tuple{ClimaCore.Geometry.Components{ClimaCore.Geometry.Contravariant, (1, 2, 3)}, ClimaCore.Geometry.Components{ClimaCore.Geometry.Contravariant, (1, 2, 3)}}, StaticArraysCore.SMatrix{3, 3, Float32, 9}}}, 90, Matrix{Float32}}, ClimaCore.DataLayouts.VF{ClimaCore.Geometry.LocalGeometry{(3,), ClimaCore.Geometry.ZPoint{Float32}, Float32, ClimaCore.Geometry.Tensor{2, Float32, Tuple{ClimaCore.Geometry.Components{ClimaCore.Geometry.Orthonormal, (1, 2, 3)}, ClimaCore.Geometry.Components{ClimaCore.Geometry.Covariant, (1, 2, 3)}}, StaticArraysCore.SMatrix{3, 3, Float32, 9}}, ClimaCore.Geometry.Tensor{2, Float32, Tuple{ClimaCore.Geometry.Components{ClimaCore.Geometry.Contravariant, (1, 2, 3)}, ClimaCore.Geometry.Components{ClimaCore.Geometry.Contravariant, (1, 2, 3)}}, StaticArraysCore.SMatrix{3, 3, Float32, 9}}}, 91, Matrix{Float32}}}, ClimaCore.Grids.CellCenter}}, ᶜtemp_CT3::ClimaCore.Fields.Field{ClimaCore.DataLayouts.VF{ClimaCore.Geometry.Contravariant3Vector{Float32}, 90, Matrix{Float32}}, ClimaCore.Spaces.FiniteDifferenceSpace{ClimaCore.Grids.FiniteDifferenceGrid{ClimaCore.Topologies.IntervalTopology{ClimaComms.SingletonCommsContext{ClimaComms.CPUSingleThreaded}, ClimaCore.Meshes.IntervalMesh{ClimaCore.Meshes.Uniform, ClimaCore.Domains.IntervalDomain{ClimaCore.Geometry.ZPoint{Float32}, Tuple{Symbol, Symbol}}, LinRange{ClimaCore.Geometry.ZPoint{Float32}, Int64}, Nothing}, @NamedTuple{bottom::Int64, top::Int64}}, ClimaCore.Geometry.CartesianGlobalGeometry, ClimaCore.DataLayouts.VF{ClimaCore.Geometry.LocalGeometry{(3,), ClimaCore.Geometry.ZPoint{Float32}, Float32, ClimaCore.Geometry.Tensor{2, Float32, Tuple{ClimaCore.Geometry.Components{ClimaCore.Geometry.Orthonormal, (1, 2, 3)}, ClimaCore.Geometry.Components{ClimaCore.Geometry.Covariant, (1, 2, 3)}}, StaticArraysCore.SMatrix{3, 3, Float32, 9}}, ClimaCore.Geometry.Tensor{2, Float32, Tuple{ClimaCore.Geometry.Components{ClimaCore.Geometry.Contravariant, (1, 2, 3)}, ClimaCore.Geometry.Components{ClimaCore.Geometry.Contravariant, (1, 2, 3)}}, StaticArraysCore.SMatrix{3, 3, Float32, 9}}}, 90, Matrix{Float32}}, ClimaCore.DataLayouts.VF{ClimaCore.Geometry.LocalGeometry{(3,), ClimaCore.Geometry.ZPoint{Float32}, Float32, ClimaCore.Geometry.Tensor{2, Float32, Tuple{ClimaCore.Geometry.Components{ClimaCore.Geometry.Orthonormal, (1, 2, 3)}, ClimaCore.Geometry.Components{ClimaCore.Geometry.Covariant, (1, 2, 3)}}, StaticArraysCore.SMatrix{3, 3, Float32, 9}}, ClimaCore.Geometry.Tensor{2, Float32, Tuple{ClimaCore.Geometry.Components{ClimaCore.Geometry.Contravariant, (1, 2, 3)}, ClimaCore.Geometry.Components{ClimaCore.Geometry.Contravariant, (1, 2, 3)}}, StaticArraysCore.SMatrix{3, 3, Float32, 9}}}, 91, Matrix{Float32}}}, ClimaCore.Grids.CellCenter}}, ᶜtemp_CT123::ClimaCore.Fields.Field{ClimaCore.DataLayouts.VF{ClimaCore.Geometry.Contravariant123Vector{Float32}, 90, Matrix{Float32}}, ClimaCore.Spaces.FiniteDifferenceSpace{ClimaCore.Grids.FiniteDifferenceGrid{ClimaCore.Topologies.IntervalTopology{ClimaComms.SingletonCommsContext{ClimaComms.CPUSingleThreaded}, ClimaCore.Meshes.IntervalMesh{ClimaCore.Meshes.Uniform, ClimaCore.Domains.IntervalDomain{ClimaCore.Geometry.ZPoint{Float32}, Tuple{Symbol, Symbol}}, LinRange{ClimaCore.Geometry.ZPoint{Float32}, Int64}, Nothing}, @NamedTuple{bottom::Int64, top::Int64}}, ClimaCore.Geometry.CartesianGlobalGeometry, ClimaCore.DataLayouts.VF{ClimaCore.Geometry.LocalGeometry{(3,), ClimaCore.Geometry.ZPoint{Float32}, Float32, ClimaCore.Geometry.Tensor{2, Float32, Tuple{ClimaCore.Geometry.Components{ClimaCore.Geometry.Orthonormal, (1, 2, 3)}, ClimaCore.Geometry.Components{ClimaCore.Geometry.Covariant, (1, 2, 3)}}, StaticArraysCore.SMatrix{3, 3, Float32, 9}}, ClimaCore.Geometry.Tensor{2, Float32, Tuple{ClimaCore.Geometry.Components{ClimaCore.Geometry.Contravariant, (1, 2, 3)}, ClimaCore.Geometry.Components{ClimaCore.Geometry.Contravariant, (1, 2, 3)}}, StaticArraysCore.SMatrix{3, 3, Float32, 9}}}, 90, Matrix{Float32}}, ClimaCore.DataLayouts.VF{ClimaCore.Geometry.LocalGeometry{(3,), ClimaCore.Geometry.ZPoint{Float32}, Float32, ClimaCore.Geometry.Tensor{2, Float32, Tuple{ClimaCore.Geometry.Components{ClimaCore.Geometry.Orthonormal, (1, 2, 3)}, ClimaCore.Geometry.Components{ClimaCore.Geometry.Covariant, (1, 2, 3)}}, StaticArraysCore.SMatrix{3, 3, Float32, 9}}, ClimaCore.Geometry.Tensor{2, Float32, Tuple{ClimaCore.Geometry.Components{ClimaCore.Geometry.Contravariant, (1, 2, 3)}, ClimaCore.Geometry.Components{ClimaCore.Geometry.Contravariant, (1, 2, 3)}}, StaticArraysCore.SMatrix{3, 3, Float32, 9}}}, 91, Matrix{Float32}}}, ClimaCore.Grids.CellCenter}}, ᶠtemp_CT3::ClimaCore.Fields.Field{ClimaCore.DataLayouts.VF{ClimaCore.Geometry.Contravariant3Vector{Float32}, 91, Matrix{Float32}}, ClimaCore.Spaces.FiniteDifferenceSpace{ClimaCore.Grids.FiniteDifferenceGrid{ClimaCore.Topologies.IntervalTopology{ClimaComms.SingletonCommsContext{ClimaComms.CPUSingleThreaded}, ClimaCore.Meshes.IntervalMesh{ClimaCore.Meshes.Uniform, ClimaCore.Domains.IntervalDomain{ClimaCore.Geometry.ZPoint{Float32}, Tuple{Symbol, Symbol}}, LinRange{ClimaCore.Geometry.ZPoint{Float32}, Int64}, Nothing}, @NamedTuple{bottom::Int64, top::Int64}}, ClimaCore.Geometry.CartesianGlobalGeometry, ClimaCore.DataLayouts.VF{ClimaCore.Geometry.LocalGeometry{(3,), ClimaCore.Geometry.ZPoint{Float32}, Float32, ClimaCore.Geometry.Tensor{2, Float32, Tuple{ClimaCore.Geometry.Components{ClimaCore.Geometry.Orthonormal, (1, 2, 3)}, ClimaCore.Geometry.Components{ClimaCore.Geometry.Covariant, (1, 2, 3)}}, StaticArraysCore.SMatrix{3, 3, Float32, 9}}, ClimaCore.Geometry.Tensor{2, Float32, Tuple{ClimaCore.Geometry.Components{ClimaCore.Geometry.Contravariant, (1, 2, 3)}, ClimaCore.Geometry.Components{ClimaCore.Geometry.Contravariant, (1, 2, 3)}}, StaticArraysCore.SMatrix{3, 3, Float32, 9}}}, 90, Matrix{Float32}}, ClimaCore.DataLayouts.VF{ClimaCore.Geometry.LocalGeometry{(3,), ClimaCore.Geometry.ZPoint{Float32}, Float32, ClimaCore.Geometry.Tensor{2, Float32, Tuple{ClimaCore.Geometry.Components{ClimaCore.Geometry.Orthonormal, (1, 2, 3)}, ClimaCore.Geometry.Components{ClimaCore.Geometry.Covariant, (1, 2, 3)}}, StaticArraysCore.SMatrix{3, 3, Float32, 9}}, ClimaCore.Geometry.Tensor{2, Float32, Tuple{ClimaCore.Geometry.Components{ClimaCore.Geometry.Contravariant, (1, 2, 3)}, ClimaCore.Geometry.Components{ClimaCore.Geometry.Contravariant, (1, 2, 3)}}, StaticArraysCore.SMatrix{3, 3, Float32, 9}}}, 91, Matrix{Float32}}}, ClimaCore.Grids.CellFace}}, ᶠtemp_CT12::ClimaCore.Fields.Field{ClimaCore.DataLayouts.VF{ClimaCore.Geometry.Contravariant12Vector{Float32}, 91, Matrix{Float32}}, ClimaCore.Spaces.FiniteDifferenceSpace{ClimaCore.Grids.FiniteDifferenceGrid{ClimaCore.Topologies.IntervalTopology{ClimaComms.SingletonCommsContext{ClimaComms.CPUSingleThreaded}, ClimaCore.Meshes.IntervalMesh{ClimaCore.Meshes.Uniform, ClimaCore.Domains.IntervalDomain{ClimaCore.Geometry.ZPoint{Float32}, Tuple{Symbol, Symbol}}, LinRange{ClimaCore.Geometry.ZPoint{Float32}, Int64}, Nothing}, @NamedTuple{bottom::Int64, top::Int64}}, ClimaCore.Geometry.CartesianGlobalGeometry, ClimaCore.DataLayouts.VF{ClimaCore.Geometry.LocalGeometry{(3,), ClimaCore.Geometry.ZPoint{Float32}, Float32, ClimaCore.Geometry.Tensor{2, Float32, Tuple{ClimaCore.Geometry.Components{ClimaCore.Geometry.Orthonormal, (1, 2, 3)}, ClimaCore.Geometry.Components{ClimaCore.Geometry.Covariant, (1, 2, 3)}}, StaticArraysCore.SMatrix{3, 3, Float32, 9}}, ClimaCore.Geometry.Tensor{2, Float32, Tuple{ClimaCore.Geometry.Components{ClimaCore.Geometry.Contravariant, (1, 2, 3)}, ClimaCore.Geometry.Components{ClimaCore.Geometry.Contravariant, (1, 2, 3)}}, StaticArraysCore.SMatrix{3, 3, Float32, 9}}}, 90, Matrix{Float32}}, ClimaCore.DataLayouts.VF{ClimaCore.Geometry.LocalGeometry{(3,), ClimaCore.Geometry.ZPoint{Float32}, Float32, ClimaCore.Geometry.Tensor{2, Float32, Tuple{ClimaCore.Geometry.Components{ClimaCore.Geometry.Orthonormal, (1, 2, 3)}, ClimaCore.Geometry.Components{ClimaCore.Geometry.Covariant, (1, 2, 3)}}, StaticArraysCore.SMatrix{3, 3, Float32, 9}}, ClimaCore.Geometry.Tensor{2, Float32, Tuple{ClimaCore.Geometry.Components{ClimaCore.Geometry.Contravariant, (1, 2, 3)}, ClimaCore.Geometry.Components{ClimaCore.Geometry.Contravariant, (1, 2, 3)}}, StaticArraysCore.SMatrix{3, 3, Float32, 9}}}, 91, Matrix{Float32}}}, ClimaCore.Grids.CellFace}}, ᶠtemp_CT12ʲs::ClimaCore.Fields.Field{ClimaCore.DataLayouts.VF{Tuple{ClimaCore.Geometry.Contravariant12Vector{Float32}}, 91, Matrix{Float32}}, ClimaCore.Spaces.FiniteDifferenceSpace{ClimaCore.Grids.FiniteDifferenceGrid{ClimaCore.Topologies.IntervalTopology{ClimaComms.SingletonCommsContext{ClimaComms.CPUSingleThreaded}, ClimaCore.Meshes.IntervalMesh{ClimaCore.Meshes.Uniform, ClimaCore.Domains.IntervalDomain{ClimaCore.Geometry.ZPoint{Float32}, Tuple{Symbol, Symbol}}, LinRange{ClimaCore.Geometry.ZPoint{Float32}, Int64}, Nothing}, @NamedTuple{bottom::Int64, top::Int64}}, ClimaCore.Geometry.CartesianGlobalGeometry, ClimaCore.DataLayouts.VF{ClimaCore.Geometry.LocalGeometry{(3,), ClimaCore.Geometry.ZPoint{Float32}, Float32, ClimaCore.Geometry.Tensor{2, Float32, Tuple{ClimaCore.Geometry.Components{ClimaCore.Geometry.Orthonormal, (1, 2, 3)}, ClimaCore.Geometry.Components{ClimaCore.Geometry.Covariant, (1, 2, 3)}}, StaticArraysCore.SMatrix{3, 3, Float32, 9}}, ClimaCore.Geometry.Tensor{2, Float32, Tuple{ClimaCore.Geometry.Components{ClimaCore.Geometry.Contravariant, (1, 2, 3)}, ClimaCore.Geometry.Components{ClimaCore.Geometry.Contravariant, (1, 2, 3)}}, StaticArraysCore.SMatrix{3, 3, Float32, 9}}}, 90, Matrix{Float32}}, ClimaCore.DataLayouts.VF{ClimaCore.Geometry.LocalGeometry{(3,), ClimaCore.Geometry.ZPoint{Float32}, Float32, ClimaCore.Geometry.Tensor{2, Float32, Tuple{ClimaCore.Geometry.Components{ClimaCore.Geometry.Orthonormal, (1, 2, 3)}, ClimaCore.Geometry.Components{ClimaCore.Geometry.Covariant, (1, 2, 3)}}, StaticArraysCore.SMatrix{3, 3, Float32, 9}}, ClimaCore.Geometry.Tensor{2, Float32, Tuple{ClimaCore.Geometry.Components{ClimaCore.Geometry.Contravariant, (1, 2, 3)}, ClimaCore.Geometry.Components{ClimaCore.Geometry.Contravariant, (1, 2, 3)}}, StaticArraysCore.SMatrix{3, 3, Float32, 9}}}, 91, Matrix{Float32}}}, ClimaCore.Grids.CellFace}}, ᶜbidiagonal_adjoint_matrix_c3::ClimaCore.Fields.Field{ClimaCore.DataLayouts.VF{ClimaCore.MatrixFields.BidiagonalMatrixRow{ClimaCore.Geometry.Tensor{2, Float32, Tuple{ClimaCore.Geometry.Components{ClimaCore.Geometry.OneScalar, (nothing,)}, ClimaCore.Geometry.Components{ClimaCore.Geometry.Covariant, (3,)}}, LinearAlgebra.Adjoint{Float32, StaticArraysCore.SVector{1, Float32}}}}, 90, Matrix{Float32}}, ClimaCore.Spaces.FiniteDifferenceSpace{ClimaCore.Grids.FiniteDifferenceGrid{ClimaCore.Topologies.IntervalTopology{ClimaComms.SingletonCommsContext{ClimaComms.CPUSingleThreaded}, ClimaCore.Meshes.IntervalMesh{ClimaCore.Meshes.Uniform, ClimaCore.Domains.IntervalDomain{ClimaCore.Geometry.ZPoint{Float32}, Tuple{Symbol, Symbol}}, LinRange{ClimaCore.Geometry.ZPoint{Float32}, Int64}, Nothing}, @NamedTuple{bottom::Int64, top::Int64}}, ClimaCore.Geometry.CartesianGlobalGeometry, ClimaCore.DataLayouts.VF{ClimaCore.Geometry.LocalGeometry{(3,), ClimaCore.Geometry.ZPoint{Float32}, Float32, ClimaCore.Geometry.Tensor{2, Float32, Tuple{ClimaCore.Geometry.Components{ClimaCore.Geometry.Orthonormal, (1, 2, 3)}, ClimaCore.Geometry.Components{ClimaCore.Geometry.Covariant, (1, 2, 3)}}, StaticArraysCore.SMatrix{3, 3, Float32, 9}}, ClimaCore.Geometry.Tensor{2, Float32, Tuple{ClimaCore.Geometry.Components{ClimaCore.Geometry.Contravariant, (1, 2, 3)}, ClimaCore.Geometry.Components{ClimaCore.Geometry.Contravariant, (1, 2, 3)}}, StaticArraysCore.SMatrix{3, 3, Float32, 9}}}, 90, Matrix{Float32}}, ClimaCore.DataLayouts.VF{ClimaCore.Geometry.LocalGeometry{(3,), ClimaCore.Geometry.ZPoint{Float32}, Float32, ClimaCore.Geometry.Tensor{2, Float32, Tuple{ClimaCore.Geometry.Components{ClimaCore.Geometry.Orthonormal, (1, 2, 3)}, ClimaCore.Geometry.Components{ClimaCore.Geometry.Covariant, (1, 2, 3)}}, StaticArraysCore.SMatrix{3, 3, Float32, 9}}, ClimaCore.Geometry.Tensor{2, Float32, Tuple{ClimaCore.Geometry.Components{ClimaCore.Geometry.Contravariant, (1, 2, 3)}, ClimaCore.Geometry.Components{ClimaCore.Geometry.Contravariant, (1, 2, 3)}}, StaticArraysCore.SMatrix{3, 3, Float32, 9}}}, 91, Matrix{Float32}}}, ClimaCore.Grids.CellCenter}}, ᶜtemp_bdmr::ClimaCore.Fields.Field{ClimaCore.DataLayouts.VF{ClimaCore.MatrixFields.BidiagonalMatrixRow{Float32}, 90, Matrix{Float32}}, ClimaCore.Spaces.FiniteDifferenceSpace{ClimaCore.Grids.FiniteDifferenceGrid{ClimaCore.Topologies.IntervalTopology{ClimaComms.SingletonCommsContext{ClimaComms.CPUSingleThreaded}, ClimaCore.Meshes.IntervalMesh{ClimaCore.Meshes.Uniform, ClimaCore.Domains.IntervalDomain{ClimaCore.Geometry.ZPoint{Float32}, Tuple{Symbol, Symbol}}, LinRange{ClimaCore.Geometry.ZPoint{Float32}, Int64}, Nothing}, @NamedTuple{bottom::Int64, top::Int64}}, ClimaCore.Geometry.CartesianGlobalGeometry, ClimaCore.DataLayouts.VF{ClimaCore.Geometry.LocalGeometry{(3,), ClimaCore.Geometry.ZPoint{Float32}, Float32, ClimaCore.Geometry.Tensor{2, Float32, Tuple{ClimaCore.Geometry.Components{ClimaCore.Geometry.Orthonormal, (1, 2, 3)}, ClimaCore.Geometry.Components{ClimaCore.Geometry.Covariant, (1, 2, 3)}}, StaticArraysCore.SMatrix{3, 3, Float32, 9}}, ClimaCore.Geometry.Tensor{2, Float32, Tuple{ClimaCore.Geometry.Components{ClimaCore.Geometry.Contravariant, (1, 2, 3)}, ClimaCore.Geometry.Components{ClimaCore.Geometry.Contravariant, (1, 2, 3)}}, StaticArraysCore.SMatrix{3, 3, Float32, 9}}}, 90, Matrix{Float32}}, ClimaCore.DataLayouts.VF{ClimaCore.Geometry.LocalGeometry{(3,), ClimaCore.Geometry.ZPoint{Float32}, Float32, ClimaCore.Geometry.Tensor{2, Float32, Tuple{ClimaCore.Geometry.Components{ClimaCore.Geometry.Orthonormal, (1, 2, 3)}, ClimaCore.Geometry.Components{ClimaCore.Geometry.Covariant, (1, 2, 3)}}, StaticArraysCore.SMatrix{3, 3, Float32, 9}}, ClimaCore.Geometry.Tensor{2, Float32, Tuple{ClimaCore.Geometry.Components{ClimaCore.Geometry.Contravariant, (1, 2, 3)}, ClimaCore.Geometry.Components{ClimaCore.Geometry.Contravariant, (1, 2, 3)}}, StaticArraysCore.SMatrix{3, 3, Float32, 9}}}, 91, Matrix{Float32}}}, ClimaCore.Grids.CellCenter}}, ᶜtemp_bdmr_2::ClimaCore.Fields.Field{ClimaCore.DataLayouts.VF{ClimaCore.MatrixFields.BidiagonalMatrixRow{Float32}, 90, Matrix{Float32}}, ClimaCore.Spaces.FiniteDifferenceSpace{ClimaCore.Grids.FiniteDifferenceGrid{ClimaCore.Topologies.IntervalTopology{ClimaComms.SingletonCommsContext{ClimaComms.CPUSingleThreaded}, ClimaCore.Meshes.IntervalMesh{ClimaCore.Meshes.Uniform, ClimaCore.Domains.IntervalDomain{ClimaCore.Geometry.ZPoint{Float32}, Tuple{Symbol, Symbol}}, LinRange{ClimaCore.Geometry.ZPoint{Float32}, Int64}, Nothing}, @NamedTuple{bottom::Int64, top::Int64}}, ClimaCore.Geometry.CartesianGlobalGeometry, ClimaCore.DataLayouts.VF{ClimaCore.Geometry.LocalGeometry{(3,), ClimaCore.Geometry.ZPoint{Float32}, Float32, ClimaCore.Geometry.Tensor{2, Float32, Tuple{ClimaCore.Geometry.Components{ClimaCore.Geometry.Orthonormal, (1, 2, 3)}, ClimaCore.Geometry.Components{ClimaCore.Geometry.Covariant, (1, 2, 3)}}, StaticArraysCore.SMatrix{3, 3, Float32, 9}}, ClimaCore.Geometry.Tensor{2, Float32, Tuple{ClimaCore.Geometry.Components{ClimaCore.Geometry.Contravariant, (1, 2, 3)}, ClimaCore.Geometry.Components{ClimaCore.Geometry.Contravariant, (1, 2, 3)}}, StaticArraysCore.SMatrix{3, 3, Float32, 9}}}, 90, Matrix{Float32}}, ClimaCore.DataLayouts.VF{ClimaCore.Geometry.LocalGeometry{(3,), ClimaCore.Geometry.ZPoint{Float32}, Float32, ClimaCore.Geometry.Tensor{2, Float32, Tuple{ClimaCore.Geometry.Components{ClimaCore.Geometry.Orthonormal, (1, 2, 3)}, ClimaCore.Geometry.Components{ClimaCore.Geometry.Covariant, (1, 2, 3)}}, StaticArraysCore.SMatrix{3, 3, Float32, 9}}, ClimaCore.Geometry.Tensor{2, Float32, Tuple{ClimaCore.Geometry.Components{ClimaCore.Geometry.Contravariant, (1, 2, 3)}, ClimaCore.Geometry.Components{ClimaCore.Geometry.Contravariant, (1, 2, 3)}}, StaticArraysCore.SMatrix{3, 3, Float32, 9}}}, 91, Matrix{Float32}}}, ClimaCore.Grids.CellCenter}}, ᶜtemp_bdmr_3::ClimaCore.Fields.Field{ClimaCore.DataLayouts.VF{ClimaCore.MatrixFields.BidiagonalMatrixRow{Float32}, 90, Matrix{Float32}}, ClimaCore.Spaces.FiniteDifferenceSpace{ClimaCore.Grids.FiniteDifferenceGrid{ClimaCore.Topologies.IntervalTopology{ClimaComms.SingletonCommsContext{ClimaComms.CPUSingleThreaded}, ClimaCore.Meshes.IntervalMesh{ClimaCore.Meshes.Uniform, ClimaCore.Domains.IntervalDomain{ClimaCore.Geometry.ZPoint{Float32}, Tuple{Symbol, Symbol}}, LinRange{ClimaCore.Geometry.ZPoint{Float32}, Int64}, Nothing}, @NamedTuple{bottom::Int64, top::Int64}}, ClimaCore.Geometry.CartesianGlobalGeometry, ClimaCore.DataLayouts.VF{ClimaCore.Geometry.LocalGeometry{(3,), ClimaCore.Geometry.ZPoint{Float32}, Float32, ClimaCore.Geometry.Tensor{2, Float32, Tuple{ClimaCore.Geometry.Components{ClimaCore.Geometry.Orthonormal, (1, 2, 3)}, ClimaCore.Geometry.Components{ClimaCore.Geometry.Covariant, (1, 2, 3)}}, StaticArraysCore.SMatrix{3, 3, Float32, 9}}, ClimaCore.Geometry.Tensor{2, Float32, Tuple{ClimaCore.Geometry.Components{ClimaCore.Geometry.Contravariant, (1, 2, 3)}, ClimaCore.Geometry.Components{ClimaCore.Geometry.Contravariant, (1, 2, 3)}}, StaticArraysCore.SMatrix{3, 3, Float32, 9}}}, 90, Matrix{Float32}}, ClimaCore.DataLayouts.VF{ClimaCore.Geometry.LocalGeometry{(3,), ClimaCore.Geometry.ZPoint{Float32}, Float32, ClimaCore.Geometry.Tensor{2, Float32, Tuple{ClimaCore.Geometry.Components{ClimaCore.Geometry.Orthonormal, (1, 2, 3)}, ClimaCore.Geometry.Components{ClimaCore.Geometry.Covariant, (1, 2, 3)}}, StaticArraysCore.SMatrix{3, 3, Float32, 9}}, ClimaCore.Geometry.Tensor{2, Float32, Tuple{ClimaCore.Geometry.Components{ClimaCore.Geometry.Contravariant, (1, 2, 3)}, ClimaCore.Geometry.Components{ClimaCore.Geometry.Contravariant, (1, 2, 3)}}, StaticArraysCore.SMatrix{3, 3, Float32, 9}}}, 91, Matrix{Float32}}}, ClimaCore.Grids.CellCenter}}, ᶠtemp_C123::ClimaCore.Fields.Field{ClimaCore.DataLayouts.VF{ClimaCore.Geometry.Covariant123Vector{Float32}, 91, Matrix{Float32}}, ClimaCore.Spaces.FiniteDifferenceSpace{ClimaCore.Grids.FiniteDifferenceGrid{ClimaCore.Topologies.IntervalTopology{ClimaComms.SingletonCommsContext{ClimaComms.CPUSingleThreaded}, ClimaCore.Meshes.IntervalMesh{ClimaCore.Meshes.Uniform, ClimaCore.Domains.IntervalDomain{ClimaCore.Geometry.ZPoint{Float32}, Tuple{Symbol, Symbol}}, LinRange{ClimaCore.Geometry.ZPoint{Float32}, Int64}, Nothing}, @NamedTuple{bottom::Int64, top::Int64}}, ClimaCore.Geometry.CartesianGlobalGeometry, ClimaCore.DataLayouts.VF{ClimaCore.Geometry.LocalGeometry{(3,), ClimaCore.Geometry.ZPoint{Float32}, Float32, ClimaCore.Geometry.Tensor{2, Float32, Tuple{ClimaCore.Geometry.Components{ClimaCore.Geometry.Orthonormal, (1, 2, 3)}, ClimaCore.Geometry.Components{ClimaCore.Geometry.Covariant, (1, 2, 3)}}, StaticArraysCore.SMatrix{3, 3, Float32, 9}}, ClimaCore.Geometry.Tensor{2, Float32, Tuple{ClimaCore.Geometry.Components{ClimaCore.Geometry.Contravariant, (1, 2, 3)}, ClimaCore.Geometry.Components{ClimaCore.Geometry.Contravariant, (1, 2, 3)}}, StaticArraysCore.SMatrix{3, 3, Float32, 9}}}, 90, Matrix{Float32}}, ClimaCore.DataLayouts.VF{ClimaCore.Geometry.LocalGeometry{(3,), ClimaCore.Geometry.ZPoint{Float32}, Float32, ClimaCore.Geometry.Tensor{2, Float32, Tuple{ClimaCore.Geometry.Components{ClimaCore.Geometry.Orthonormal, (1, 2, 3)}, ClimaCore.Geometry.Components{ClimaCore.Geometry.Covariant, (1, 2, 3)}}, StaticArraysCore.SMatrix{3, 3, Float32, 9}}, ClimaCore.Geometry.Tensor{2, Float32, Tuple{ClimaCore.Geometry.Components{ClimaCore.Geometry.Contravariant, (1, 2, 3)}, ClimaCore.Geometry.Components{ClimaCore.Geometry.Contravariant, (1, 2, 3)}}, StaticArraysCore.SMatrix{3, 3, Float32, 9}}}, 91, Matrix{Float32}}}, ClimaCore.Grids.CellFace}}, ᶜtemp_UVW::ClimaCore.Fields.Field{ClimaCore.DataLayouts.VF{ClimaCore.Geometry.UVWVector{Float32}, 90, Matrix{Float32}}, ClimaCore.Spaces.FiniteDifferenceSpace{ClimaCore.Grids.FiniteDifferenceGrid{ClimaCore.Topologies.IntervalTopology{ClimaComms.SingletonCommsContext{ClimaComms.CPUSingleThreaded}, ClimaCore.Meshes.IntervalMesh{ClimaCore.Meshes.Uniform, ClimaCore.Domains.IntervalDomain{ClimaCore.Geometry.ZPoint{Float32}, Tuple{Symbol, Symbol}}, LinRange{ClimaCore.Geometry.ZPoint{Float32}, Int64}, Nothing}, @NamedTuple{bottom::Int64, top::Int64}}, ClimaCore.Geometry.CartesianGlobalGeometry, ClimaCore.DataLayouts.VF{ClimaCore.Geometry.LocalGeometry{(3,), ClimaCore.Geometry.ZPoint{Float32}, Float32, ClimaCore.Geometry.Tensor{2, Float32, Tuple{ClimaCore.Geometry.Components{ClimaCore.Geometry.Orthonormal, (1, 2, 3)}, ClimaCore.Geometry.Components{ClimaCore.Geometry.Covariant, (1, 2, 3)}}, StaticArraysCore.SMatrix{3, 3, Float32, 9}}, ClimaCore.Geometry.Tensor{2, Float32, Tuple{ClimaCore.Geometry.Components{ClimaCore.Geometry.Contravariant, (1, 2, 3)}, ClimaCore.Geometry.Components{ClimaCore.Geometry.Contravariant, (1, 2, 3)}}, StaticArraysCore.SMatrix{3, 3, Float32, 9}}}, 90, Matrix{Float32}}, ClimaCore.DataLayouts.VF{ClimaCore.Geometry.LocalGeometry{(3,), ClimaCore.Geometry.ZPoint{Float32}, Float32, ClimaCore.Geometry.Tensor{2, Float32, Tuple{ClimaCore.Geometry.Components{ClimaCore.Geometry.Orthonormal, (1, 2, 3)}, ClimaCore.Geometry.Components{ClimaCore.Geometry.Covariant, (1, 2, 3)}}, StaticArraysCore.SMatrix{3, 3, Float32, 9}}, ClimaCore.Geometry.Tensor{2, Float32, Tuple{ClimaCore.Geometry.Components{ClimaCore.Geometry.Contravariant, (1, 2, 3)}, ClimaCore.Geometry.Components{ClimaCore.Geometry.Contravariant, (1, 2, 3)}}, StaticArraysCore.SMatrix{3, 3, Float32, 9}}}, 91, Matrix{Float32}}}, ClimaCore.Grids.CellCenter}}, ᶠtemp_UVW::ClimaCore.Fields.Field{ClimaCore.DataLayouts.VF{ClimaCore.Geometry.UVWVector{Float32}, 91, Matrix{Float32}}, ClimaCore.Spaces.FiniteDifferenceSpace{ClimaCore.Grids.FiniteDifferenceGrid{ClimaCore.Topologies.IntervalTopology{ClimaComms.SingletonCommsContext{ClimaComms.CPUSingleThreaded}, ClimaCore.Meshes.IntervalMesh{ClimaCore.Meshes.Uniform, ClimaCore.Domains.IntervalDomain{ClimaCore.Geometry.ZPoint{Float32}, Tuple{Symbol, Symbol}}, LinRange{ClimaCore.Geometry.ZPoint{Float32}, Int64}, Nothing}, @NamedTuple{bottom::Int64, top::Int64}}, ClimaCore.Geometry.CartesianGlobalGeometry, ClimaCore.DataLayouts.VF{ClimaCore.Geometry.LocalGeometry{(3,), ClimaCore.Geometry.ZPoint{Float32}, Float32, ClimaCore.Geometry.Tensor{2, Float32, Tuple{ClimaCore.Geometry.Components{ClimaCore.Geometry.Orthonormal, (1, 2, 3)}, ClimaCore.Geometry.Components{ClimaCore.Geometry.Covariant, (1, 2, 3)}}, StaticArraysCore.SMatrix{3, 3, Float32, 9}}, ClimaCore.Geometry.Tensor{2, Float32, Tuple{ClimaCore.Geometry.Components{ClimaCore.Geometry.Contravariant, (1, 2, 3)}, ClimaCore.Geometry.Components{ClimaCore.Geometry.Contravariant, (1, 2, 3)}}, StaticArraysCore.SMatrix{3, 3, Float32, 9}}}, 90, Matrix{Float32}}, ClimaCore.DataLayouts.VF{ClimaCore.Geometry.LocalGeometry{(3,), ClimaCore.Geometry.ZPoint{Float32}, Float32, ClimaCore.Geometry.Tensor{2, Float32, Tuple{ClimaCore.Geometry.Components{ClimaCore.Geometry.Orthonormal, (1, 2, 3)}, ClimaCore.Geometry.Components{ClimaCore.Geometry.Covariant, (1, 2, 3)}}, StaticArraysCore.SMatrix{3, 3, Float32, 9}}, ClimaCore.Geometry.Tensor{2, Float32, Tuple{ClimaCore.Geometry.Components{ClimaCore.Geometry.Contravariant, (1, 2, 3)}, ClimaCore.Geometry.Components{ClimaCore.Geometry.Contravariant, (1, 2, 3)}}, StaticArraysCore.SMatrix{3, 3, Float32, 9}}}, 91, Matrix{Float32}}}, ClimaCore.Grids.CellFace}}, ᶜtemp_UVWxUVW::ClimaCore.Fields.Field{ClimaCore.DataLayouts.VF{ClimaCore.Geometry.Tensor{2, Float32, Tuple{ClimaCore.Geometry.Components{ClimaCore.Geometry.Orthonormal, (1, 2, 3)}, ClimaCore.Geometry.Components{ClimaCore.Geometry.Orthonormal, (1, 2, 3)}}, StaticArraysCore.SMatrix{3, 3, Float32, 9}}, 90, Matrix{Float32}}, ClimaCore.Spaces.FiniteDifferenceSpace{ClimaCore.Grids.FiniteDifferenceGrid{ClimaCore.Topologies.IntervalTopology{ClimaComms.SingletonCommsContext{ClimaComms.CPUSingleThreaded}, ClimaCore.Meshes.IntervalMesh{ClimaCore.Meshes.Uniform, ClimaCore.Domains.IntervalDomain{ClimaCore.Geometry.ZPoint{Float32}, Tuple{Symbol, Symbol}}, LinRange{ClimaCore.Geometry.ZPoint{Float32}, Int64}, Nothing}, @NamedTuple{bottom::Int64, top::Int64}}, ClimaCore.Geometry.CartesianGlobalGeometry, ClimaCore.DataLayouts.VF{ClimaCore.Geometry.LocalGeometry{(3,), ClimaCore.Geometry.ZPoint{Float32}, Float32, ClimaCore.Geometry.Tensor{2, Float32, Tuple{ClimaCore.Geometry.Components{ClimaCore.Geometry.Orthonormal, (1, 2, 3)}, ClimaCore.Geometry.Components{ClimaCore.Geometry.Covariant, (1, 2, 3)}}, StaticArraysCore.SMatrix{3, 3, Float32, 9}}, ClimaCore.Geometry.Tensor{2, Float32, Tuple{ClimaCore.Geometry.Components{ClimaCore.Geometry.Contravariant, (1, 2, 3)}, ClimaCore.Geometry.Components{ClimaCore.Geometry.Contravariant, (1, 2, 3)}}, StaticArraysCore.SMatrix{3, 3, Float32, 9}}}, 90, Matrix{Float32}}, ClimaCore.DataLayouts.VF{ClimaCore.Geometry.LocalGeometry{(3,), ClimaCore.Geometry.ZPoint{Float32}, Float32, ClimaCore.Geometry.Tensor{2, Float32, Tuple{ClimaCore.Geometry.Components{ClimaCore.Geometry.Orthonormal, (1, 2, 3)}, ClimaCore.Geometry.Components{ClimaCore.Geometry.Covariant, (1, 2, 3)}}, StaticArraysCore.SMatrix{3, 3, Float32, 9}}, ClimaCore.Geometry.Tensor{2, Float32, Tuple{ClimaCore.Geometry.Components{ClimaCore.Geometry.Contravariant, (1, 2, 3)}, ClimaCore.Geometry.Components{ClimaCore.Geometry.Contravariant, (1, 2, 3)}}, StaticArraysCore.SMatrix{3, 3, Float32, 9}}}, 91, Matrix{Float32}}}, ClimaCore.Grids.CellCenter}}, ᶠtemp_UVWxUVW::ClimaCore.Fields.Field{ClimaCore.DataLayouts.VF{ClimaCore.Geometry.Tensor{2, Float32, Tuple{ClimaCore.Geometry.Components{ClimaCore.Geometry.Orthonormal, (1, 2, 3)}, ClimaCore.Geometry.Components{ClimaCore.Geometry.Orthonormal, (1, 2, 3)}}, StaticArraysCore.SMatrix{3, 3, Float32, 9}}, 91, Matrix{Float32}}, ClimaCore.Spaces.FiniteDifferenceSpace{ClimaCore.Grids.FiniteDifferenceGrid{ClimaCore.Topologies.IntervalTopology{ClimaComms.SingletonCommsContext{ClimaComms.CPUSingleThreaded}, ClimaCore.Meshes.IntervalMesh{ClimaCore.Meshes.Uniform, ClimaCore.Domains.IntervalDomain{ClimaCore.Geometry.ZPoint{Float32}, Tuple{Symbol, Symbol}}, LinRange{ClimaCore.Geometry.ZPoint{Float32}, Int64}, Nothing}, @NamedTuple{bottom::Int64, top::Int64}}, ClimaCore.Geometry.CartesianGlobalGeometry, ClimaCore.DataLayouts.VF{ClimaCore.Geometry.LocalGeometry{(3,), ClimaCore.Geometry.ZPoint{Float32}, Float32, ClimaCore.Geometry.Tensor{2, Float32, Tuple{ClimaCore.Geometry.Components{ClimaCore.Geometry.Orthonormal, (1, 2, 3)}, ClimaCore.Geometry.Components{ClimaCore.Geometry.Covariant, (1, 2, 3)}}, StaticArraysCore.SMatrix{3, 3, Float32, 9}}, ClimaCore.Geometry.Tensor{2, Float32, Tuple{ClimaCore.Geometry.Components{ClimaCore.Geometry.Contravariant, (1, 2, 3)}, ClimaCore.Geometry.Components{ClimaCore.Geometry.Contravariant, (1, 2, 3)}}, StaticArraysCore.SMatrix{3, 3, Float32, 9}}}, 90, Matrix{Float32}}, ClimaCore.DataLayouts.VF{ClimaCore.Geometry.LocalGeometry{(3,), ClimaCore.Geometry.ZPoint{Float32}, Float32, ClimaCore.Geometry.Tensor{2, Float32, Tuple{ClimaCore.Geometry.Components{ClimaCore.Geometry.Orthonormal, (1, 2, 3)}, ClimaCore.Geometry.Components{ClimaCore.Geometry.Covariant, (1, 2, 3)}}, StaticArraysCore.SMatrix{3, 3, Float32, 9}}, ClimaCore.Geometry.Tensor{2, Float32, Tuple{ClimaCore.Geometry.Components{ClimaCore.Geometry.Contravariant, (1, 2, 3)}, ClimaCore.Geometry.Components{ClimaCore.Geometry.Contravariant, (1, 2, 3)}}, StaticArraysCore.SMatrix{3, 3, Float32, 9}}}, 91, Matrix{Float32}}}, ClimaCore.Grids.CellFace}}, ᶜtemp_strain::ClimaCore.Fields.Field{ClimaCore.DataLayouts.VF{ClimaCore.Geometry.Tensor{2, Float32, Tuple{ClimaCore.Geometry.Components{ClimaCore.Geometry.Orthonormal, (1, 2, 3)}, ClimaCore.Geometry.Components{ClimaCore.Geometry.Orthonormal, (1, 2, 3)}}, StaticArraysCore.SMatrix{3, 3, Float32, 9}}, 90, Matrix{Float32}}, ClimaCore.Spaces.FiniteDifferenceSpace{ClimaCore.Grids.FiniteDifferenceGrid{ClimaCore.Topologies.IntervalTopology{ClimaComms.SingletonCommsContext{ClimaComms.CPUSingleThreaded}, ClimaCore.Meshes.IntervalMesh{ClimaCore.Meshes.Uniform, ClimaCore.Domains.IntervalDomain{ClimaCore.Geometry.ZPoint{Float32}, Tuple{Symbol, Symbol}}, LinRange{ClimaCore.Geometry.ZPoint{Float32}, Int64}, Nothing}, @NamedTuple{bottom::Int64, top::Int64}}, ClimaCore.Geometry.CartesianGlobalGeometry, ClimaCore.DataLayouts.VF{ClimaCore.Geometry.LocalGeometry{(3,), ClimaCore.Geometry.ZPoint{Float32}, Float32, ClimaCore.Geometry.Tensor{2, Float32, Tuple{ClimaCore.Geometry.Components{ClimaCore.Geometry.Orthonormal, (1, 2, 3)}, ClimaCore.Geometry.Components{ClimaCore.Geometry.Covariant, (1, 2, 3)}}, StaticArraysCore.SMatrix{3, 3, Float32, 9}}, ClimaCore.Geometry.Tensor{2, Float32, Tuple{ClimaCore.Geometry.Components{ClimaCore.Geometry.Contravariant, (1, 2, 3)}, ClimaCore.Geometry.Components{ClimaCore.Geometry.Contravariant, (1, 2, 3)}}, StaticArraysCore.SMatrix{3, 3, Float32, 9}}}, 90, Matrix{Float32}}, ClimaCore.DataLayouts.VF{ClimaCore.Geometry.LocalGeometry{(3,), ClimaCore.Geometry.ZPoint{Float32}, Float32, ClimaCore.Geometry.Tensor{2, Float32, Tuple{ClimaCore.Geometry.Components{ClimaCore.Geometry.Orthonormal, (1, 2, 3)}, ClimaCore.Geometry.Components{ClimaCore.Geometry.Covariant, (1, 2, 3)}}, StaticArraysCore.SMatrix{3, 3, Float32, 9}}, ClimaCore.Geometry.Tensor{2, Float32, Tuple{ClimaCore.Geometry.Components{ClimaCore.Geometry.Contravariant, (1, 2, 3)}, ClimaCore.Geometry.Components{ClimaCore.Geometry.Contravariant, (1, 2, 3)}}, StaticArraysCore.SMatrix{3, 3, Float32, 9}}}, 91, Matrix{Float32}}}, ClimaCore.Grids.CellCenter}}, ᶠtemp_strain::ClimaCore.Fields.Field{ClimaCore.DataLayouts.VF{ClimaCore.Geometry.Tensor{2, Float32, Tuple{ClimaCore.Geometry.Components{ClimaCore.Geometry.Orthonormal, (1, 2, 3)}, ClimaCore.Geometry.Components{ClimaCore.Geometry.Orthonormal, (1, 2, 3)}}, StaticArraysCore.SMatrix{3, 3, Float32, 9}}, 91, Matrix{Float32}}, ClimaCore.Spaces.FiniteDifferenceSpace{ClimaCore.Grids.FiniteDifferenceGrid{ClimaCore.Topologies.IntervalTopology{ClimaComms.SingletonCommsContext{ClimaComms.CPUSingleThreaded}, ClimaCore.Meshes.IntervalMesh{ClimaCore.Meshes.Uniform, ClimaCore.Domains.IntervalDomain{ClimaCore.Geometry.ZPoint{Float32}, Tuple{Symbol, Symbol}}, LinRange{ClimaCore.Geometry.ZPoint{Float32}, Int64}, Nothing}, @NamedTuple{bottom::Int64, top::Int64}}, ClimaCore.Geometry.CartesianGlobalGeometry, ClimaCore.DataLayouts.VF{ClimaCore.Geometry.LocalGeometry{(3,), ClimaCore.Geometry.ZPoint{Float32}, Float32, ClimaCore.Geometry.Tensor{2, Float32, Tuple{ClimaCore.Geometry.Components{ClimaCore.Geometry.Orthonormal, (1, 2, 3)}, ClimaCore.Geometry.Components{ClimaCore.Geometry.Covariant, (1, 2, 3)}}, StaticArraysCore.SMatrix{3, 3, Float32, 9}}, ClimaCore.Geometry.Tensor{2, Float32, Tuple{ClimaCore.Geometry.Components{ClimaCore.Geometry.Contravariant, (1, 2, 3)}, ClimaCore.Geometry.Components{ClimaCore.Geometry.Contravariant, (1, 2, 3)}}, StaticArraysCore.SMatrix{3, 3, Float32, 9}}}, 90, Matrix{Float32}}, ClimaCore.DataLayouts.VF{ClimaCore.Geometry.LocalGeometry{(3,), ClimaCore.Geometry.ZPoint{Float32}, Float32, ClimaCore.Geometry.Tensor{2, Float32, Tuple{ClimaCore.Geometry.Components{ClimaCore.Geometry.Orthonormal, (1, 2, 3)}, ClimaCore.Geometry.Components{ClimaCore.Geometry.Covariant, (1, 2, 3)}}, StaticArraysCore.SMatrix{3, 3, Float32, 9}}, ClimaCore.Geometry.Tensor{2, Float32, Tuple{ClimaCore.Geometry.Components{ClimaCore.Geometry.Contravariant, (1, 2, 3)}, ClimaCore.Geometry.Components{ClimaCore.Geometry.Contravariant, (1, 2, 3)}}, StaticArraysCore.SMatrix{3, 3, Float32, 9}}}, 91, Matrix{Float32}}}, ClimaCore.Grids.CellFace}}, sfc_temp_C3::ClimaCore.Fields.Field{ClimaCore.DataLayouts.DataF{ClimaCore.Geometry.Covariant3Vector{Float32}, Vector{Float32}}, ClimaCore.Spaces.PointSpace{ClimaComms.SingletonCommsContext{ClimaComms.CPUSingleThreaded}, ClimaCore.DataLayouts.DataF{ClimaCore.Geometry.LocalGeometry{(3,), ClimaCore.Geometry.ZPoint{Float32}, Float32, ClimaCore.Geometry.Tensor{2, Float32, Tuple{ClimaCore.Geometry.Components{ClimaCore.Geometry.Orthonormal, (1, 2, 3)}, ClimaCore.Geometry.Components{ClimaCore.Geometry.Covariant, (1, 2, 3)}}, StaticArraysCore.SMatrix{3, 3, Float32, 9}}, ClimaCore.Geometry.Tensor{2, Float32, Tuple{ClimaCore.Geometry.Components{ClimaCore.Geometry.Contravariant, (1, 2, 3)}, ClimaCore.Geometry.Components{ClimaCore.Geometry.Contravariant, (1, 2, 3)}}, StaticArraysCore.SMatrix{3, 3, Float32, 9}}}, SubArray{Float32, 1, Matrix{Float32}, Tuple{Int64, Base.Slice{Base.OneTo{Int64}}}, true}}}}, ∂ᶜK_∂ᶜuₕ::ClimaCore.Fields.Field{ClimaCore.DataLayouts.VF{ClimaCore.MatrixFields.DiagonalMatrixRow{ClimaCore.Geometry.Tensor{2, Float32, Tuple{ClimaCore.Geometry.Components{ClimaCore.Geometry.OneScalar, (nothing,)}, ClimaCore.Geometry.Components{ClimaCore.Geometry.Contravariant, (1, 2)}}, LinearAlgebra.Adjoint{Float32, StaticArraysCore.SVector{2, Float32}}}}, 90, Matrix{Float32}}, ClimaCore.Spaces.FiniteDifferenceSpace{ClimaCore.Grids.FiniteDifferenceGrid{ClimaCore.Topologies.IntervalTopology{ClimaComms.SingletonCommsContext{ClimaComms.CPUSingleThreaded}, ClimaCore.Meshes.IntervalMesh{ClimaCore.Meshes.Uniform, ClimaCore.Domains.IntervalDomain{ClimaCore.Geometry.ZPoint{Float32}, Tuple{Symbol, Symbol}}, LinRange{ClimaCore.Geometry.ZPoint{Float32}, Int64}, Nothing}, @NamedTuple{bottom::Int64, top::Int64}}, ClimaCore.Geometry.CartesianGlobalGeometry, ClimaCore.DataLayouts.VF{ClimaCore.Geometry.LocalGeometry{(3,), ClimaCore.Geometry.ZPoint{Float32}, Float32, ClimaCore.Geometry.Tensor{2, Float32, Tuple{ClimaCore.Geometry.Components{ClimaCore.Geometry.Orthonormal, (1, 2, 3)}, ClimaCore.Geometry.Components{ClimaCore.Geometry.Covariant, (1, 2, 3)}}, StaticArraysCore.SMatrix{3, 3, Float32, 9}}, ClimaCore.Geometry.Tensor{2, Float32, Tuple{ClimaCore.Geometry.Components{ClimaCore.Geometry.Contravariant, (1, 2, 3)}, ClimaCore.Geometry.Components{ClimaCore.Geometry.Contravariant, (1, 2, 3)}}, StaticArraysCore.SMatrix{3, 3, Float32, 9}}}, 90, Matrix{Float32}}, ClimaCore.DataLayouts.VF{ClimaCore.Geometry.LocalGeometry{(3,), ClimaCore.Geometry.ZPoint{Float32}, Float32, ClimaCore.Geometry.Tensor{2, Float32, Tuple{ClimaCore.Geometry.Components{ClimaCore.Geometry.Orthonormal, (1, 2, 3)}, ClimaCore.Geometry.Components{ClimaCore.Geometry.Covariant, (1, 2, 3)}}, StaticArraysCore.SMatrix{3, 3, Float32, 9}}, ClimaCore.Geometry.Tensor{2, Float32, Tuple{ClimaCore.Geometry.Components{ClimaCore.Geometry.Contravariant, (1, 2, 3)}, ClimaCore.Geometry.Components{ClimaCore.Geometry.Contravariant, (1, 2, 3)}}, StaticArraysCore.SMatrix{3, 3, Float32, 9}}}, 91, Matrix{Float32}}}, ClimaCore.Grids.CellCenter}}, ∂ᶜK_∂ᶠu₃::ClimaCore.Fields.Field{ClimaCore.DataLayouts.VF{ClimaCore.MatrixFields.BidiagonalMatrixRow{ClimaCore.Geometry.Tensor{2, Float32, Tuple{ClimaCore.Geometry.Components{ClimaCore.Geometry.OneScalar, (nothing,)}, ClimaCore.Geometry.Components{ClimaCore.Geometry.Contravariant, (3,)}}, LinearAlgebra.Adjoint{Float32, StaticArraysCore.SVector{1, Float32}}}}, 90, Matrix{Float32}}, ClimaCore.Spaces.FiniteDifferenceSpace{ClimaCore.Grids.FiniteDifferenceGrid{ClimaCore.Topologies.IntervalTopology{ClimaComms.SingletonCommsContext{ClimaComms.CPUSingleThreaded}, ClimaCore.Meshes.IntervalMesh{ClimaCore.Meshes.Uniform, ClimaCore.Domains.IntervalDomain{ClimaCore.Geometry.ZPoint{Float32}, Tuple{Symbol, Symbol}}, LinRange{ClimaCore.Geometry.ZPoint{Float32}, Int64}, Nothing}, @NamedTuple{bottom::Int64, top::Int64}}, ClimaCore.Geometry.CartesianGlobalGeometry, ClimaCore.DataLayouts.VF{ClimaCore.Geometry.LocalGeometry{(3,), ClimaCore.Geometry.ZPoint{Float32}, Float32, ClimaCore.Geometry.Tensor{2, Float32, Tuple{ClimaCore.Geometry.Components{ClimaCore.Geometry.Orthonormal, (1, 2, 3)}, ClimaCore.Geometry.Components{ClimaCore.Geometry.Covariant, (1, 2, 3)}}, StaticArraysCore.SMatrix{3, 3, Float32, 9}}, ClimaCore.Geometry.Tensor{2, Float32, Tuple{ClimaCore.Geometry.Components{ClimaCore.Geometry.Contravariant, (1, 2, 3)}, ClimaCore.Geometry.Components{ClimaCore.Geometry.Contravariant, (1, 2, 3)}}, StaticArraysCore.SMatrix{3, 3, Float32, 9}}}, 90, Matrix{Float32}}, ClimaCore.DataLayouts.VF{ClimaCore.Geometry.LocalGeometry{(3,), ClimaCore.Geometry.ZPoint{Float32}, Float32, ClimaCore.Geometry.Tensor{2, Float32, Tuple{ClimaCore.Geometry.Components{ClimaCore.Geometry.Orthonormal, (1, 2, 3)}, ClimaCore.Geometry.Components{ClimaCore.Geometry.Covariant, (1, 2, 3)}}, StaticArraysCore.SMatrix{3, 3, Float32, 9}}, ClimaCore.Geometry.Tensor{2, Float32, Tuple{ClimaCore.Geometry.Components{ClimaCore.Geometry.Contravariant, (1, 2, 3)}, ClimaCore.Geometry.Components{ClimaCore.Geometry.Contravariant, (1, 2, 3)}}, StaticArraysCore.SMatrix{3, 3, Float32, 9}}}, 91, Matrix{Float32}}}, ClimaCore.Grids.CellCenter}}, ᶠp_grad_matrix::ClimaCore.Fields.Field{ClimaCore.DataLayouts.VF{ClimaCore.MatrixFields.BidiagonalMatrixRow{ClimaCore.Geometry.Covariant3Vector{Float32}}, 91, Matrix{Float32}}, ClimaCore.Spaces.FiniteDifferenceSpace{ClimaCore.Grids.FiniteDifferenceGrid{ClimaCore.Topologies.IntervalTopology{ClimaComms.SingletonCommsContext{ClimaComms.CPUSingleThreaded}, ClimaCore.Meshes.IntervalMesh{ClimaCore.Meshes.Uniform, ClimaCore.Domains.IntervalDomain{ClimaCore.Geometry.ZPoint{Float32}, Tuple{Symbol, Symbol}}, LinRange{ClimaCore.Geometry.ZPoint{Float32}, Int64}, Nothing}, @NamedTuple{bottom::Int64, top::Int64}}, ClimaCore.Geometry.CartesianGlobalGeometry, ClimaCore.DataLayouts.VF{ClimaCore.Geometry.LocalGeometry{(3,), ClimaCore.Geometry.ZPoint{Float32}, Float32, ClimaCore.Geometry.Tensor{2, Float32, Tuple{ClimaCore.Geometry.Components{ClimaCore.Geometry.Orthonormal, (1, 2, 3)}, ClimaCore.Geometry.Components{ClimaCore.Geometry.Covariant, (1, 2, 3)}}, StaticArraysCore.SMatrix{3, 3, Float32, 9}}, ClimaCore.Geometry.Tensor{2, Float32, Tuple{ClimaCore.Geometry.Components{ClimaCore.Geometry.Contravariant, (1, 2, 3)}, ClimaCore.Geometry.Components{ClimaCore.Geometry.Contravariant, (1, 2, 3)}}, StaticArraysCore.SMatrix{3, 3, Float32, 9}}}, 90, Matrix{Float32}}, ClimaCore.DataLayouts.VF{ClimaCore.Geometry.LocalGeometry{(3,), ClimaCore.Geometry.ZPoint{Float32}, Float32, ClimaCore.Geometry.Tensor{2, Float32, Tuple{ClimaCore.Geometry.Components{ClimaCore.Geometry.Orthonormal, (1, 2, 3)}, ClimaCore.Geometry.Components{ClimaCore.Geometry.Covariant, (1, 2, 3)}}, StaticArraysCore.SMatrix{3, 3, Float32, 9}}, ClimaCore.Geometry.Tensor{2, Float32, Tuple{ClimaCore.Geometry.Components{ClimaCore.Geometry.Contravariant, (1, 2, 3)}, ClimaCore.Geometry.Components{ClimaCore.Geometry.Contravariant, (1, 2, 3)}}, StaticArraysCore.SMatrix{3, 3, Float32, 9}}}, 91, Matrix{Float32}}}, ClimaCore.Grids.CellFace}}, ᶠbidiagonal_matrix_ct3::ClimaCore.Fields.Field{ClimaCore.DataLayouts.VF{ClimaCore.MatrixFields.BidiagonalMatrixRow{ClimaCore.Geometry.Contravariant3Vector{Float32}}, 91, Matrix{Float32}}, ClimaCore.Spaces.FiniteDifferenceSpace{ClimaCore.Grids.FiniteDifferenceGrid{ClimaCore.Topologies.IntervalTopology{ClimaComms.SingletonCommsContext{ClimaComms.CPUSingleThreaded}, ClimaCore.Meshes.IntervalMesh{ClimaCore.Meshes.Uniform, ClimaCore.Domains.IntervalDomain{ClimaCore.Geometry.ZPoint{Float32}, Tuple{Symbol, Symbol}}, LinRange{ClimaCore.Geometry.ZPoint{Float32}, Int64}, Nothing}, @NamedTuple{bottom::Int64, top::Int64}}, ClimaCore.Geometry.CartesianGlobalGeometry, ClimaCore.DataLayouts.VF{ClimaCore.Geometry.LocalGeometry{(3,), ClimaCore.Geometry.ZPoint{Float32}, Float32, ClimaCore.Geometry.Tensor{2, Float32, Tuple{ClimaCore.Geometry.Components{ClimaCore.Geometry.Orthonormal, (1, 2, 3)}, ClimaCore.Geometry.Components{ClimaCore.Geometry.Covariant, (1, 2, 3)}}, StaticArraysCore.SMatrix{3, 3, Float32, 9}}, ClimaCore.Geometry.Tensor{2, Float32, Tuple{ClimaCore.Geometry.Components{ClimaCore.Geometry.Contravariant, (1, 2, 3)}, ClimaCore.Geometry.Components{ClimaCore.Geometry.Contravariant, (1, 2, 3)}}, StaticArraysCore.SMatrix{3, 3, Float32, 9}}}, 90, Matrix{Float32}}, ClimaCore.DataLayouts.VF{ClimaCore.Geometry.LocalGeometry{(3,), ClimaCore.Geometry.ZPoint{Float32}, Float32, ClimaCore.Geometry.Tensor{2, Float32, Tuple{ClimaCore.Geometry.Components{ClimaCore.Geometry.Orthonormal, (1, 2, 3)}, ClimaCore.Geometry.Components{ClimaCore.Geometry.Covariant, (1, 2, 3)}}, StaticArraysCore.SMatrix{3, 3, Float32, 9}}, ClimaCore.Geometry.Tensor{2, Float32, Tuple{ClimaCore.Geometry.Components{ClimaCore.Geometry.Contravariant, (1, 2, 3)}, ClimaCore.Geometry.Components{ClimaCore.Geometry.Contravariant, (1, 2, 3)}}, StaticArraysCore.SMatrix{3, 3, Float32, 9}}}, 91, Matrix{Float32}}}, ClimaCore.Grids.CellFace}}, ᶠband_matrix_wvec::ClimaCore.Fields.Field{ClimaCore.DataLayouts.VF{ClimaCore.MatrixFields.BandMatrixRow{ClimaCore.Utilities.PlusHalf{Int64}(0), 1, ClimaCore.Geometry.WVector{Float32}}, 91, Matrix{Float32}}, ClimaCore.Spaces.FiniteDifferenceSpace{ClimaCore.Grids.FiniteDifferenceGrid{ClimaCore.Topologies.IntervalTopology{ClimaComms.SingletonCommsContext{ClimaComms.CPUSingleThreaded}, ClimaCore.Meshes.IntervalMesh{ClimaCore.Meshes.Uniform, ClimaCore.Domains.IntervalDomain{ClimaCore.Geometry.ZPoint{Float32}, Tuple{Symbol, Symbol}}, LinRange{ClimaCore.Geometry.ZPoint{Float32}, Int64}, Nothing}, @NamedTuple{bottom::Int64, top::Int64}}, ClimaCore.Geometry.CartesianGlobalGeometry, ClimaCore.DataLayouts.VF{ClimaCore.Geometry.LocalGeometry{(3,), ClimaCore.Geometry.ZPoint{Float32}, Float32, ClimaCore.Geometry.Tensor{2, Float32, Tuple{ClimaCore.Geometry.Components{ClimaCore.Geometry.Orthonormal, (1, 2, 3)}, ClimaCore.Geometry.Components{ClimaCore.Geometry.Covariant, (1, 2, 3)}}, StaticArraysCore.SMatrix{3, 3, Float32, 9}}, ClimaCore.Geometry.Tensor{2, Float32, Tuple{ClimaCore.Geometry.Components{ClimaCore.Geometry.Contravariant, (1, 2, 3)}, ClimaCore.Geometry.Components{ClimaCore.Geometry.Contravariant, (1, 2, 3)}}, StaticArraysCore.SMatrix{3, 3, Float32, 9}}}, 90, Matrix{Float32}}, ClimaCore.DataLayouts.VF{ClimaCore.Geometry.LocalGeometry{(3,), ClimaCore.Geometry.ZPoint{Float32}, Float32, ClimaCore.Geometry.Tensor{2, Float32, Tuple{ClimaCore.Geometry.Components{ClimaCore.Geometry.Orthonormal, (1, 2, 3)}, ClimaCore.Geometry.Components{ClimaCore.Geometry.Covariant, (1, 2, 3)}}, StaticArraysCore.SMatrix{3, 3, Float32, 9}}, ClimaCore.Geometry.Tensor{2, Float32, Tuple{ClimaCore.Geometry.Components{ClimaCore.Geometry.Contravariant, (1, 2, 3)}, ClimaCore.Geometry.Components{ClimaCore.Geometry.Contravariant, (1, 2, 3)}}, StaticArraysCore.SMatrix{3, 3, Float32, 9}}}, 91, Matrix{Float32}}}, ClimaCore.Grids.CellFace}}, ᶠsed_tracer_advection::ClimaCore.Fields.Field{ClimaCore.DataLayouts.VF{ClimaCore.MatrixFields.BandMatrixRow{ClimaCore.Utilities.PlusHalf{Int64}(0), 1, ClimaCore.Geometry.WVector{Float32}}, 91, Matrix{Float32}}, ClimaCore.Spaces.FiniteDifferenceSpace{ClimaCore.Grids.FiniteDifferenceGrid{ClimaCore.Topologies.IntervalTopology{ClimaComms.SingletonCommsContext{ClimaComms.CPUSingleThreaded}, ClimaCore.Meshes.IntervalMesh{ClimaCore.Meshes.Uniform, ClimaCore.Domains.IntervalDomain{ClimaCore.Geometry.ZPoint{Float32}, Tuple{Symbol, Symbol}}, LinRange{ClimaCore.Geometry.ZPoint{Float32}, Int64}, Nothing}, @NamedTuple{bottom::Int64, top::Int64}}, ClimaCore.Geometry.CartesianGlobalGeometry, ClimaCore.DataLayouts.VF{ClimaCore.Geometry.LocalGeometry{(3,), ClimaCore.Geometry.ZPoint{Float32}, Float32, ClimaCore.Geometry.Tensor{2, Float32, Tuple{ClimaCore.Geometry.Components{ClimaCore.Geometry.Orthonormal, (1, 2, 3)}, ClimaCore.Geometry.Components{ClimaCore.Geometry.Covariant, (1, 2, 3)}}, StaticArraysCore.SMatrix{3, 3, Float32, 9}}, ClimaCore.Geometry.Tensor{2, Float32, Tuple{ClimaCore.Geometry.Components{ClimaCore.Geometry.Contravariant, (1, 2, 3)}, ClimaCore.Geometry.Components{ClimaCore.Geometry.Contravariant, (1, 2, 3)}}, StaticArraysCore.SMatrix{3, 3, Float32, 9}}}, 90, Matrix{Float32}}, ClimaCore.DataLayouts.VF{ClimaCore.Geometry.LocalGeometry{(3,), ClimaCore.Geometry.ZPoint{Float32}, Float32, ClimaCore.Geometry.Tensor{2, Float32, Tuple{ClimaCore.Geometry.Components{ClimaCore.Geometry.Orthonormal, (1, 2, 3)}, ClimaCore.Geometry.Components{ClimaCore.Geometry.Covariant, (1, 2, 3)}}, StaticArraysCore.SMatrix{3, 3, Float32, 9}}, ClimaCore.Geometry.Tensor{2, Float32, Tuple{ClimaCore.Geometry.Components{ClimaCore.Geometry.Contravariant, (1, 2, 3)}, ClimaCore.Geometry.Components{ClimaCore.Geometry.Contravariant, (1, 2, 3)}}, StaticArraysCore.SMatrix{3, 3, Float32, 9}}}, 91, Matrix{Float32}}}, ClimaCore.Grids.CellFace}}, ᶜtracer_advection_matrix::ClimaCore.Fields.Field{ClimaCore.DataLayouts.VF{ClimaCore.MatrixFields.BidiagonalMatrixRow{ClimaCore.Geometry.Tensor{2, Float32, Tuple{ClimaCore.Geometry.Components{ClimaCore.Geometry.OneScalar, (nothing,)}, ClimaCore.Geometry.Components{ClimaCore.Geometry.Covariant, (3,)}}, LinearAlgebra.Adjoint{Float32, StaticArraysCore.SVector{1, Float32}}}}, 90, Matrix{Float32}}, ClimaCore.Spaces.FiniteDifferenceSpace{ClimaCore.Grids.FiniteDifferenceGrid{ClimaCore.Topologies.IntervalTopology{ClimaComms.SingletonCommsContext{ClimaComms.CPUSingleThreaded}, ClimaCore.Meshes.IntervalMesh{ClimaCore.Meshes.Uniform, ClimaCore.Domains.IntervalDomain{ClimaCore.Geometry.ZPoint{Float32}, Tuple{Symbol, Symbol}}, LinRange{ClimaCore.Geometry.ZPoint{Float32}, Int64}, Nothing}, @NamedTuple{bottom::Int64, top::Int64}}, ClimaCore.Geometry.CartesianGlobalGeometry, ClimaCore.DataLayouts.VF{ClimaCore.Geometry.LocalGeometry{(3,), ClimaCore.Geometry.ZPoint{Float32}, Float32, ClimaCore.Geometry.Tensor{2, Float32, Tuple{ClimaCore.Geometry.Components{ClimaCore.Geometry.Orthonormal, (1, 2, 3)}, ClimaCore.Geometry.Components{ClimaCore.Geometry.Covariant, (1, 2, 3)}}, StaticArraysCore.SMatrix{3, 3, Float32, 9}}, ClimaCore.Geometry.Tensor{2, Float32, Tuple{ClimaCore.Geometry.Components{ClimaCore.Geometry.Contravariant, (1, 2, 3)}, ClimaCore.Geometry.Components{ClimaCore.Geometry.Contravariant, (1, 2, 3)}}, StaticArraysCore.SMatrix{3, 3, Float32, 9}}}, 90, Matrix{Float32}}, ClimaCore.DataLayouts.VF{ClimaCore.Geometry.LocalGeometry{(3,), ClimaCore.Geometry.ZPoint{Float32}, Float32, ClimaCore.Geometry.Tensor{2, Float32, Tuple{ClimaCore.Geometry.Components{ClimaCore.Geometry.Orthonormal, (1, 2, 3)}, ClimaCore.Geometry.Components{ClimaCore.Geometry.Covariant, (1, 2, 3)}}, StaticArraysCore.SMatrix{3, 3, Float32, 9}}, ClimaCore.Geometry.Tensor{2, Float32, Tuple{ClimaCore.Geometry.Components{ClimaCore.Geometry.Contravariant, (1, 2, 3)}, ClimaCore.Geometry.Components{ClimaCore.Geometry.Contravariant, (1, 2, 3)}}, StaticArraysCore.SMatrix{3, 3, Float32, 9}}}, 91, Matrix{Float32}}}, ClimaCore.Grids.CellCenter}}, ᶠbidiagonal_matrix_ct3_2::ClimaCore.Fields.Field{ClimaCore.DataLayouts.VF{ClimaCore.MatrixFields.BidiagonalMatrixRow{ClimaCore.Geometry.Contravariant3Vector{Float32}}, 91, Matrix{Float32}}, ClimaCore.Spaces.FiniteDifferenceSpace{ClimaCore.Grids.FiniteDifferenceGrid{ClimaCore.Topologies.IntervalTopology{ClimaComms.SingletonCommsContext{ClimaComms.CPUSingleThreaded}, ClimaCore.Meshes.IntervalMesh{ClimaCore.Meshes.Uniform, ClimaCore.Domains.IntervalDomain{ClimaCore.Geometry.ZPoint{Float32}, Tuple{Symbol, Symbol}}, LinRange{ClimaCore.Geometry.ZPoint{Float32}, Int64}, Nothing}, @NamedTuple{bottom::Int64, top::Int64}}, ClimaCore.Geometry.CartesianGlobalGeometry, ClimaCore.DataLayouts.VF{ClimaCore.Geometry.LocalGeometry{(3,), ClimaCore.Geometry.ZPoint{Float32}, Float32, ClimaCore.Geometry.Tensor{2, Float32, Tuple{ClimaCore.Geometry.Components{ClimaCore.Geometry.Orthonormal, (1, 2, 3)}, ClimaCore.Geometry.Components{ClimaCore.Geometry.Covariant, (1, 2, 3)}}, StaticArraysCore.SMatrix{3, 3, Float32, 9}}, ClimaCore.Geometry.Tensor{2, Float32, Tuple{ClimaCore.Geometry.Components{ClimaCore.Geometry.Contravariant, (1, 2, 3)}, ClimaCore.Geometry.Components{ClimaCore.Geometry.Contravariant, (1, 2, 3)}}, StaticArraysCore.SMatrix{3, 3, Float32, 9}}}, 90, Matrix{Float32}}, ClimaCore.DataLayouts.VF{ClimaCore.Geometry.LocalGeometry{(3,), ClimaCore.Geometry.ZPoint{Float32}, Float32, ClimaCore.Geometry.Tensor{2, Float32, Tuple{ClimaCore.Geometry.Components{ClimaCore.Geometry.Orthonormal, (1, 2, 3)}, ClimaCore.Geometry.Components{ClimaCore.Geometry.Covariant, (1, 2, 3)}}, StaticArraysCore.SMatrix{3, 3, Float32, 9}}, ClimaCore.Geometry.Tensor{2, Float32, Tuple{ClimaCore.Geometry.Components{ClimaCore.Geometry.Contravariant, (1, 2, 3)}, ClimaCore.Geometry.Components{ClimaCore.Geometry.Contravariant, (1, 2, 3)}}, StaticArraysCore.SMatrix{3, 3, Float32, 9}}}, 91, Matrix{Float32}}}, ClimaCore.Grids.CellFace}}, ᶠbidiagonal_matrix_ct3xct12::ClimaCore.Fields.Field{ClimaCore.DataLayouts.VF{ClimaCore.MatrixFields.BidiagonalMatrixRow{ClimaCore.Geometry.Tensor{2, Float32, Tuple{ClimaCore.Geometry.Components{ClimaCore.Geometry.Contravariant, (3,)}, ClimaCore.Geometry.Components{ClimaCore.Geometry.Contravariant, (1, 2)}}, StaticArraysCore.SMatrix{1, 2, Float32, 2}}}, 91, Matrix{Float32}}, ClimaCore.Spaces.FiniteDifferenceSpace{ClimaCore.Grids.FiniteDifferenceGrid{ClimaCore.Topologies.IntervalTopology{ClimaComms.SingletonCommsContext{ClimaComms.CPUSingleThreaded}, ClimaCore.Meshes.IntervalMesh{ClimaCore.Meshes.Uniform, ClimaCore.Domains.IntervalDomain{ClimaCore.Geometry.ZPoint{Float32}, Tuple{Symbol, Symbol}}, LinRange{ClimaCore.Geometry.ZPoint{Float32}, Int64}, Nothing}, @NamedTuple{bottom::Int64, top::Int64}}, ClimaCore.Geometry.CartesianGlobalGeometry, ClimaCore.DataLayouts.VF{ClimaCore.Geometry.LocalGeometry{(3,), ClimaCore.Geometry.ZPoint{Float32}, Float32, ClimaCore.Geometry.Tensor{2, Float32, Tuple{ClimaCore.Geometry.Components{ClimaCore.Geometry.Orthonormal, (1, 2, 3)}, ClimaCore.Geometry.Components{ClimaCore.Geometry.Covariant, (1, 2, 3)}}, StaticArraysCore.SMatrix{3, 3, Float32, 9}}, ClimaCore.Geometry.Tensor{2, Float32, Tuple{ClimaCore.Geometry.Components{ClimaCore.Geometry.Contravariant, (1, 2, 3)}, ClimaCore.Geometry.Components{ClimaCore.Geometry.Contravariant, (1, 2, 3)}}, StaticArraysCore.SMatrix{3, 3, Float32, 9}}}, 90, Matrix{Float32}}, ClimaCore.DataLayouts.VF{ClimaCore.Geometry.LocalGeometry{(3,), ClimaCore.Geometry.ZPoint{Float32}, Float32, ClimaCore.Geometry.Tensor{2, Float32, Tuple{ClimaCore.Geometry.Components{ClimaCore.Geometry.Orthonormal, (1, 2, 3)}, ClimaCore.Geometry.Components{ClimaCore.Geometry.Covariant, (1, 2, 3)}}, StaticArraysCore.SMatrix{3, 3, Float32, 9}}, ClimaCore.Geometry.Tensor{2, Float32, Tuple{ClimaCore.Geometry.Components{ClimaCore.Geometry.Contravariant, (1, 2, 3)}, ClimaCore.Geometry.Components{ClimaCore.Geometry.Contravariant, (1, 2, 3)}}, StaticArraysCore.SMatrix{3, 3, Float32, 9}}}, 91, Matrix{Float32}}}, ClimaCore.Grids.CellFace}}, ᶜadvection_matrix::ClimaCore.Fields.Field{ClimaCore.DataLayouts.VF{ClimaCore.MatrixFields.BidiagonalMatrixRow{ClimaCore.Geometry.Tensor{2, Float32, Tuple{ClimaCore.Geometry.Components{ClimaCore.Geometry.OneScalar, (nothing,)}, ClimaCore.Geometry.Components{ClimaCore.Geometry.Covariant, (3,)}}, LinearAlgebra.Adjoint{Float32, StaticArraysCore.SVector{1, Float32}}}}, 90, Matrix{Float32}}, ClimaCore.Spaces.FiniteDifferenceSpace{ClimaCore.Grids.FiniteDifferenceGrid{ClimaCore.Topologies.IntervalTopology{ClimaComms.SingletonCommsContext{ClimaComms.CPUSingleThreaded}, ClimaCore.Meshes.IntervalMesh{ClimaCore.Meshes.Uniform, ClimaCore.Domains.IntervalDomain{ClimaCore.Geometry.ZPoint{Float32}, Tuple{Symbol, Symbol}}, LinRange{ClimaCore.Geometry.ZPoint{Float32}, Int64}, Nothing}, @NamedTuple{bottom::Int64, top::Int64}}, ClimaCore.Geometry.CartesianGlobalGeometry, ClimaCore.DataLayouts.VF{ClimaCore.Geometry.LocalGeometry{(3,), ClimaCore.Geometry.ZPoint{Float32}, Float32, ClimaCore.Geometry.Tensor{2, Float32, Tuple{ClimaCore.Geometry.Components{ClimaCore.Geometry.Orthonormal, (1, 2, 3)}, ClimaCore.Geometry.Components{ClimaCore.Geometry.Covariant, (1, 2, 3)}}, StaticArraysCore.SMatrix{3, 3, Float32, 9}}, ClimaCore.Geometry.Tensor{2, Float32, Tuple{ClimaCore.Geometry.Components{ClimaCore.Geometry.Contravariant, (1, 2, 3)}, ClimaCore.Geometry.Components{ClimaCore.Geometry.Contravariant, (1, 2, 3)}}, StaticArraysCore.SMatrix{3, 3, Float32, 9}}}, 90, Matrix{Float32}}, ClimaCore.DataLayouts.VF{ClimaCore.Geometry.LocalGeometry{(3,), ClimaCore.Geometry.ZPoint{Float32}, Float32, ClimaCore.Geometry.Tensor{2, Float32, Tuple{ClimaCore.Geometry.Components{ClimaCore.Geometry.Orthonormal, (1, 2, 3)}, ClimaCore.Geometry.Components{ClimaCore.Geometry.Covariant, (1, 2, 3)}}, StaticArraysCore.SMatrix{3, 3, Float32, 9}}, ClimaCore.Geometry.Tensor{2, Float32, Tuple{ClimaCore.Geometry.Components{ClimaCore.Geometry.Contravariant, (1, 2, 3)}, ClimaCore.Geometry.Components{ClimaCore.Geometry.Contravariant, (1, 2, 3)}}, StaticArraysCore.SMatrix{3, 3, Float32, 9}}}, 91, Matrix{Float32}}}, ClimaCore.Grids.CellCenter}}, ᶜtridiagonal_matrix::ClimaCore.Fields.Field{ClimaCore.DataLayouts.VF{ClimaCore.MatrixFields.TridiagonalMatrixRow{Float32}, 90, Matrix{Float32}}, ClimaCore.Spaces.FiniteDifferenceSpace{ClimaCore.Grids.FiniteDifferenceGrid{ClimaCore.Topologies.IntervalTopology{ClimaComms.SingletonCommsContext{ClimaComms.CPUSingleThreaded}, ClimaCore.Meshes.IntervalMesh{ClimaCore.Meshes.Uniform, ClimaCore.Domains.IntervalDomain{ClimaCore.Geometry.ZPoint{Float32}, Tuple{Symbol, Symbol}}, LinRange{ClimaCore.Geometry.ZPoint{Float32}, Int64}, Nothing}, @NamedTuple{bottom::Int64, top::Int64}}, ClimaCore.Geometry.CartesianGlobalGeometry, ClimaCore.DataLayouts.VF{ClimaCore.Geometry.LocalGeometry{(3,), ClimaCore.Geometry.ZPoint{Float32}, Float32, ClimaCore.Geometry.Tensor{2, Float32, Tuple{ClimaCore.Geometry.Components{ClimaCore.Geometry.Orthonormal, (1, 2, 3)}, ClimaCore.Geometry.Components{ClimaCore.Geometry.Covariant, (1, 2, 3)}}, StaticArraysCore.SMatrix{3, 3, Float32, 9}}, ClimaCore.Geometry.Tensor{2, Float32, Tuple{ClimaCore.Geometry.Components{ClimaCore.Geometry.Contravariant, (1, 2, 3)}, ClimaCore.Geometry.Components{ClimaCore.Geometry.Contravariant, (1, 2, 3)}}, StaticArraysCore.SMatrix{3, 3, Float32, 9}}}, 90, Matrix{Float32}}, ClimaCore.DataLayouts.VF{ClimaCore.Geometry.LocalGeometry{(3,), ClimaCore.Geometry.ZPoint{Float32}, Float32, ClimaCore.Geometry.Tensor{2, Float32, Tuple{ClimaCore.Geometry.Components{ClimaCore.Geometry.Orthonormal, (1, 2, 3)}, ClimaCore.Geometry.Components{ClimaCore.Geometry.Covariant, (1, 2, 3)}}, StaticArraysCore.SMatrix{3, 3, Float32, 9}}, ClimaCore.Geometry.Tensor{2, Float32, Tuple{ClimaCore.Geometry.Components{ClimaCore.Geometry.Contravariant, (1, 2, 3)}, ClimaCore.Geometry.Components{ClimaCore.Geometry.Contravariant, (1, 2, 3)}}, StaticArraysCore.SMatrix{3, 3, Float32, 9}}}, 91, Matrix{Float32}}}, ClimaCore.Grids.CellCenter}}, ᶜdiffusion_h_matrix::ClimaCore.Fields.Field{ClimaCore.DataLayouts.VF{ClimaCore.MatrixFields.TridiagonalMatrixRow{Float32}, 90, Matrix{Float32}}, ClimaCore.Spaces.FiniteDifferenceSpace{ClimaCore.Grids.FiniteDifferenceGrid{ClimaCore.Topologies.IntervalTopology{ClimaComms.SingletonCommsContext{ClimaComms.CPUSingleThreaded}, ClimaCore.Meshes.IntervalMesh{ClimaCore.Meshes.Uniform, ClimaCore.Domains.IntervalDomain{ClimaCore.Geometry.ZPoint{Float32}, Tuple{Symbol, Symbol}}, LinRange{ClimaCore.Geometry.ZPoint{Float32}, Int64}, Nothing}, @NamedTuple{bottom::Int64, top::Int64}}, ClimaCore.Geometry.CartesianGlobalGeometry, ClimaCore.DataLayouts.VF{ClimaCore.Geometry.LocalGeometry{(3,), ClimaCore.Geometry.ZPoint{Float32}, Float32, ClimaCore.Geometry.Tensor{2, Float32, Tuple{ClimaCore.Geometry.Components{ClimaCore.Geometry.Orthonormal, (1, 2, 3)}, ClimaCore.Geometry.Components{ClimaCore.Geometry.Covariant, (1, 2, 3)}}, StaticArraysCore.SMatrix{3, 3, Float32, 9}}, ClimaCore.Geometry.Tensor{2, Float32, Tuple{ClimaCore.Geometry.Components{ClimaCore.Geometry.Contravariant, (1, 2, 3)}, ClimaCore.Geometry.Components{ClimaCore.Geometry.Contravariant, (1, 2, 3)}}, StaticArraysCore.SMatrix{3, 3, Float32, 9}}}, 90, Matrix{Float32}}, ClimaCore.DataLayouts.VF{ClimaCore.Geometry.LocalGeometry{(3,), ClimaCore.Geometry.ZPoint{Float32}, Float32, ClimaCore.Geometry.Tensor{2, Float32, Tuple{ClimaCore.Geometry.Components{ClimaCore.Geometry.Orthonormal, (1, 2, 3)}, ClimaCore.Geometry.Components{ClimaCore.Geometry.Covariant, (1, 2, 3)}}, StaticArraysCore.SMatrix{3, 3, Float32, 9}}, ClimaCore.Geometry.Tensor{2, Float32, Tuple{ClimaCore.Geometry.Components{ClimaCore.Geometry.Contravariant, (1, 2, 3)}, ClimaCore.Geometry.Components{ClimaCore.Geometry.Contravariant, (1, 2, 3)}}, StaticArraysCore.SMatrix{3, 3, Float32, 9}}}, 91, Matrix{Float32}}}, ClimaCore.Grids.CellCenter}}, ᶜdiffusion_u_matrix::ClimaCore.Fields.Field{ClimaCore.DataLayouts.VF{ClimaCore.MatrixFields.TridiagonalMatrixRow{Float32}, 90, Matrix{Float32}}, ClimaCore.Spaces.FiniteDifferenceSpace{ClimaCore.Grids.FiniteDifferenceGrid{ClimaCore.Topologies.IntervalTopology{ClimaComms.SingletonCommsContext{ClimaComms.CPUSingleThreaded}, ClimaCore.Meshes.IntervalMesh{ClimaCore.Meshes.Uniform, ClimaCore.Domains.IntervalDomain{ClimaCore.Geometry.ZPoint{Float32}, Tuple{Symbol, Symbol}}, LinRange{ClimaCore.Geometry.ZPoint{Float32}, Int64}, Nothing}, @NamedTuple{bottom::Int64, top::Int64}}, ClimaCore.Geometry.CartesianGlobalGeometry, ClimaCore.DataLayouts.VF{ClimaCore.Geometry.LocalGeometry{(3,), ClimaCore.Geometry.ZPoint{Float32}, Float32, ClimaCore.Geometry.Tensor{2, Float32, Tuple{ClimaCore.Geometry.Components{ClimaCore.Geometry.Orthonormal, (1, 2, 3)}, ClimaCore.Geometry.Components{ClimaCore.Geometry.Covariant, (1, 2, 3)}}, StaticArraysCore.SMatrix{3, 3, Float32, 9}}, ClimaCore.Geometry.Tensor{2, Float32, Tuple{ClimaCore.Geometry.Components{ClimaCore.Geometry.Contravariant, (1, 2, 3)}, ClimaCore.Geometry.Components{ClimaCore.Geometry.Contravariant, (1, 2, 3)}}, StaticArraysCore.SMatrix{3, 3, Float32, 9}}}, 90, Matrix{Float32}}, ClimaCore.DataLayouts.VF{ClimaCore.Geometry.LocalGeometry{(3,), ClimaCore.Geometry.ZPoint{Float32}, Float32, ClimaCore.Geometry.Tensor{2, Float32, Tuple{ClimaCore.Geometry.Components{ClimaCore.Geometry.Orthonormal, (1, 2, 3)}, ClimaCore.Geometry.Components{ClimaCore.Geometry.Covariant, (1, 2, 3)}}, StaticArraysCore.SMatrix{3, 3, Float32, 9}}, ClimaCore.Geometry.Tensor{2, Float32, Tuple{ClimaCore.Geometry.Components{ClimaCore.Geometry.Contravariant, (1, 2, 3)}, ClimaCore.Geometry.Components{ClimaCore.Geometry.Contravariant, (1, 2, 3)}}, StaticArraysCore.SMatrix{3, 3, Float32, 9}}}, 91, Matrix{Float32}}}, ClimaCore.Grids.CellCenter}}, ᶜtridiagonal_matrix_scalar::ClimaCore.Fields.Field{ClimaCore.DataLayouts.VF{ClimaCore.MatrixFields.TridiagonalMatrixRow{Float32}, 90, Matrix{Float32}}, ClimaCore.Spaces.FiniteDifferenceSpace{ClimaCore.Grids.FiniteDifferenceGrid{ClimaCore.Topologies.IntervalTopology{ClimaComms.SingletonCommsContext{ClimaComms.CPUSingleThreaded}, ClimaCore.Meshes.IntervalMesh{ClimaCore.Meshes.Uniform, ClimaCore.Domains.IntervalDomain{ClimaCore.Geometry.ZPoint{Float32}, Tuple{Symbol, Symbol}}, LinRange{ClimaCore.Geometry.ZPoint{Float32}, Int64}, Nothing}, @NamedTuple{bottom::Int64, top::Int64}}, ClimaCore.Geometry.CartesianGlobalGeometry, ClimaCore.DataLayouts.VF{ClimaCore.Geometry.LocalGeometry{(3,), ClimaCore.Geometry.ZPoint{Float32}, Float32, ClimaCore.Geometry.Tensor{2, Float32, Tuple{ClimaCore.Geometry.Components{ClimaCore.Geometry.Orthonormal, (1, 2, 3)}, ClimaCore.Geometry.Components{ClimaCore.Geometry.Covariant, (1, 2, 3)}}, StaticArraysCore.SMatrix{3, 3, Float32, 9}}, ClimaCore.Geometry.Tensor{2, Float32, Tuple{ClimaCore.Geometry.Components{ClimaCore.Geometry.Contravariant, (1, 2, 3)}, ClimaCore.Geometry.Components{ClimaCore.Geometry.Contravariant, (1, 2, 3)}}, StaticArraysCore.SMatrix{3, 3, Float32, 9}}}, 90, Matrix{Float32}}, ClimaCore.DataLayouts.VF{ClimaCore.Geometry.LocalGeometry{(3,), ClimaCore.Geometry.ZPoint{Float32}, Float32, ClimaCore.Geometry.Tensor{2, Float32, Tuple{ClimaCore.Geometry.Components{ClimaCore.Geometry.Orthonormal, (1, 2, 3)}, ClimaCore.Geometry.Components{ClimaCore.Geometry.Covariant, (1, 2, 3)}}, StaticArraysCore.SMatrix{3, 3, Float32, 9}}, ClimaCore.Geometry.Tensor{2, Float32, Tuple{ClimaCore.Geometry.Components{ClimaCore.Geometry.Contravariant, (1, 2, 3)}, ClimaCore.Geometry.Components{ClimaCore.Geometry.Contravariant, (1, 2, 3)}}, StaticArraysCore.SMatrix{3, 3, Float32, 9}}}, 91, Matrix{Float32}}}, ClimaCore.Grids.CellCenter}}, ᶠtridiagonal_matrix_c3::ClimaCore.Fields.Field{ClimaCore.DataLayouts.VF{ClimaCore.MatrixFields.TridiagonalMatrixRow{ClimaCore.Geometry.Covariant3Vector{Float32}}, 91, Matrix{Float32}}, ClimaCore.Spaces.FiniteDifferenceSpace{ClimaCore.Grids.FiniteDifferenceGrid{ClimaCore.Topologies.IntervalTopology{ClimaComms.SingletonCommsContext{ClimaComms.CPUSingleThreaded}, ClimaCore.Meshes.IntervalMesh{ClimaCore.Meshes.Uniform, ClimaCore.Domains.IntervalDomain{ClimaCore.Geometry.ZPoint{Float32}, Tuple{Symbol, Symbol}}, LinRange{ClimaCore.Geometry.ZPoint{Float32}, Int64}, Nothing}, @NamedTuple{bottom::Int64, top::Int64}}, ClimaCore.Geometry.CartesianGlobalGeometry, ClimaCore.DataLayouts.VF{ClimaCore.Geometry.LocalGeometry{(3,), ClimaCore.Geometry.ZPoint{Float32}, Float32, ClimaCore.Geometry.Tensor{2, Float32, Tuple{ClimaCore.Geometry.Components{ClimaCore.Geometry.Orthonormal, (1, 2, 3)}, ClimaCore.Geometry.Components{ClimaCore.Geometry.Covariant, (1, 2, 3)}}, StaticArraysCore.SMatrix{3, 3, Float32, 9}}, ClimaCore.Geometry.Tensor{2, Float32, Tuple{ClimaCore.Geometry.Components{ClimaCore.Geometry.Contravariant, (1, 2, 3)}, ClimaCore.Geometry.Components{ClimaCore.Geometry.Contravariant, (1, 2, 3)}}, StaticArraysCore.SMatrix{3, 3, Float32, 9}}}, 90, Matrix{Float32}}, ClimaCore.DataLayouts.VF{ClimaCore.Geometry.LocalGeometry{(3,), ClimaCore.Geometry.ZPoint{Float32}, Float32, ClimaCore.Geometry.Tensor{2, Float32, Tuple{ClimaCore.Geometry.Components{ClimaCore.Geometry.Orthonormal, (1, 2, 3)}, ClimaCore.Geometry.Components{ClimaCore.Geometry.Covariant, (1, 2, 3)}}, StaticArraysCore.SMatrix{3, 3, Float32, 9}}, ClimaCore.Geometry.Tensor{2, Float32, Tuple{ClimaCore.Geometry.Components{ClimaCore.Geometry.Contravariant, (1, 2, 3)}, ClimaCore.Geometry.Components{ClimaCore.Geometry.Contravariant, (1, 2, 3)}}, StaticArraysCore.SMatrix{3, 3, Float32, 9}}}, 91, Matrix{Float32}}}, ClimaCore.Grids.CellFace}}}, dt::Float32, conservation_check::@NamedTuple{col_integrated_precip_energy_tendency::ClimaCore.Fields.Field{ClimaCore.DataLayouts.DataF{Float32, Vector{Float32}}, ClimaCore.Spaces.PointSpace{ClimaComms.SingletonCommsContext{ClimaComms.CPUSingleThreaded}, ClimaCore.DataLayouts.DataF{ClimaCore.Geometry.LocalGeometry{(3,), ClimaCore.Geometry.ZPoint{Float32}, Float32, ClimaCore.Geometry.Tensor{2, Float32, Tuple{ClimaCore.Geometry.Components{ClimaCore.Geometry.Orthonormal, (1, 2, 3)}, ClimaCore.Geometry.Components{ClimaCore.Geometry.Covariant, (1, 2, 3)}}, StaticArraysCore.SMatrix{3, 3, Float32, 9}}, ClimaCore.Geometry.Tensor{2, Float32, Tuple{ClimaCore.Geometry.Components{ClimaCore.Geometry.Contravariant, (1, 2, 3)}, ClimaCore.Geometry.Components{ClimaCore.Geometry.Contravariant, (1, 2, 3)}}, StaticArraysCore.SMatrix{3, 3, Float32, 9}}}, SubArray{Float32, 1, Matrix{Float32}, Tuple{Int64, Base.Slice{Base.OneTo{Int64}}}, true}}}}}, external_forcing::@NamedTuple{}}, ::ClimaAtmos.NonEquilibriumMicrophysics2M, tm::ClimaAtmos.PrognosticEDMFX{1, true, Float32})
│        @ ClimaAtmos ~/larcform1-experiments/ClimaAtmos.jl/src/cache/microphysics_cache.jl:1078
│     [13] macro expansion
│        @ ~/larcform1-experiments/ClimaAtmos.jl/src/cache/precomputed_quantities.jl:661 [inlined]
│     [14] set_explicit_precomputed_quantities!(Y::ClimaCore.Fields.FieldVector{Float32, @NamedTuple{c::ClimaCore.Fields.Field{ClimaCore.DataLayouts.VF{@NamedTuple{ρ::Float32, uₕ::ClimaCore.Geometry.Covariant12Vector{Float32}, ρe_tot::Float32, ρq_tot::Float32, ρq_lcl::Float32, ρq_icl::Float32, ρn_lcl::Float32, ρn_rai::Float32, ρq_rai::Float32, ρq_sno::Float32, ρtke::Float32, sgsʲs::Tuple{@NamedTuple{ρa::Float32, mse::Float32, q_tot::Float32, q_lcl::Float32, q_icl::Float32, q_rai::Float32, q_sno::Float32, n_lcl::Float32, n_rai::Float32}}}, 90, Matrix{Float32}}, ClimaCore.Spaces.FiniteDifferenceSpace{ClimaCore.Grids.FiniteDifferenceGrid{ClimaCore.Topologies.IntervalTopology{ClimaComms.SingletonCommsContext{ClimaComms.CPUSingleThreaded}, ClimaCore.Meshes.IntervalMesh{ClimaCore.Meshes.Uniform, ClimaCore.Domains.IntervalDomain{ClimaCore.Geometry.ZPoint{Float32}, Tuple{Symbol, Symbol}}, LinRange{ClimaCore.Geometry.ZPoint{Float32}, Int64}, Nothing}, @NamedTuple{bottom::Int64, top::Int64}}, ClimaCore.Geometry.CartesianGlobalGeometry, ClimaCore.DataLayouts.VF{ClimaCore.Geometry.LocalGeometry{(3,), ClimaCore.Geometry.ZPoint{Float32}, Float32, ClimaCore.Geometry.Tensor{2, Float32, Tuple{ClimaCore.Geometry.Components{ClimaCore.Geometry.Orthonormal, (1, 2, 3)}, ClimaCore.Geometry.Components{ClimaCore.Geometry.Covariant, (1, 2, 3)}}, StaticArraysCore.SMatrix{3, 3, Float32, 9}}, ClimaCore.Geometry.Tensor{2, Float32, Tuple{ClimaCore.Geometry.Components{ClimaCore.Geometry.Contravariant, (1, 2, 3)}, ClimaCore.Geometry.Components{ClimaCore.Geometry.Contravariant, (1, 2, 3)}}, StaticArraysCore.SMatrix{3, 3, Float32, 9}}}, 90, Matrix{Float32}}, ClimaCore.DataLayouts.VF{ClimaCore.Geometry.LocalGeometry{(3,), ClimaCore.Geometry.ZPoint{Float32}, Float32, ClimaCore.Geometry.Tensor{2, Float32, Tuple{ClimaCore.Geometry.Components{ClimaCore.Geometry.Orthonormal, (1, 2, 3)}, ClimaCore.Geometry.Components{ClimaCore.Geometry.Covariant, (1, 2, 3)}}, StaticArraysCore.SMatrix{3, 3, Float32, 9}}, ClimaCore.Geometry.Tensor{2, Float32, Tuple{ClimaCore.Geometry.Components{ClimaCore.Geometry.Contravariant, (1, 2, 3)}, ClimaCore.Geometry.Components{ClimaCore.Geometry.Contravariant, (1, 2, 3)}}, StaticArraysCore.SMatrix{3, 3, Float32, 9}}}, 91, Matrix{Float32}}}, ClimaCore.Grids.CellCenter}}, f::ClimaCore.Fields.Field{ClimaCore.DataLayouts.VF{@NamedTuple{u₃::ClimaCore.Geometry.Covariant3Vector{Float32}, sgsʲs::Tuple{@NamedTuple{u₃::ClimaCore.Geometry.Covariant3Vector{Float32}}}}, 91, Matrix{Float32}}, ClimaCore.Spaces.FiniteDifferenceSpace{ClimaCore.Grids.FiniteDifferenceGrid{ClimaCore.Topologies.IntervalTopology{ClimaComms.SingletonCommsContext{ClimaComms.CPUSingleThreaded}, ClimaCore.Meshes.IntervalMesh{ClimaCore.Meshes.Uniform, ClimaCore.Domains.IntervalDomain{ClimaCore.Geometry.ZPoint{Float32}, Tuple{Symbol, Symbol}}, LinRange{ClimaCore.Geometry.ZPoint{Float32}, Int64}, Nothing}, @NamedTuple{bottom::Int64, top::Int64}}, ClimaCore.Geometry.CartesianGlobalGeometry, ClimaCore.DataLayouts.VF{ClimaCore.Geometry.LocalGeometry{(3,), ClimaCore.Geometry.ZPoint{Float32}, Float32, ClimaCore.Geometry.Tensor{2, Float32, Tuple{ClimaCore.Geometry.Components{ClimaCore.Geometry.Orthonormal, (1, 2, 3)}, ClimaCore.Geometry.Components{ClimaCore.Geometry.Covariant, (1, 2, 3)}}, StaticArraysCore.SMatrix{3, 3, Float32, 9}}, ClimaCore.Geometry.Tensor{2, Float32, Tuple{ClimaCore.Geometry.Components{ClimaCore.Geometry.Contravariant, (1, 2, 3)}, ClimaCore.Geometry.Components{ClimaCore.Geometry.Contravariant, (1, 2, 3)}}, StaticArraysCore.SMatrix{3, 3, Float32, 9}}}, 90, Matrix{Float32}}, ClimaCore.DataLayouts.VF{ClimaCore.Geometry.LocalGeometry{(3,), ClimaCore.Geometry.ZPoint{Float32}, Float32, ClimaCore.Geometry.Tensor{2, Float32, Tuple{ClimaCore.Geometry.Components{ClimaCore.Geometry.Orthonormal, (1, 2, 3)}, ClimaCore.Geometry.Components{ClimaCore.Geometry.Covariant, (1, 2, 3)}}, StaticArraysCore.SMatrix{3, 3, Float32, 9}}, ClimaCore.Geometry.Tensor{2, Float32, Tuple{ClimaCore.Geometry.Components{ClimaCore.Geometry.Contravariant, (1, 2, 3)}, ClimaCore.Geometry.Components{ClimaCore.Geometry.Contravariant, (1, 2, 3)}}, StaticArraysCore.SMatrix{3, 3, Float32, 9}}}, 91, Matrix{Float32}}}, ClimaCore.Grids.CellFace}}, sfc::ClimaCore.Fields.Field{ClimaCore.DataLayouts.DataF{@NamedTuple{T::Float32, water::Float32}, Vector{Float32}}, ClimaCore.Spaces.PointSpace{ClimaComms.SingletonCommsContext{ClimaComms.CPUSingleThreaded}, ClimaCore.DataLayouts.DataF{ClimaCore.Geometry.LocalGeometry{(3,), ClimaCore.Geometry.ZPoint{Float32}, Float32, ClimaCore.Geometry.Tensor{2, Float32, Tuple{ClimaCore.Geometry.Components{ClimaCore.Geometry.Orthonormal, (1, 2, 3)}, ClimaCore.Geometry.Components{ClimaCore.Geometry.Covariant, (1, 2, 3)}}, StaticArraysCore.SMatrix{3, 3, Float32, 9}}, ClimaCore.Geometry.Tensor{2, Float32, Tuple{ClimaCore.Geometry.Components{ClimaCore.Geometry.Contravariant, (1, 2, 3)}, ClimaCore.Geometry.Components{ClimaCore.Geometry.Contravariant, (1, 2, 3)}}, StaticArraysCore.SMatrix{3, 3, Float32, 9}}}, SubArray{Float32, 1, Matrix{Float32}, Tuple{Int64, Base.Slice{Base.OneTo{Int64}}}, true}}}}}}, p::@NamedTuple{atmos::ClimaAtmos.AtmosModel{ClimaAtmos.AtmosWater{ClimaAtmos.NonEquilibriumMicrophysics2M, ClimaAtmos.QuadratureCloud, ClimaAtmos.Implicit, Nothing, ClimaAtmos.SGSQuadrature{3, StaticArraysCore.SVector{3, Float32}, StaticArraysCore.SVector{3, Float32}, ClimaAtmos.GaussianSGS, Float32}, ClimaAtmos.FixedTerminalVelocity{Float32}}, ClimaAtmos.SCMSetup{Nothing, Nothing, Nothing, Bool, @NamedTuple{prof_ug::AtmosphericProfilesLibrary.ZProfile{AtmosphericProfilesLibrary.var"#Larcform1_geostrophic_u##0#Larcform1_geostrophic_u##1"{Float32}}, prof_vg::AtmosphericProfilesLibrary.ZProfile{Returns{Float32}}, coriolis_param::Float32}}, ClimaAtmos.AtmosRadiation{ClimaAtmos.RRTMGPInterface.AllSkyRadiationWithClearSkyDiagnostics{ClimaAtmos.InteractiveCloudInRadiation}, ClimaAtmos.Larcform1Insolation}, ClimaAtmos.AtmosTurbconv{ClimaAtmos.EDMFXModel{ClimaAtmos.InvZEntrainment, ClimaAtmos.BuoyancyVelocityDetrainment, Val{true}, Val{true}, Val{true}, Val{true}, Val{true}, ClimaAtmos.SmoothMinimumBlending}, ClimaAtmos.PrognosticEDMFX{1, true, Float32}, Nothing, Nothing, Nothing}, Nothing, ClimaAtmos.AtmosGravityWave{Nothing, Nothing}, Nothing, ClimaAtmos.AtmosSponge{Nothing, Nothing}, ClimaAtmos.AtmosSurface{ClimaAtmos.SurfaceConditions.MoninObukhov{Float32, Nothing, Nothing}, ClimaAtmos.SurfaceConditions.SlabOceanTemperature{Float32}, ClimaAtmos.SurfaceConditions.SurfaceBoundaryOverrides{Float32, Float32, Nothing, Nothing, Nothing, Nothing}, ClimaAtmos.ConstantAlbedo{Float32}}, ClimaAtmos.AtmosNumerics{Val{:vanleer_limiter}, Val{:vanleer_limiter}, Val{:first_order}, Val{:none}, Val{:first_order}, Nothing, Nothing, Nothing, ClimaAtmos.Implicit, Nothing}, ClimaAtmos.AtmosChem{Nothing}}, core::@NamedTuple{ᶜΦ::ClimaCore.Fields.Field{ClimaCore.DataLayouts.VF{Float32, 90, Matrix{Float32}}, ClimaCore.Spaces.FiniteDifferenceSpace{ClimaCore.Grids.FiniteDifferenceGrid{ClimaCore.Topologies.IntervalTopology{ClimaComms.SingletonCommsContext{ClimaComms.CPUSingleThreaded}, ClimaCore.Meshes.IntervalMesh{ClimaCore.Meshes.Uniform, ClimaCore.Domains.IntervalDomain{ClimaCore.Geometry.ZPoint{Float32}, Tuple{Symbol, Symbol}}, LinRange{ClimaCore.Geometry.ZPoint{Float32}, Int64}, Nothing}, @NamedTuple{bottom::Int64, top::Int64}}, ClimaCore.Geometry.CartesianGlobalGeometry, ClimaCore.DataLayouts.VF{ClimaCore.Geometry.LocalGeometry{(3,), ClimaCore.Geometry.ZPoint{Float32}, Float32, ClimaCore.Geometry.Tensor{2, Float32, Tuple{ClimaCore.Geometry.Components{ClimaCore.Geometry.Orthonormal, (1, 2, 3)}, ClimaCore.Geometry.Components{ClimaCore.Geometry.Covariant, (1, 2, 3)}}, StaticArraysCore.SMatrix{3, 3, Float32, 9}}, ClimaCore.Geometry.Tensor{2, Float32, Tuple{ClimaCore.Geometry.Components{ClimaCore.Geometry.Contravariant, (1, 2, 3)}, ClimaCore.Geometry.Components{ClimaCore.Geometry.Contravariant, (1, 2, 3)}}, StaticArraysCore.SMatrix{3, 3, Float32, 9}}}, 90, Matrix{Float32}}, ClimaCore.DataLayouts.VF{ClimaCore.Geometry.LocalGeometry{(3,), ClimaCore.Geometry.ZPoint{Float32}, Float32, ClimaCore.Geometry.Tensor{2, Float32, Tuple{ClimaCore.Geometry.Components{ClimaCore.Geometry.Orthonormal, (1, 2, 3)}, ClimaCore.Geometry.Components{ClimaCore.Geometry.Covariant, (1, 2, 3)}}, StaticArraysCore.SMatrix{3, 3, Float32, 9}}, ClimaCore.Geometry.Tensor{2, Float32, Tuple{ClimaCore.Geometry.Components{ClimaCore.Geometry.Contravariant, (1, 2, 3)}, ClimaCore.Geometry.Components{ClimaCore.Geometry.Contravariant, (1, 2, 3)}}, StaticArraysCore.SMatrix{3, 3, Float32, 9}}}, 91, Matrix{Float32}}}, ClimaCore.Grids.CellCenter}}, ᶠgradᵥ_ᶜΦ::ClimaCore.Fields.Field{ClimaCore.DataLayouts.VF{ClimaCore.Geometry.Covariant3Vector{Float32}, 91, Matrix{Float32}}, ClimaCore.Spaces.FiniteDifferenceSpace{ClimaCore.Grids.FiniteDifferenceGrid{ClimaCore.Topologies.IntervalTopology{ClimaComms.SingletonCommsContext{ClimaComms.CPUSingleThreaded}, ClimaCore.Meshes.IntervalMesh{ClimaCore.Meshes.Uniform, ClimaCore.Domains.IntervalDomain{ClimaCore.Geometry.ZPoint{Float32}, Tuple{Symbol, Symbol}}, LinRange{ClimaCore.Geometry.ZPoint{Float32}, Int64}, Nothing}, @NamedTuple{bottom::Int64, top::Int64}}, ClimaCore.Geometry.CartesianGlobalGeometry, ClimaCore.DataLayouts.VF{ClimaCore.Geometry.LocalGeometry{(3,), ClimaCore.Geometry.ZPoint{Float32}, Float32, ClimaCore.Geometry.Tensor{2, Float32, Tuple{ClimaCore.Geometry.Components{ClimaCore.Geometry.Orthonormal, (1, 2, 3)}, ClimaCore.Geometry.Components{ClimaCore.Geometry.Covariant, (1, 2, 3)}}, StaticArraysCore.SMatrix{3, 3, Float32, 9}}, ClimaCore.Geometry.Tensor{2, Float32, Tuple{ClimaCore.Geometry.Components{ClimaCore.Geometry.Contravariant, (1, 2, 3)}, ClimaCore.Geometry.Components{ClimaCore.Geometry.Contravariant, (1, 2, 3)}}, StaticArraysCore.SMatrix{3, 3, Float32, 9}}}, 90, Matrix{Float32}}, ClimaCore.DataLayouts.VF{ClimaCore.Geometry.LocalGeometry{(3,), ClimaCore.Geometry.ZPoint{Float32}, Float32, ClimaCore.Geometry.Tensor{2, Float32, Tuple{ClimaCore.Geometry.Components{ClimaCore.Geometry.Orthonormal, (1, 2, 3)}, ClimaCore.Geometry.Components{ClimaCore.Geometry.Covariant, (1, 2, 3)}}, StaticArraysCore.SMatrix{3, 3, Float32, 9}}, ClimaCore.Geometry.Tensor{2, Float32, Tuple{ClimaCore.Geometry.Components{ClimaCore.Geometry.Contravariant, (1, 2, 3)}, ClimaCore.Geometry.Components{ClimaCore.Geometry.Contravariant, (1, 2, 3)}}, StaticArraysCore.SMatrix{3, 3, Float32, 9}}}, 91, Matrix{Float32}}}, ClimaCore.Grids.CellFace}}, ᶜgradᵥ_ᶠΦ::ClimaCore.Fields.Field{ClimaCore.DataLayouts.VF{ClimaCore.Geometry.Covariant3Vector{Float32}, 90, Matrix{Float32}}, ClimaCore.Spaces.FiniteDifferenceSpace{ClimaCore.Grids.FiniteDifferenceGrid{ClimaCore.Topologies.IntervalTopology{ClimaComms.SingletonCommsContext{ClimaComms.CPUSingleThreaded}, ClimaCore.Meshes.IntervalMesh{ClimaCore.Meshes.Uniform, ClimaCore.Domains.IntervalDomain{ClimaCore.Geometry.ZPoint{Float32}, Tuple{Symbol, Symbol}}, LinRange{ClimaCore.Geometry.ZPoint{Float32}, Int64}, Nothing}, @NamedTuple{bottom::Int64, top::Int64}}, ClimaCore.Geometry.CartesianGlobalGeometry, ClimaCore.DataLayouts.VF{ClimaCore.Geometry.LocalGeometry{(3,), ClimaCore.Geometry.ZPoint{Float32}, Float32, ClimaCore.Geometry.Tensor{2, Float32, Tuple{ClimaCore.Geometry.Components{ClimaCore.Geometry.Orthonormal, (1, 2, 3)}, ClimaCore.Geometry.Components{ClimaCore.Geometry.Covariant, (1, 2, 3)}}, StaticArraysCore.SMatrix{3, 3, Float32, 9}}, ClimaCore.Geometry.Tensor{2, Float32, Tuple{ClimaCore.Geometry.Components{ClimaCore.Geometry.Contravariant, (1, 2, 3)}, ClimaCore.Geometry.Components{ClimaCore.Geometry.Contravariant, (1, 2, 3)}}, StaticArraysCore.SMatrix{3, 3, Float32, 9}}}, 90, Matrix{Float32}}, ClimaCore.DataLayouts.VF{ClimaCore.Geometry.LocalGeometry{(3,), ClimaCore.Geometry.ZPoint{Float32}, Float32, ClimaCore.Geometry.Tensor{2, Float32, Tuple{ClimaCore.Geometry.Components{ClimaCore.Geometry.Orthonormal, (1, 2, 3)}, ClimaCore.Geometry.Components{ClimaCore.Geometry.Covariant, (1, 2, 3)}}, StaticArraysCore.SMatrix{3, 3, Float32, 9}}, ClimaCore.Geometry.Tensor{2, Float32, Tuple{ClimaCore.Geometry.Components{ClimaCore.Geometry.Contravariant, (1, 2, 3)}, ClimaCore.Geometry.Components{ClimaCore.Geometry.Contravariant, (1, 2, 3)}}, StaticArraysCore.SMatrix{3, 3, Float32, 9}}}, 91, Matrix{Float32}}}, ClimaCore.Grids.CellCenter}}, ᶜf³::ClimaCore.Fields.Field{ClimaCore.DataLayouts.VF{ClimaCore.Geometry.Contravariant3Vector{Float32}, 90, Matrix{Float32}}, ClimaCore.Spaces.FiniteDifferenceSpace{ClimaCore.Grids.FiniteDifferenceGrid{ClimaCore.Topologies.IntervalTopology{ClimaComms.SingletonCommsContext{ClimaComms.CPUSingleThreaded}, ClimaCore.Meshes.IntervalMesh{ClimaCore.Meshes.Uniform, ClimaCore.Domains.IntervalDomain{ClimaCore.Geometry.ZPoint{Float32}, Tuple{Symbol, Symbol}}, LinRange{ClimaCore.Geometry.ZPoint{Float32}, Int64}, Nothing}, @NamedTuple{bottom::Int64, top::Int64}}, ClimaCore.Geometry.CartesianGlobalGeometry, ClimaCore.DataLayouts.VF{ClimaCore.Geometry.LocalGeometry{(3,), ClimaCore.Geometry.ZPoint{Float32}, Float32, ClimaCore.Geometry.Tensor{2, Float32, Tuple{ClimaCore.Geometry.Components{ClimaCore.Geometry.Orthonormal, (1, 2, 3)}, ClimaCore.Geometry.Components{ClimaCore.Geometry.Covariant, (1, 2, 3)}}, StaticArraysCore.SMatrix{3, 3, Float32, 9}}, ClimaCore.Geometry.Tensor{2, Float32, Tuple{ClimaCore.Geometry.Components{ClimaCore.Geometry.Contravariant, (1, 2, 3)}, ClimaCore.Geometry.Components{ClimaCore.Geometry.Contravariant, (1, 2, 3)}}, StaticArraysCore.SMatrix{3, 3, Float32, 9}}}, 90, Matrix{Float32}}, ClimaCore.DataLayouts.VF{ClimaCore.Geometry.LocalGeometry{(3,), ClimaCore.Geometry.ZPoint{Float32}, Float32, ClimaCore.Geometry.Tensor{2, Float32, Tuple{ClimaCore.Geometry.Components{ClimaCore.Geometry.Orthonormal, (1, 2, 3)}, ClimaCore.Geometry.Components{ClimaCore.Geometry.Covariant, (1, 2, 3)}}, StaticArraysCore.SMatrix{3, 3, Float32, 9}}, ClimaCore.Geometry.Tensor{2, Float32, Tuple{ClimaCore.Geometry.Components{ClimaCore.Geometry.Contravariant, (1, 2, 3)}, ClimaCore.Geometry.Components{ClimaCore.Geometry.Contravariant, (1, 2, 3)}}, StaticArraysCore.SMatrix{3, 3, Float32, 9}}}, 91, Matrix{Float32}}}, ClimaCore.Grids.CellCenter}}, ᶠf¹²::Nothing, surface_ct3_unit::ClimaCore.Fields.Field{ClimaCore.DataLayouts.DataF{ClimaCore.Geometry.Contravariant3Vector{Float32}, Vector{Float32}}, ClimaCore.Spaces.PointSpace{ClimaComms.SingletonCommsContext{ClimaComms.CPUSingleThreaded}, ClimaCore.DataLayouts.DataF{ClimaCore.Geometry.LocalGeometry{(3,), ClimaCore.Geometry.ZPoint{Float32}, Float32, ClimaCore.Geometry.Tensor{2, Float32, Tuple{ClimaCore.Geometry.Components{ClimaCore.Geometry.Orthonormal, (1, 2, 3)}, ClimaCore.Geometry.Components{ClimaCore.Geometry.Covariant, (1, 2, 3)}}, StaticArraysCore.SMatrix{3, 3, Float32, 9}}, ClimaCore.Geometry.Tensor{2, Float32, Tuple{ClimaCore.Geometry.Components{ClimaCore.Geometry.Contravariant, (1, 2, 3)}, ClimaCore.Geometry.Components{ClimaCore.Geometry.Contravariant, (1, 2, 3)}}, StaticArraysCore.SMatrix{3, 3, Float32, 9}}}, SubArray{Float32, 1, Matrix{Float32}, Tuple{Int64, Base.Slice{Base.OneTo{Int64}}}, true}}}}}, params::ClimaAtmos.Parameters.ClimaAtmosParameters{Float32, Thermodynamics.Parameters.ThermodynamicsParameters{Float32}, RRTMGP.Parameters.RRTMGPParameters{Float32}, @NamedTuple{N2O_fixed_value::Float32, CH4_fixed_value::Float32, CFC12_fixed_value::Float32, CO2_fixed_value::Float32, CF4_fixed_value::Float32, HFC32_fixed_value::Float32, HFC125_fixed_value::Float32, NO2_fixed_value::Float32, N2_fixed_value::Float32, CCL4_fixed_value::Float32, CO_fixed_value::Float32, CFC11_fixed_value::Float32, HFC143A_fixed_value::Float32, HFC23_fixed_value::Float32, HFC134A_fixed_value::Float32, O2_fixed_value::Float32, CFC22_fixed_value::Float32}, Insolation.Parameters.InsolationParameters{Float32}, @NamedTuple{liquid::CloudMicrophysics.Parameters.CloudLiquid{Float32}, ice::CloudMicrophysics.Parameters.CloudIce{Float32, CloudMicrophysics.Parameters.ParticlePDFIceRain{Float32}, CloudMicrophysics.Parameters.ParticleMass{Float32}}, stokes::CloudMicrophysics.Parameters.StokesRegimeVelType{Float32}, Ch2022::CloudMicrophysics.Parameters.Chen2022VelType{CloudMicrophysics.Parameters.Chen2022VelTypeRain{Float32, 3}, CloudMicrophysics.Parameters.Chen2022VelTypeSmallIce{Float32, 3, 4}, CloudMicrophysics.Parameters.Chen2022VelTypeLargeIce{Float32, 3}}, N_cloud_liquid_droplets::Float32, aml::@NamedTuple{c₀_dust::Float32, α_dust::Float32, N₀::Float32, α_seasalt::Float32, c₀_SO4::Float32, α_q_liq::Float32, q₀_liq::Float32, c₀_seasalt::Float32, α_SO4::Float32}, activation::CloudMicrophysics.Parameters.AerosolActivationParameters{Float32}}, Nothing, CloudMicrophysics.Parameters.Microphysics1MParams{CloudMicrophysics.Parameters.Microphysics1MOptions{CloudMicrophysics.Parameters.CloudLiquidFormation{Float32}, CloudMicrophysics.Parameters.ConstantTimescale{Float32}, CloudMicrophysics.Parameters.CloudIceMelt, CloudMicrophysics.Parameters.Kessler1M{CloudMicrophysics.Parameters.Acnv1M{Float32}}, CloudMicrophysics.Parameters.NoSupersaturation{CloudMicrophysics.Parameters.Acnv1M{Float32}}, CloudMicrophysics.Parameters.RainEvaporation, CloudMicrophysics.Parameters.DepositionAndSublimation, CloudMicrophysics.Parameters.SnowMelt, CloudMicrophysics.Parameters.CloudLiquidRainAccretion{Float32}, CloudMicrophysics.Parameters.CloudLiquidSnowAccretion{Float32}, CloudMicrophysics.Parameters.CloudIceRainAccretion{Float32}, CloudMicrophysics.Parameters.CloudIceSnowAccretion{Float32}, CloudMicrophysics.Parameters.RainSnowAccretion{Float32}}, CloudMicrophysics.Parameters.CloudPhaseParams1M{CloudMicrophysics.Parameters.CloudLiquid{Float32}, CloudMicrophysics.Parameters.CloudIce{Float32, CloudMicrophysics.Parameters.ParticlePDFIceRain{Float32}, CloudMicrophysics.Parameters.ParticleMass{Float32}}}, CloudMicrophysics.Parameters.PrecipPhaseParams1M{CloudMicrophysics.Parameters.Rain{CloudMicrophysics.Parameters.ParticlePDFIceRain{Float32}, CloudMicrophysics.Parameters.ParticleMass{Float32}, CloudMicrophysics.Parameters.ParticleArea{Float32}, CloudMicrophysics.Parameters.Ventilation{Float32}}, CloudMicrophysics.Parameters.Snow{Float32, CloudMicrophysics.Parameters.ParticlePDFSnow{Float32}, CloudMicrophysics.Parameters.ParticleMass{Float32}, CloudMicrophysics.Parameters.ParticleArea{Float32}, CloudMicrophysics.Parameters.Ventilation{Float32}, CloudMicrophysics.Parameters.SnowAspectRatio{Float32}}}, CloudMicrophysics.Parameters.AirProperties{Float32}, CloudMicrophysics.Parameters.Blk1MVelType{CloudMicrophysics.Parameters.Blk1MVelTypeRain{Float32}, CloudMicrophysics.Parameters.Blk1MVelTypeSnow{Float32}}}, CloudMicrophysics.Parameters.Microphysics2MParams{CloudMicrophysics.Parameters.WarmRainParams2M{CloudMicrophysics.Parameters.SB2006{CloudMicrophysics.Parameters.CloudParticlePDF_SB2006{Float32}, CloudMicrophysics.Parameters.RainParticlePDF_SB2006_limited{Float32}, CloudMicrophysics.Parameters.AcnvSB2006{Float32}, CloudMicrophysics.Parameters.AccrSB2006{Float32}, CloudMicrophysics.Parameters.SelfColSB2006{Float32}, CloudMicrophysics.Parameters.BreakupSB2006{Float32}, CloudMicrophysics.Parameters.EvaporationSB2006{Float32}, CloudMicrophysics.Parameters.NumberAdjustmentHorn2012{Float32}}, CloudMicrophysics.Parameters.AirProperties{Float32}, CloudMicrophysics.Parameters.CondEvap2M{Float32}}, Nothing}, Nothing, SurfaceFluxes.Parameters.SurfaceFluxesParameters{Float32, SurfaceFluxes.UniversalFunctions.GryanikParams{Float32}, Thermodynamics.Parameters.ThermodynamicsParameters{Float32}}, ClimaAtmos.Parameters.TurbulenceConvectionParameters{Float32, StaticArraysCore.SVector{12, Float32}, StaticArraysCore.SVector{3, Float32}, StaticArraysCore.SVector{5, Float32}}, ClimaAtmos.Parameters.SurfaceTemperatureParameters{Float32}, @NamedTuple{D₀::Float32, H::Float32, C_E::Float32}, @NamedTuple{gcmdriven_momentum_relaxation_timescale::Float32, gcmdriven_scalar_relaxation_timescale::Float32, gcmdriven_relaxation_minimum_height::Float32, gcmdriven_relaxation_maximum_height::Float32}, @NamedTuple{seasalt_std::Float32, SSLT04_radius::Float32, sulfate_kappa::Float32, sulfate_radius::Float32, SSLT05_radius::Float32, seasalt_density::Float32, SSLT02_radius::Float32, sulfate_std::Float32, SSLT03_radius::Float32, seasalt_kappa::Float32, SSLT01_radius::Float32, sulfate_density::Float32}, Nothing, Nothing}, sfc_setup::ClimaAtmos.SurfaceConditions.SurfaceBoundaryOverrides{Float32, Float32, Nothing, Nothing, Nothing, Nothing}, precomputed::@NamedTuple{ᶜu::ClimaCore.Fields.Field{ClimaCore.DataLayouts.VF{ClimaCore.Geometry.Covariant123Vector{Float32}, 90, Matrix{Float32}}, ClimaCore.Spaces.FiniteDifferenceSpace{ClimaCore.Grids.FiniteDifferenceGrid{ClimaCore.Topologies.IntervalTopology{ClimaComms.SingletonCommsContext{ClimaComms.CPUSingleThreaded}, ClimaCore.Meshes.IntervalMesh{ClimaCore.Meshes.Uniform, ClimaCore.Domains.IntervalDomain{ClimaCore.Geometry.ZPoint{Float32}, Tuple{Symbol, Symbol}}, LinRange{ClimaCore.Geometry.ZPoint{Float32}, Int64}, Nothing}, @NamedTuple{bottom::Int64, top::Int64}}, ClimaCore.Geometry.CartesianGlobalGeometry, ClimaCore.DataLayouts.VF{ClimaCore.Geometry.LocalGeometry{(3,), ClimaCore.Geometry.ZPoint{Float32}, Float32, ClimaCore.Geometry.Tensor{2, Float32, Tuple{ClimaCore.Geometry.Components{ClimaCore.Geometry.Orthonormal, (1, 2, 3)}, ClimaCore.Geometry.Components{ClimaCore.Geometry.Covariant, (1, 2, 3)}}, StaticArraysCore.SMatrix{3, 3, Float32, 9}}, ClimaCore.Geometry.Tensor{2, Float32, Tuple{ClimaCore.Geometry.Components{ClimaCore.Geometry.Contravariant, (1, 2, 3)}, ClimaCore.Geometry.Components{ClimaCore.Geometry.Contravariant, (1, 2, 3)}}, StaticArraysCore.SMatrix{3, 3, Float32, 9}}}, 90, Matrix{Float32}}, ClimaCore.DataLayouts.VF{ClimaCore.Geometry.LocalGeometry{(3,), ClimaCore.Geometry.ZPoint{Float32}, Float32, ClimaCore.Geometry.Tensor{2, Float32, Tuple{ClimaCore.Geometry.Components{ClimaCore.Geometry.Orthonormal, (1, 2, 3)}, ClimaCore.Geometry.Components{ClimaCore.Geometry.Covariant, (1, 2, 3)}}, StaticArraysCore.SMatrix{3, 3, Float32, 9}}, ClimaCore.Geometry.Tensor{2, Float32, Tuple{ClimaCore.Geometry.Components{ClimaCore.Geometry.Contravariant, (1, 2, 3)}, ClimaCore.Geometry.Components{ClimaCore.Geometry.Contravariant, (1, 2, 3)}}, StaticArraysCore.SMatrix{3, 3, Float32, 9}}}, 91, Matrix{Float32}}}, ClimaCore.Grids.CellCenter}}, ᶠu³::ClimaCore.Fields.Field{ClimaCore.DataLayouts.VF{ClimaCore.Geometry.Contravariant3Vector{Float32}, 91, Matrix{Float32}}, ClimaCore.Spaces.FiniteDifferenceSpace{ClimaCore.Grids.FiniteDifferenceGrid{ClimaCore.Topologies.IntervalTopology{ClimaComms.SingletonCommsContext{ClimaComms.CPUSingleThreaded}, ClimaCore.Meshes.IntervalMesh{ClimaCore.Meshes.Uniform, ClimaCore.Domains.IntervalDomain{ClimaCore.Geometry.ZPoint{Float32}, Tuple{Symbol, Symbol}}, LinRange{ClimaCore.Geometry.ZPoint{Float32}, Int64}, Nothing}, @NamedTuple{bottom::Int64, top::Int64}}, ClimaCore.Geometry.CartesianGlobalGeometry, ClimaCore.DataLayouts.VF{ClimaCore.Geometry.LocalGeometry{(3,), ClimaCore.Geometry.ZPoint{Float32}, Float32, ClimaCore.Geometry.Tensor{2, Float32, Tuple{ClimaCore.Geometry.Components{ClimaCore.Geometry.Orthonormal, (1, 2, 3)}, ClimaCore.Geometry.Components{ClimaCore.Geometry.Covariant, (1, 2, 3)}}, StaticArraysCore.SMatrix{3, 3, Float32, 9}}, ClimaCore.Geometry.Tensor{2, Float32, Tuple{ClimaCore.Geometry.Components{ClimaCore.Geometry.Contravariant, (1, 2, 3)}, ClimaCore.Geometry.Components{ClimaCore.Geometry.Contravariant, (1, 2, 3)}}, StaticArraysCore.SMatrix{3, 3, Float32, 9}}}, 90, Matrix{Float32}}, ClimaCore.DataLayouts.VF{ClimaCore.Geometry.LocalGeometry{(3,), ClimaCore.Geometry.ZPoint{Float32}, Float32, ClimaCore.Geometry.Tensor{2, Float32, Tuple{ClimaCore.Geometry.Components{ClimaCore.Geometry.Orthonormal, (1, 2, 3)}, ClimaCore.Geometry.Components{ClimaCore.Geometry.Covariant, (1, 2, 3)}}, StaticArraysCore.SMatrix{3, 3, Float32, 9}}, ClimaCore.Geometry.Tensor{2, Float32, Tuple{ClimaCore.Geometry.Components{ClimaCore.Geometry.Contravariant, (1, 2, 3)}, ClimaCore.Geometry.Components{ClimaCore.Geometry.Contravariant, (1, 2, 3)}}, StaticArraysCore.SMatrix{3, 3, Float32, 9}}}, 91, Matrix{Float32}}}, ClimaCore.Grids.CellFace}}, ᶠu::ClimaCore.Fields.Field{ClimaCore.DataLayouts.VF{ClimaCore.Geometry.Contravariant123Vector{Float32}, 91, Matrix{Float32}}, ClimaCore.Spaces.FiniteDifferenceSpace{ClimaCore.Grids.FiniteDifferenceGrid{ClimaCore.Topologies.IntervalTopology{ClimaComms.SingletonCommsContext{ClimaComms.CPUSingleThreaded}, ClimaCore.Meshes.IntervalMesh{ClimaCore.Meshes.Uniform, ClimaCore.Domains.IntervalDomain{ClimaCore.Geometry.ZPoint{Float32}, Tuple{Symbol, Symbol}}, LinRange{ClimaCore.Geometry.ZPoint{Float32}, Int64}, Nothing}, @NamedTuple{bottom::Int64, top::Int64}}, ClimaCore.Geometry.CartesianGlobalGeometry, ClimaCore.DataLayouts.VF{ClimaCore.Geometry.LocalGeometry{(3,), ClimaCore.Geometry.ZPoint{Float32}, Float32, ClimaCore.Geometry.Tensor{2, Float32, Tuple{ClimaCore.Geometry.Components{ClimaCore.Geometry.Orthonormal, (1, 2, 3)}, ClimaCore.Geometry.Components{ClimaCore.Geometry.Covariant, (1, 2, 3)}}, StaticArraysCore.SMatrix{3, 3, Float32, 9}}, ClimaCore.Geometry.Tensor{2, Float32, Tuple{ClimaCore.Geometry.Components{ClimaCore.Geometry.Contravariant, (1, 2, 3)}, ClimaCore.Geometry.Components{ClimaCore.Geometry.Contravariant, (1, 2, 3)}}, StaticArraysCore.SMatrix{3, 3, Float32, 9}}}, 90, Matrix{Float32}}, ClimaCore.DataLayouts.VF{ClimaCore.Geometry.LocalGeometry{(3,), ClimaCore.Geometry.ZPoint{Float32}, Float32, ClimaCore.Geometry.Tensor{2, Float32, Tuple{ClimaCore.Geometry.Components{ClimaCore.Geometry.Orthonormal, (1, 2, 3)}, ClimaCore.Geometry.Components{ClimaCore.Geometry.Covariant, (1, 2, 3)}}, StaticArraysCore.SMatrix{3, 3, Float32, 9}}, ClimaCore.Geometry.Tensor{2, Float32, Tuple{ClimaCore.Geometry.Components{ClimaCore.Geometry.Contravariant, (1, 2, 3)}, ClimaCore.Geometry.Components{ClimaCore.Geometry.Contravariant, (1, 2, 3)}}, StaticArraysCore.SMatrix{3, 3, Float32, 9}}}, 91, Matrix{Float32}}}, ClimaCore.Grids.CellFace}}, ᶜK::ClimaCore.Fields.Field{ClimaCore.DataLayouts.VF{Float32, 90, Matrix{Float32}}, ClimaCore.Spaces.FiniteDifferenceSpace{ClimaCore.Grids.FiniteDifferenceGrid{ClimaCore.Topologies.IntervalTopology{ClimaComms.SingletonCommsContext{ClimaComms.CPUSingleThreaded}, ClimaCore.Meshes.IntervalMesh{ClimaCore.Meshes.Uniform, ClimaCore.Domains.IntervalDomain{ClimaCore.Geometry.ZPoint{Float32}, Tuple{Symbol, Symbol}}, LinRange{ClimaCore.Geometry.ZPoint{Float32}, Int64}, Nothing}, @NamedTuple{bottom::Int64, top::Int64}}, ClimaCore.Geometry.CartesianGlobalGeometry, ClimaCore.DataLayouts.VF{ClimaCore.Geometry.LocalGeometry{(3,), ClimaCore.Geometry.ZPoint{Float32}, Float32, ClimaCore.Geometry.Tensor{2, Float32, Tuple{ClimaCore.Geometry.Components{ClimaCore.Geometry.Orthonormal, (1, 2, 3)}, ClimaCore.Geometry.Components{ClimaCore.Geometry.Covariant, (1, 2, 3)}}, StaticArraysCore.SMatrix{3, 3, Float32, 9}}, ClimaCore.Geometry.Tensor{2, Float32, Tuple{ClimaCore.Geometry.Components{ClimaCore.Geometry.Contravariant, (1, 2, 3)}, ClimaCore.Geometry.Components{ClimaCore.Geometry.Contravariant, (1, 2, 3)}}, StaticArraysCore.SMatrix{3, 3, Float32, 9}}}, 90, Matrix{Float32}}, ClimaCore.DataLayouts.VF{ClimaCore.Geometry.LocalGeometry{(3,), ClimaCore.Geometry.ZPoint{Float32}, Float32, ClimaCore.Geometry.Tensor{2, Float32, Tuple{ClimaCore.Geometry.Components{ClimaCore.Geometry.Orthonormal, (1, 2, 3)}, ClimaCore.Geometry.Components{ClimaCore.Geometry.Covariant, (1, 2, 3)}}, StaticArraysCore.SMatrix{3, 3, Float32, 9}}, ClimaCore.Geometry.Tensor{2, Float32, Tuple{ClimaCore.Geometry.Components{ClimaCore.Geometry.Contravariant, (1, 2, 3)}, ClimaCore.Geometry.Components{ClimaCore.Geometry.Contravariant, (1, 2, 3)}}, StaticArraysCore.SMatrix{3, 3, Float32, 9}}}, 91, Matrix{Float32}}}, ClimaCore.Grids.CellCenter}}, ᶜT::ClimaCore.Fields.Field{ClimaCore.DataLayouts.VF{Float32, 90, Matrix{Float32}}, ClimaCore.Spaces.FiniteDifferenceSpace{ClimaCore.Grids.FiniteDifferenceGrid{ClimaCore.Topologies.IntervalTopology{ClimaComms.SingletonCommsContext{ClimaComms.CPUSingleThreaded}, ClimaCore.Meshes.IntervalMesh{ClimaCore.Meshes.Uniform, ClimaCore.Domains.IntervalDomain{ClimaCore.Geometry.ZPoint{Float32}, Tuple{Symbol, Symbol}}, LinRange{ClimaCore.Geometry.ZPoint{Float32}, Int64}, Nothing}, @NamedTuple{bottom::Int64, top::Int64}}, ClimaCore.Geometry.CartesianGlobalGeometry, ClimaCore.DataLayouts.VF{ClimaCore.Geometry.LocalGeometry{(3,), ClimaCore.Geometry.ZPoint{Float32}, Float32, ClimaCore.Geometry.Tensor{2, Float32, Tuple{ClimaCore.Geometry.Components{ClimaCore.Geometry.Orthonormal, (1, 2, 3)}, ClimaCore.Geometry.Components{ClimaCore.Geometry.Covariant, (1, 2, 3)}}, StaticArraysCore.SMatrix{3, 3, Float32, 9}}, ClimaCore.Geometry.Tensor{2, Float32, Tuple{ClimaCore.Geometry.Components{ClimaCore.Geometry.Contravariant, (1, 2, 3)}, ClimaCore.Geometry.Components{ClimaCore.Geometry.Contravariant, (1, 2, 3)}}, StaticArraysCore.SMatrix{3, 3, Float32, 9}}}, 90, Matrix{Float32}}, ClimaCore.DataLayouts.VF{ClimaCore.Geometry.LocalGeometry{(3,), ClimaCore.Geometry.ZPoint{Float32}, Float32, ClimaCore.Geometry.Tensor{2, Float32, Tuple{ClimaCore.Geometry.Components{ClimaCore.Geometry.Orthonormal, (1, 2, 3)}, ClimaCore.Geometry.Components{ClimaCore.Geometry.Covariant, (1, 2, 3)}}, StaticArraysCore.SMatrix{3, 3, Float32, 9}}, ClimaCore.Geometry.Tensor{2, Float32, Tuple{ClimaCore.Geometry.Components{ClimaCore.Geometry.Contravariant, (1, 2, 3)}, ClimaCore.Geometry.Components{ClimaCore.Geometry.Contravariant, (1, 2, 3)}}, StaticArraysCore.SMatrix{3, 3, Float32, 9}}}, 91, Matrix{Float32}}}, ClimaCore.Grids.CellCenter}}, ᶜh_tot::ClimaCore.Fields.Field{ClimaCore.DataLayouts.VF{Float32, 90, Matrix{Float32}}, ClimaCore.Spaces.FiniteDifferenceSpace{ClimaCore.Grids.FiniteDifferenceGrid{ClimaCore.Topologies.IntervalTopology{ClimaComms.SingletonCommsContext{ClimaComms.CPUSingleThreaded}, ClimaCore.Meshes.IntervalMesh{ClimaCore.Meshes.Uniform, ClimaCore.Domains.IntervalDomain{ClimaCore.Geometry.ZPoint{Float32}, Tuple{Symbol, Symbol}}, LinRange{ClimaCore.Geometry.ZPoint{Float32}, Int64}, Nothing}, @NamedTuple{bottom::Int64, top::Int64}}, ClimaCore.Geometry.CartesianGlobalGeometry, ClimaCore.DataLayouts.VF{ClimaCore.Geometry.LocalGeometry{(3,), ClimaCore.Geometry.ZPoint{Float32}, Float32, ClimaCore.Geometry.Tensor{2, Float32, Tuple{ClimaCore.Geometry.Components{ClimaCore.Geometry.Orthonormal, (1, 2, 3)}, ClimaCore.Geometry.Components{ClimaCore.Geometry.Covariant, (1, 2, 3)}}, StaticArraysCore.SMatrix{3, 3, Float32, 9}}, ClimaCore.Geometry.Tensor{2, Float32, Tuple{ClimaCore.Geometry.Components{ClimaCore.Geometry.Contravariant, (1, 2, 3)}, ClimaCore.Geometry.Components{ClimaCore.Geometry.Contravariant, (1, 2, 3)}}, StaticArraysCore.SMatrix{3, 3, Float32, 9}}}, 90, Matrix{Float32}}, ClimaCore.DataLayouts.VF{ClimaCore.Geometry.LocalGeometry{(3,), ClimaCore.Geometry.ZPoint{Float32}, Float32, ClimaCore.Geometry.Tensor{2, Float32, Tuple{ClimaCore.Geometry.Components{ClimaCore.Geometry.Orthonormal, (1, 2, 3)}, ClimaCore.Geometry.Components{ClimaCore.Geometry.Covariant, (1, 2, 3)}}, StaticArraysCore.SMatrix{3, 3, Float32, 9}}, ClimaCore.Geometry.Tensor{2, Float32, Tuple{ClimaCore.Geometry.Components{ClimaCore.Geometry.Contravariant, (1, 2, 3)}, ClimaCore.Geometry.Components{ClimaCore.Geometry.Contravariant, (1, 2, 3)}}, StaticArraysCore.SMatrix{3, 3, Float32, 9}}}, 91, Matrix{Float32}}}, ClimaCore.Grids.CellCenter}}, ᶜp::ClimaCore.Fields.Field{ClimaCore.DataLayouts.VF{Float32, 90, Matrix{Float32}}, ClimaCore.Spaces.FiniteDifferenceSpace{ClimaCore.Grids.FiniteDifferenceGrid{ClimaCore.Topologies.IntervalTopology{ClimaComms.SingletonCommsContext{ClimaComms.CPUSingleThreaded}, ClimaCore.Meshes.IntervalMesh{ClimaCore.Meshes.Uniform, ClimaCore.Domains.IntervalDomain{ClimaCore.Geometry.ZPoint{Float32}, Tuple{Symbol, Symbol}}, LinRange{ClimaCore.Geometry.ZPoint{Float32}, Int64}, Nothing}, @NamedTuple{bottom::Int64, top::Int64}}, ClimaCore.Geometry.CartesianGlobalGeometry, ClimaCore.DataLayouts.VF{ClimaCore.Geometry.LocalGeometry{(3,), ClimaCore.Geometry.ZPoint{Float32}, Float32, ClimaCore.Geometry.Tensor{2, Float32, Tuple{ClimaCore.Geometry.Components{ClimaCore.Geometry.Orthonormal, (1, 2, 3)}, ClimaCore.Geometry.Components{ClimaCore.Geometry.Covariant, (1, 2, 3)}}, StaticArraysCore.SMatrix{3, 3, Float32, 9}}, ClimaCore.Geometry.Tensor{2, Float32, Tuple{ClimaCore.Geometry.Components{ClimaCore.Geometry.Contravariant, (1, 2, 3)}, ClimaCore.Geometry.Components{ClimaCore.Geometry.Contravariant, (1, 2, 3)}}, StaticArraysCore.SMatrix{3, 3, Float32, 9}}}, 90, Matrix{Float32}}, ClimaCore.DataLayouts.VF{ClimaCore.Geometry.LocalGeometry{(3,), ClimaCore.Geometry.ZPoint{Float32}, Float32, ClimaCore.Geometry.Tensor{2, Float32, Tuple{ClimaCore.Geometry.Components{ClimaCore.Geometry.Orthonormal, (1, 2, 3)}, ClimaCore.Geometry.Components{ClimaCore.Geometry.Covariant, (1, 2, 3)}}, StaticArraysCore.SMatrix{3, 3, Float32, 9}}, ClimaCore.Geometry.Tensor{2, Float32, Tuple{ClimaCore.Geometry.Components{ClimaCore.Geometry.Contravariant, (1, 2, 3)}, ClimaCore.Geometry.Components{ClimaCore.Geometry.Contravariant, (1, 2, 3)}}, StaticArraysCore.SMatrix{3, 3, Float32, 9}}}, 91, Matrix{Float32}}}, ClimaCore.Grids.CellCenter}}, ᶜq_tot_nonneg::ClimaCore.Fields.Field{ClimaCore.DataLayouts.VF{Float32, 90, Matrix{Float32}}, ClimaCore.Spaces.FiniteDifferenceSpace{ClimaCore.Grids.FiniteDifferenceGrid{ClimaCore.Topologies.IntervalTopology{ClimaComms.SingletonCommsContext{ClimaComms.CPUSingleThreaded}, ClimaCore.Meshes.IntervalMesh{ClimaCore.Meshes.Uniform, ClimaCore.Domains.IntervalDomain{ClimaCore.Geometry.ZPoint{Float32}, Tuple{Symbol, Symbol}}, LinRange{ClimaCore.Geometry.ZPoint{Float32}, Int64}, Nothing}, @NamedTuple{bottom::Int64, top::Int64}}, ClimaCore.Geometry.CartesianGlobalGeometry, ClimaCore.DataLayouts.VF{ClimaCore.Geometry.LocalGeometry{(3,), ClimaCore.Geometry.ZPoint{Float32}, Float32, ClimaCore.Geometry.Tensor{2, Float32, Tuple{ClimaCore.Geometry.Components{ClimaCore.Geometry.Orthonormal, (1, 2, 3)}, ClimaCore.Geometry.Components{ClimaCore.Geometry.Covariant, (1, 2, 3)}}, StaticArraysCore.SMatrix{3, 3, Float32, 9}}, ClimaCore.Geometry.Tensor{2, Float32, Tuple{ClimaCore.Geometry.Components{ClimaCore.Geometry.Contravariant, (1, 2, 3)}, ClimaCore.Geometry.Components{ClimaCore.Geometry.Contravariant, (1, 2, 3)}}, StaticArraysCore.SMatrix{3, 3, Float32, 9}}}, 90, Matrix{Float32}}, ClimaCore.DataLayouts.VF{ClimaCore.Geometry.LocalGeometry{(3,), ClimaCore.Geometry.ZPoint{Float32}, Float32, ClimaCore.Geometry.Tensor{2, Float32, Tuple{ClimaCore.Geometry.Components{ClimaCore.Geometry.Orthonormal, (1, 2, 3)}, ClimaCore.Geometry.Components{ClimaCore.Geometry.Covariant, (1, 2, 3)}}, StaticArraysCore.SMatrix{3, 3, Float32, 9}}, ClimaCore.Geometry.Tensor{2, Float32, Tuple{ClimaCore.Geometry.Components{ClimaCore.Geometry.Contravariant, (1, 2, 3)}, ClimaCore.Geometry.Components{ClimaCore.Geometry.Contravariant, (1, 2, 3)}}, StaticArraysCore.SMatrix{3, 3, Float32, 9}}}, 91, Matrix{Float32}}}, ClimaCore.Grids.CellCenter}}, ᶜq_liq::ClimaCore.Fields.Field{ClimaCore.DataLayouts.VF{Float32, 90, Matrix{Float32}}, ClimaCore.Spaces.FiniteDifferenceSpace{ClimaCore.Grids.FiniteDifferenceGrid{ClimaCore.Topologies.IntervalTopology{ClimaComms.SingletonCommsContext{ClimaComms.CPUSingleThreaded}, ClimaCore.Meshes.IntervalMesh{ClimaCore.Meshes.Uniform, ClimaCore.Domains.IntervalDomain{ClimaCore.Geometry.ZPoint{Float32}, Tuple{Symbol, Symbol}}, LinRange{ClimaCore.Geometry.ZPoint{Float32}, Int64}, Nothing}, @NamedTuple{bottom::Int64, top::Int64}}, ClimaCore.Geometry.CartesianGlobalGeometry, ClimaCore.DataLayouts.VF{ClimaCore.Geometry.LocalGeometry{(3,), ClimaCore.Geometry.ZPoint{Float32}, Float32, ClimaCore.Geometry.Tensor{2, Float32, Tuple{ClimaCore.Geometry.Components{ClimaCore.Geometry.Orthonormal, (1, 2, 3)}, ClimaCore.Geometry.Components{ClimaCore.Geometry.Covariant, (1, 2, 3)}}, StaticArraysCore.SMatrix{3, 3, Float32, 9}}, ClimaCore.Geometry.Tensor{2, Float32, Tuple{ClimaCore.Geometry.Components{ClimaCore.Geometry.Contravariant, (1, 2, 3)}, ClimaCore.Geometry.Components{ClimaCore.Geometry.Contravariant, (1, 2, 3)}}, StaticArraysCore.SMatrix{3, 3, Float32, 9}}}, 90, Matrix{Float32}}, ClimaCore.DataLayouts.VF{ClimaCore.Geometry.LocalGeometry{(3,), ClimaCore.Geometry.ZPoint{Float32}, Float32, ClimaCore.Geometry.Tensor{2, Float32, Tuple{ClimaCore.Geometry.Components{ClimaCore.Geometry.Orthonormal, (1, 2, 3)}, ClimaCore.Geometry.Components{ClimaCore.Geometry.Covariant, (1, 2, 3)}}, StaticArraysCore.SMatrix{3, 3, Float32, 9}}, ClimaCore.Geometry.Tensor{2, Float32, Tuple{ClimaCore.Geometry.Components{ClimaCore.Geometry.Contravariant, (1, 2, 3)}, ClimaCore.Geometry.Components{ClimaCore.Geometry.Contravariant, (1, 2, 3)}}, StaticArraysCore.SMatrix{3, 3, Float32, 9}}}, 91, Matrix{Float32}}}, ClimaCore.Grids.CellCenter}}, ᶜq_ice::ClimaCore.Fields.Field{ClimaCore.DataLayouts.VF{Float32, 90, Matrix{Float32}}, ClimaCore.Spaces.FiniteDifferenceSpace{ClimaCore.Grids.FiniteDifferenceGrid{ClimaCore.Topologies.IntervalTopology{ClimaComms.SingletonCommsContext{ClimaComms.CPUSingleThreaded}, ClimaCore.Meshes.IntervalMesh{ClimaCore.Meshes.Uniform, ClimaCore.Domains.IntervalDomain{ClimaCore.Geometry.ZPoint{Float32}, Tuple{Symbol, Symbol}}, LinRange{ClimaCore.Geometry.ZPoint{Float32}, Int64}, Nothing}, @NamedTuple{bottom::Int64, top::Int64}}, ClimaCore.Geometry.CartesianGlobalGeometry, ClimaCore.DataLayouts.VF{ClimaCore.Geometry.LocalGeometry{(3,), ClimaCore.Geometry.ZPoint{Float32}, Float32, ClimaCore.Geometry.Tensor{2, Float32, Tuple{ClimaCore.Geometry.Components{ClimaCore.Geometry.Orthonormal, (1, 2, 3)}, ClimaCore.Geometry.Components{ClimaCore.Geometry.Covariant, (1, 2, 3)}}, StaticArraysCore.SMatrix{3, 3, Float32, 9}}, ClimaCore.Geometry.Tensor{2, Float32, Tuple{ClimaCore.Geometry.Components{ClimaCore.Geometry.Contravariant, (1, 2, 3)}, ClimaCore.Geometry.Components{ClimaCore.Geometry.Contravariant, (1, 2, 3)}}, StaticArraysCore.SMatrix{3, 3, Float32, 9}}}, 90, Matrix{Float32}}, ClimaCore.DataLayouts.VF{ClimaCore.Geometry.LocalGeometry{(3,), ClimaCore.Geometry.ZPoint{Float32}, Float32, ClimaCore.Geometry.Tensor{2, Float32, Tuple{ClimaCore.Geometry.Components{ClimaCore.Geometry.Orthonormal, (1, 2, 3)}, ClimaCore.Geometry.Components{ClimaCore.Geometry.Covariant, (1, 2, 3)}}, StaticArraysCore.SMatrix{3, 3, Float32, 9}}, ClimaCore.Geometry.Tensor{2, Float32, Tuple{ClimaCore.Geometry.Components{ClimaCore.Geometry.Contravariant, (1, 2, 3)}, ClimaCore.Geometry.Components{ClimaCore.Geometry.Contravariant, (1, 2, 3)}}, StaticArraysCore.SMatrix{3, 3, Float32, 9}}}, 91, Matrix{Float32}}}, ClimaCore.Grids.CellCenter}}, ᶠu₃⁰::ClimaCore.Fields.Field{ClimaCore.DataLayouts.VF{ClimaCore.Geometry.Covariant3Vector{Float32}, 91, Matrix{Float32}}, ClimaCore.Spaces.FiniteDifferenceSpace{ClimaCore.Grids.FiniteDifferenceGrid{ClimaCore.Topologies.IntervalTopology{ClimaComms.SingletonCommsContext{ClimaComms.CPUSingleThreaded}, ClimaCore.Meshes.IntervalMesh{ClimaCore.Meshes.Uniform, ClimaCore.Domains.IntervalDomain{ClimaCore.Geometry.ZPoint{Float32}, Tuple{Symbol, Symbol}}, LinRange{ClimaCore.Geometry.ZPoint{Float32}, Int64}, Nothing}, @NamedTuple{bottom::Int64, top::Int64}}, ClimaCore.Geometry.CartesianGlobalGeometry, ClimaCore.DataLayouts.VF{ClimaCore.Geometry.LocalGeometry{(3,), ClimaCore.Geometry.ZPoint{Float32}, Float32, ClimaCore.Geometry.Tensor{2, Float32, Tuple{ClimaCore.Geometry.Components{ClimaCore.Geometry.Orthonormal, (1, 2, 3)}, ClimaCore.Geometry.Components{ClimaCore.Geometry.Covariant, (1, 2, 3)}}, StaticArraysCore.SMatrix{3, 3, Float32, 9}}, ClimaCore.Geometry.Tensor{2, Float32, Tuple{ClimaCore.Geometry.Components{ClimaCore.Geometry.Contravariant, (1, 2, 3)}, ClimaCore.Geometry.Components{ClimaCore.Geometry.Contravariant, (1, 2, 3)}}, StaticArraysCore.SMatrix{3, 3, Float32, 9}}}, 90, Matrix{Float32}}, ClimaCore.DataLayouts.VF{ClimaCore.Geometry.LocalGeometry{(3,), ClimaCore.Geometry.ZPoint{Float32}, Float32, ClimaCore.Geometry.Tensor{2, Float32, Tuple{ClimaCore.Geometry.Components{ClimaCore.Geometry.Orthonormal, (1, 2, 3)}, ClimaCore.Geometry.Components{ClimaCore.Geometry.Covariant, (1, 2, 3)}}, StaticArraysCore.SMatrix{3, 3, Float32, 9}}, ClimaCore.Geometry.Tensor{2, Float32, Tuple{ClimaCore.Geometry.Components{ClimaCore.Geometry.Contravariant, (1, 2, 3)}, ClimaCore.Geometry.Components{ClimaCore.Geometry.Contravariant, (1, 2, 3)}}, StaticArraysCore.SMatrix{3, 3, Float32, 9}}}, 91, Matrix{Float32}}}, ClimaCore.Grids.CellFace}}, ᶜu⁰::ClimaCore.Fields.Field{ClimaCore.DataLayouts.VF{ClimaCore.Geometry.Covariant123Vector{Float32}, 90, Matrix{Float32}}, ClimaCore.Spaces.FiniteDifferenceSpace{ClimaCore.Grids.FiniteDifferenceGrid{ClimaCore.Topologies.IntervalTopology{ClimaComms.SingletonCommsContext{ClimaComms.CPUSingleThreaded}, ClimaCore.Meshes.IntervalMesh{ClimaCore.Meshes.Uniform, ClimaCore.Domains.IntervalDomain{ClimaCore.Geometry.ZPoint{Float32}, Tuple{Symbol, Symbol}}, LinRange{ClimaCore.Geometry.ZPoint{Float32}, Int64}, Nothing}, @NamedTuple{bottom::Int64, top::Int64}}, ClimaCore.Geometry.CartesianGlobalGeometry, ClimaCore.DataLayouts.VF{ClimaCore.Geometry.LocalGeometry{(3,), ClimaCore.Geometry.ZPoint{Float32}, Float32, ClimaCore.Geometry.Tensor{2, Float32, Tuple{ClimaCore.Geometry.Components{ClimaCore.Geometry.Orthonormal, (1, 2, 3)}, ClimaCore.Geometry.Components{ClimaCore.Geometry.Covariant, (1, 2, 3)}}, StaticArraysCore.SMatrix{3, 3, Float32, 9}}, ClimaCore.Geometry.Tensor{2, Float32, Tuple{ClimaCore.Geometry.Components{ClimaCore.Geometry.Contravariant, (1, 2, 3)}, ClimaCore.Geometry.Components{ClimaCore.Geometry.Contravariant, (1, 2, 3)}}, StaticArraysCore.SMatrix{3, 3, Float32, 9}}}, 90, Matrix{Float32}}, ClimaCore.DataLayouts.VF{ClimaCore.Geometry.LocalGeometry{(3,), ClimaCore.Geometry.ZPoint{Float32}, Float32, ClimaCore.Geometry.Tensor{2, Float32, Tuple{ClimaCore.Geometry.Components{ClimaCore.Geometry.Orthonormal, (1, 2, 3)}, ClimaCore.Geometry.Components{ClimaCore.Geometry.Covariant, (1, 2, 3)}}, StaticArraysCore.SMatrix{3, 3, Float32, 9}}, ClimaCore.Geometry.Tensor{2, Float32, Tuple{ClimaCore.Geometry.Components{ClimaCore.Geometry.Contravariant, (1, 2, 3)}, ClimaCore.Geometry.Components{ClimaCore.Geometry.Contravariant, (1, 2, 3)}}, StaticArraysCore.SMatrix{3, 3, Float32, 9}}}, 91, Matrix{Float32}}}, ClimaCore.Grids.CellCenter}}, ᶠu³⁰::ClimaCore.Fields.Field{ClimaCore.DataLayouts.VF{ClimaCore.Geometry.Contravariant3Vector{Float32}, 91, Matrix{Float32}}, ClimaCore.Spaces.FiniteDifferenceSpace{ClimaCore.Grids.FiniteDifferenceGrid{ClimaCore.Topologies.IntervalTopology{ClimaComms.SingletonCommsContext{ClimaComms.CPUSingleThreaded}, ClimaCore.Meshes.IntervalMesh{ClimaCore.Meshes.Uniform, ClimaCore.Domains.IntervalDomain{ClimaCore.Geometry.ZPoint{Float32}, Tuple{Symbol, Symbol}}, LinRange{ClimaCore.Geometry.ZPoint{Float32}, Int64}, Nothing}, @NamedTuple{bottom::Int64, top::Int64}}, ClimaCore.Geometry.CartesianGlobalGeometry, ClimaCore.DataLayouts.VF{ClimaCore.Geometry.LocalGeometry{(3,), ClimaCore.Geometry.ZPoint{Float32}, Float32, ClimaCore.Geometry.Tensor{2, Float32, Tuple{ClimaCore.Geometry.Components{ClimaCore.Geometry.Orthonormal, (1, 2, 3)}, ClimaCore.Geometry.Components{ClimaCore.Geometry.Covariant, (1, 2, 3)}}, StaticArraysCore.SMatrix{3, 3, Float32, 9}}, ClimaCore.Geometry.Tensor{2, Float32, Tuple{ClimaCore.Geometry.Components{ClimaCore.Geometry.Contravariant, (1, 2, 3)}, ClimaCore.Geometry.Components{ClimaCore.Geometry.Contravariant, (1, 2, 3)}}, StaticArraysCore.SMatrix{3, 3, Float32, 9}}}, 90, Matrix{Float32}}, ClimaCore.DataLayouts.VF{ClimaCore.Geometry.LocalGeometry{(3,), ClimaCore.Geometry.ZPoint{Float32}, Float32, ClimaCore.Geometry.Tensor{2, Float32, Tuple{ClimaCore.Geometry.Components{ClimaCore.Geometry.Orthonormal, (1, 2, 3)}, ClimaCore.Geometry.Components{ClimaCore.Geometry.Covariant, (1, 2, 3)}}, StaticArraysCore.SMatrix{3, 3, Float32, 9}}, ClimaCore.Geometry.Tensor{2, Float32, Tuple{ClimaCore.Geometry.Components{ClimaCore.Geometry.Contravariant, (1, 2, 3)}, ClimaCore.Geometry.Components{ClimaCore.Geometry.Contravariant, (1, 2, 3)}}, StaticArraysCore.SMatrix{3, 3, Float32, 9}}}, 91, Matrix{Float32}}}, ClimaCore.Grids.CellFace}}, ᶜK⁰::ClimaCore.Fields.Field{ClimaCore.DataLayouts.VF{Float32, 90, Matrix{Float32}}, ClimaCore.Spaces.FiniteDifferenceSpace{ClimaCore.Grids.FiniteDifferenceGrid{ClimaCore.Topologies.IntervalTopology{ClimaComms.SingletonCommsContext{ClimaComms.CPUSingleThreaded}, ClimaCore.Meshes.IntervalMesh{ClimaCore.Meshes.Uniform, ClimaCore.Domains.IntervalDomain{ClimaCore.Geometry.ZPoint{Float32}, Tuple{Symbol, Symbol}}, LinRange{ClimaCore.Geometry.ZPoint{Float32}, Int64}, Nothing}, @NamedTuple{bottom::Int64, top::Int64}}, ClimaCore.Geometry.CartesianGlobalGeometry, ClimaCore.DataLayouts.VF{ClimaCore.Geometry.LocalGeometry{(3,), ClimaCore.Geometry.ZPoint{Float32}, Float32, ClimaCore.Geometry.Tensor{2, Float32, Tuple{ClimaCore.Geometry.Components{ClimaCore.Geometry.Orthonormal, (1, 2, 3)}, ClimaCore.Geometry.Components{ClimaCore.Geometry.Covariant, (1, 2, 3)}}, StaticArraysCore.SMatrix{3, 3, Float32, 9}}, ClimaCore.Geometry.Tensor{2, Float32, Tuple{ClimaCore.Geometry.Components{ClimaCore.Geometry.Contravariant, (1, 2, 3)}, ClimaCore.Geometry.Components{ClimaCore.Geometry.Contravariant, (1, 2, 3)}}, StaticArraysCore.SMatrix{3, 3, Float32, 9}}}, 90, Matrix{Float32}}, ClimaCore.DataLayouts.VF{ClimaCore.Geometry.LocalGeometry{(3,), ClimaCore.Geometry.ZPoint{Float32}, Float32, ClimaCore.Geometry.Tensor{2, Float32, Tuple{ClimaCore.Geometry.Components{ClimaCore.Geometry.Orthonormal, (1, 2, 3)}, ClimaCore.Geometry.Components{ClimaCore.Geometry.Covariant, (1, 2, 3)}}, StaticArraysCore.SMatrix{3, 3, Float32, 9}}, ClimaCore.Geometry.Tensor{2, Float32, Tuple{ClimaCore.Geometry.Components{ClimaCore.Geometry.Contravariant, (1, 2, 3)}, ClimaCore.Geometry.Components{ClimaCore.Geometry.Contravariant, (1, 2, 3)}}, StaticArraysCore.SMatrix{3, 3, Float32, 9}}}, 91, Matrix{Float32}}}, ClimaCore.Grids.CellCenter}}, ᶜT⁰::ClimaCore.Fields.Field{ClimaCore.DataLayouts.VF{Float32, 90, Matrix{Float32}}, ClimaCore.Spaces.FiniteDifferenceSpace{ClimaCore.Grids.FiniteDifferenceGrid{ClimaCore.Topologies.IntervalTopology{ClimaComms.SingletonCommsContext{ClimaComms.CPUSingleThreaded}, ClimaCore.Meshes.IntervalMesh{ClimaCore.Meshes.Uniform, ClimaCore.Domains.IntervalDomain{ClimaCore.Geometry.ZPoint{Float32}, Tuple{Symbol, Symbol}}, LinRange{ClimaCore.Geometry.ZPoint{Float32}, Int64}, Nothing}, @NamedTuple{bottom::Int64, top::Int64}}, ClimaCore.Geometry.CartesianGlobalGeometry, ClimaCore.DataLayouts.VF{ClimaCore.Geometry.LocalGeometry{(3,), ClimaCore.Geometry.ZPoint{Float32}, Float32, ClimaCore.Geometry.Tensor{2, Float32, Tuple{ClimaCore.Geometry.Components{ClimaCore.Geometry.Orthonormal, (1, 2, 3)}, ClimaCore.Geometry.Components{ClimaCore.Geometry.Covariant, (1, 2, 3)}}, StaticArraysCore.SMatrix{3, 3, Float32, 9}}, ClimaCore.Geometry.Tensor{2, Float32, Tuple{ClimaCore.Geometry.Components{ClimaCore.Geometry.Contravariant, (1, 2, 3)}, ClimaCore.Geometry.Components{ClimaCore.Geometry.Contravariant, (1, 2, 3)}}, StaticArraysCore.SMatrix{3, 3, Float32, 9}}}, 90, Matrix{Float32}}, ClimaCore.DataLayouts.VF{ClimaCore.Geometry.LocalGeometry{(3,), ClimaCore.Geometry.ZPoint{Float32}, Float32, ClimaCore.Geometry.Tensor{2, Float32, Tuple{ClimaCore.Geometry.Components{ClimaCore.Geometry.Orthonormal, (1, 2, 3)}, ClimaCore.Geometry.Components{ClimaCore.Geometry.Covariant, (1, 2, 3)}}, StaticArraysCore.SMatrix{3, 3, Float32, 9}}, ClimaCore.Geometry.Tensor{2, Float32, Tuple{ClimaCore.Geometry.Components{ClimaCore.Geometry.Contravariant, (1, 2, 3)}, ClimaCore.Geometry.Components{ClimaCore.Geometry.Contravariant, (1, 2, 3)}}, StaticArraysCore.SMatrix{3, 3, Float32, 9}}}, 91, Matrix{Float32}}}, ClimaCore.Grids.CellCenter}}, ᶜq_tot_nonneg⁰::ClimaCore.Fields.Field{ClimaCore.DataLayouts.VF{Float32, 90, Matrix{Float32}}, ClimaCore.Spaces.FiniteDifferenceSpace{ClimaCore.Grids.FiniteDifferenceGrid{ClimaCore.Topologies.IntervalTopology{ClimaComms.SingletonCommsContext{ClimaComms.CPUSingleThreaded}, ClimaCore.Meshes.IntervalMesh{ClimaCore.Meshes.Uniform, ClimaCore.Domains.IntervalDomain{ClimaCore.Geometry.ZPoint{Float32}, Tuple{Symbol, Symbol}}, LinRange{ClimaCore.Geometry.ZPoint{Float32}, Int64}, Nothing}, @NamedTuple{bottom::Int64, top::Int64}}, ClimaCore.Geometry.CartesianGlobalGeometry, ClimaCore.DataLayouts.VF{ClimaCore.Geometry.LocalGeometry{(3,), ClimaCore.Geometry.ZPoint{Float32}, Float32, ClimaCore.Geometry.Tensor{2, Float32, Tuple{ClimaCore.Geometry.Components{ClimaCore.Geometry.Orthonormal, (1, 2, 3)}, ClimaCore.Geometry.Components{ClimaCore.Geometry.Covariant, (1, 2, 3)}}, StaticArraysCore.SMatrix{3, 3, Float32, 9}}, ClimaCore.Geometry.Tensor{2, Float32, Tuple{ClimaCore.Geometry.Components{ClimaCore.Geometry.Contravariant, (1, 2, 3)}, ClimaCore.Geometry.Components{ClimaCore.Geometry.Contravariant, (1, 2, 3)}}, StaticArraysCore.SMatrix{3, 3, Float32, 9}}}, 90, Matrix{Float32}}, ClimaCore.DataLayouts.VF{ClimaCore.Geometry.LocalGeometry{(3,), ClimaCore.Geometry.ZPoint{Float32}, Float32, ClimaCore.Geometry.Tensor{2, Float32, Tuple{ClimaCore.Geometry.Components{ClimaCore.Geometry.Orthonormal, (1, 2, 3)}, ClimaCore.Geometry.Components{ClimaCore.Geometry.Covariant, (1, 2, 3)}}, StaticArraysCore.SMatrix{3, 3, Float32, 9}}, ClimaCore.Geometry.Tensor{2, Float32, Tuple{ClimaCore.Geometry.Components{ClimaCore.Geometry.Contravariant, (1, 2, 3)}, ClimaCore.Geometry.Components{ClimaCore.Geometry.Contravariant, (1, 2, 3)}}, StaticArraysCore.SMatrix{3, 3, Float32, 9}}}, 91, Matrix{Float32}}}, ClimaCore.Grids.CellCenter}}, ᶜq_liq⁰::ClimaCore.Fields.Field{ClimaCore.DataLayouts.VF{Float32, 90, Matrix{Float32}}, ClimaCore.Spaces.FiniteDifferenceSpace{ClimaCore.Grids.FiniteDifferenceGrid{ClimaCore.Topologies.IntervalTopology{ClimaComms.SingletonCommsContext{ClimaComms.CPUSingleThreaded}, ClimaCore.Meshes.IntervalMesh{ClimaCore.Meshes.Uniform, ClimaCore.Domains.IntervalDomain{ClimaCore.Geometry.ZPoint{Float32}, Tuple{Symbol, Symbol}}, LinRange{ClimaCore.Geometry.ZPoint{Float32}, Int64}, Nothing}, @NamedTuple{bottom::Int64, top::Int64}}, ClimaCore.Geometry.CartesianGlobalGeometry, ClimaCore.DataLayouts.VF{ClimaCore.Geometry.LocalGeometry{(3,), ClimaCore.Geometry.ZPoint{Float32}, Float32, ClimaCore.Geometry.Tensor{2, Float32, Tuple{ClimaCore.Geometry.Components{ClimaCore.Geometry.Orthonormal, (1, 2, 3)}, ClimaCore.Geometry.Components{ClimaCore.Geometry.Covariant, (1, 2, 3)}}, StaticArraysCore.SMatrix{3, 3, Float32, 9}}, ClimaCore.Geometry.Tensor{2, Float32, Tuple{ClimaCore.Geometry.Components{ClimaCore.Geometry.Contravariant, (1, 2, 3)}, ClimaCore.Geometry.Components{ClimaCore.Geometry.Contravariant, (1, 2, 3)}}, StaticArraysCore.SMatrix{3, 3, Float32, 9}}}, 90, Matrix{Float32}}, ClimaCore.DataLayouts.VF{ClimaCore.Geometry.LocalGeometry{(3,), ClimaCore.Geometry.ZPoint{Float32}, Float32, ClimaCore.Geometry.Tensor{2, Float32, Tuple{ClimaCore.Geometry.Components{ClimaCore.Geometry.Orthonormal, (1, 2, 3)}, ClimaCore.Geometry.Components{ClimaCore.Geometry.Covariant, (1, 2, 3)}}, StaticArraysCore.SMatrix{3, 3, Float32, 9}}, ClimaCore.Geometry.Tensor{2, Float32, Tuple{ClimaCore.Geometry.Components{ClimaCore.Geometry.Contravariant, (1, 2, 3)}, ClimaCore.Geometry.Components{ClimaCore.Geometry.Contravariant, (1, 2, 3)}}, StaticArraysCore.SMatrix{3, 3, Float32, 9}}}, 91, Matrix{Float32}}}, ClimaCore.Grids.CellCenter}}, ᶜq_ice⁰::ClimaCore.Fields.Field{ClimaCore.DataLayouts.VF{Float32, 90, Matrix{Float32}}, ClimaCore.Spaces.FiniteDifferenceSpace{ClimaCore.Grids.FiniteDifferenceGrid{ClimaCore.Topologies.IntervalTopology{ClimaComms.SingletonCommsContext{ClimaComms.CPUSingleThreaded}, ClimaCore.Meshes.IntervalMesh{ClimaCore.Meshes.Uniform, ClimaCore.Domains.IntervalDomain{ClimaCore.Geometry.ZPoint{Float32}, Tuple{Symbol, Symbol}}, LinRange{ClimaCore.Geometry.ZPoint{Float32}, Int64}, Nothing}, @NamedTuple{bottom::Int64, top::Int64}}, ClimaCore.Geometry.CartesianGlobalGeometry, ClimaCore.DataLayouts.VF{ClimaCore.Geometry.LocalGeometry{(3,), ClimaCore.Geometry.ZPoint{Float32}, Float32, ClimaCore.Geometry.Tensor{2, Float32, Tuple{ClimaCore.Geometry.Components{ClimaCore.Geometry.Orthonormal, (1, 2, 3)}, ClimaCore.Geometry.Components{ClimaCore.Geometry.Covariant, (1, 2, 3)}}, StaticArraysCore.SMatrix{3, 3, Float32, 9}}, ClimaCore.Geometry.Tensor{2, Float32, Tuple{ClimaCore.Geometry.Components{ClimaCore.Geometry.Contravariant, (1, 2, 3)}, ClimaCore.Geometry.Components{ClimaCore.Geometry.Contravariant, (1, 2, 3)}}, StaticArraysCore.SMatrix{3, 3, Float32, 9}}}, 90, Matrix{Float32}}, ClimaCore.DataLayouts.VF{ClimaCore.Geometry.LocalGeometry{(3,), ClimaCore.Geometry.ZPoint{Float32}, Float32, ClimaCore.Geometry.Tensor{2, Float32, Tuple{ClimaCore.Geometry.Components{ClimaCore.Geometry.Orthonormal, (1, 2, 3)}, ClimaCore.Geometry.Components{ClimaCore.Geometry.Covariant, (1, 2, 3)}}, StaticArraysCore.SMatrix{3, 3, Float32, 9}}, ClimaCore.Geometry.Tensor{2, Float32, Tuple{ClimaCore.Geometry.Components{ClimaCore.Geometry.Contravariant, (1, 2, 3)}, ClimaCore.Geometry.Components{ClimaCore.Geometry.Contravariant, (1, 2, 3)}}, StaticArraysCore.SMatrix{3, 3, Float32, 9}}}, 91, Matrix{Float32}}}, ClimaCore.Grids.CellCenter}}, ᶜuʲs::ClimaCore.Fields.Field{ClimaCore.DataLayouts.VF{Tuple{ClimaCore.Geometry.Covariant123Vector{Float32}}, 90, Matrix{Float32}}, ClimaCore.Spaces.FiniteDifferenceSpace{ClimaCore.Grids.FiniteDifferenceGrid{ClimaCore.Topologies.IntervalTopology{ClimaComms.SingletonCommsContext{ClimaComms.CPUSingleThreaded}, ClimaCore.Meshes.IntervalMesh{ClimaCore.Meshes.Uniform, ClimaCore.Domains.IntervalDomain{ClimaCore.Geometry.ZPoint{Float32}, Tuple{Symbol, Symbol}}, LinRange{ClimaCore.Geometry.ZPoint{Float32}, Int64}, Nothing}, @NamedTuple{bottom::Int64, top::Int64}}, ClimaCore.Geometry.CartesianGlobalGeometry, ClimaCore.DataLayouts.VF{ClimaCore.Geometry.LocalGeometry{(3,), ClimaCore.Geometry.ZPoint{Float32}, Float32, ClimaCore.Geometry.Tensor{2, Float32, Tuple{ClimaCore.Geometry.Components{ClimaCore.Geometry.Orthonormal, (1, 2, 3)}, ClimaCore.Geometry.Components{ClimaCore.Geometry.Covariant, (1, 2, 3)}}, StaticArraysCore.SMatrix{3, 3, Float32, 9}}, ClimaCore.Geometry.Tensor{2, Float32, Tuple{ClimaCore.Geometry.Components{ClimaCore.Geometry.Contravariant, (1, 2, 3)}, ClimaCore.Geometry.Components{ClimaCore.Geometry.Contravariant, (1, 2, 3)}}, StaticArraysCore.SMatrix{3, 3, Float32, 9}}}, 90, Matrix{Float32}}, ClimaCore.DataLayouts.VF{ClimaCore.Geometry.LocalGeometry{(3,), ClimaCore.Geometry.ZPoint{Float32}, Float32, ClimaCore.Geometry.Tensor{2, Float32, Tuple{ClimaCore.Geometry.Components{ClimaCore.Geometry.Orthonormal, (1, 2, 3)}, ClimaCore.Geometry.Components{ClimaCore.Geometry.Covariant, (1, 2, 3)}}, StaticArraysCore.SMatrix{3, 3, Float32, 9}}, ClimaCore.Geometry.Tensor{2, Float32, Tuple{ClimaCore.Geometry.Components{ClimaCore.Geometry.Contravariant, (1, 2, 3)}, ClimaCore.Geometry.Components{ClimaCore.Geometry.Contravariant, (1, 2, 3)}}, StaticArraysCore.SMatrix{3, 3, Float32, 9}}}, 91, Matrix{Float32}}}, ClimaCore.Grids.CellCenter}}, ᶠu³ʲs::ClimaCore.Fields.Field{ClimaCore.DataLayouts.VF{Tuple{ClimaCore.Geometry.Contravariant3Vector{Float32}}, 91, Matrix{Float32}}, ClimaCore.Spaces.FiniteDifferenceSpace{ClimaCore.Grids.FiniteDifferenceGrid{ClimaCore.Topologies.IntervalTopology{ClimaComms.SingletonCommsContext{ClimaComms.CPUSingleThreaded}, ClimaCore.Meshes.IntervalMesh{ClimaCore.Meshes.Uniform, ClimaCore.Domains.IntervalDomain{ClimaCore.Geometry.ZPoint{Float32}, Tuple{Symbol, Symbol}}, LinRange{ClimaCore.Geometry.ZPoint{Float32}, Int64}, Nothing}, @NamedTuple{bottom::Int64, top::Int64}}, ClimaCore.Geometry.CartesianGlobalGeometry, ClimaCore.DataLayouts.VF{ClimaCore.Geometry.LocalGeometry{(3,), ClimaCore.Geometry.ZPoint{Float32}, Float32, ClimaCore.Geometry.Tensor{2, Float32, Tuple{ClimaCore.Geometry.Components{ClimaCore.Geometry.Orthonormal, (1, 2, 3)}, ClimaCore.Geometry.Components{ClimaCore.Geometry.Covariant, (1, 2, 3)}}, StaticArraysCore.SMatrix{3, 3, Float32, 9}}, ClimaCore.Geometry.Tensor{2, Float32, Tuple{ClimaCore.Geometry.Components{ClimaCore.Geometry.Contravariant, (1, 2, 3)}, ClimaCore.Geometry.Components{ClimaCore.Geometry.Contravariant, (1, 2, 3)}}, StaticArraysCore.SMatrix{3, 3, Float32, 9}}}, 90, Matrix{Float32}}, ClimaCore.DataLayouts.VF{ClimaCore.Geometry.LocalGeometry{(3,), ClimaCore.Geometry.ZPoint{Float32}, Float32, ClimaCore.Geometry.Tensor{2, Float32, Tuple{ClimaCore.Geometry.Components{ClimaCore.Geometry.Orthonormal, (1, 2, 3)}, ClimaCore.Geometry.Components{ClimaCore.Geometry.Covariant, (1, 2, 3)}}, StaticArraysCore.SMatrix{3, 3, Float32, 9}}, ClimaCore.Geometry.Tensor{2, Float32, Tuple{ClimaCore.Geometry.Components{ClimaCore.Geometry.Contravariant, (1, 2, 3)}, ClimaCore.Geometry.Components{ClimaCore.Geometry.Contravariant, (1, 2, 3)}}, StaticArraysCore.SMatrix{3, 3, Float32, 9}}}, 91, Matrix{Float32}}}, ClimaCore.Grids.CellFace}}, ᶜKʲs::ClimaCore.Fields.Field{ClimaCore.DataLayouts.VF{Tuple{Float32}, 90, Matrix{Float32}}, ClimaCore.Spaces.FiniteDifferenceSpace{ClimaCore.Grids.FiniteDifferenceGrid{ClimaCore.Topologies.IntervalTopology{ClimaComms.SingletonCommsContext{ClimaComms.CPUSingleThreaded}, ClimaCore.Meshes.IntervalMesh{ClimaCore.Meshes.Uniform, ClimaCore.Domains.IntervalDomain{ClimaCore.Geometry.ZPoint{Float32}, Tuple{Symbol, Symbol}}, LinRange{ClimaCore.Geometry.ZPoint{Float32}, Int64}, Nothing}, @NamedTuple{bottom::Int64, top::Int64}}, ClimaCore.Geometry.CartesianGlobalGeometry, ClimaCore.DataLayouts.VF{ClimaCore.Geometry.LocalGeometry{(3,), ClimaCore.Geometry.ZPoint{Float32}, Float32, ClimaCore.Geometry.Tensor{2, Float32, Tuple{ClimaCore.Geometry.Components{ClimaCore.Geometry.Orthonormal, (1, 2, 3)}, ClimaCore.Geometry.Components{ClimaCore.Geometry.Covariant, (1, 2, 3)}}, StaticArraysCore.SMatrix{3, 3, Float32, 9}}, ClimaCore.Geometry.Tensor{2, Float32, Tuple{ClimaCore.Geometry.Components{ClimaCore.Geometry.Contravariant, (1, 2, 3)}, ClimaCore.Geometry.Components{ClimaCore.Geometry.Contravariant, (1, 2, 3)}}, StaticArraysCore.SMatrix{3, 3, Float32, 9}}}, 90, Matrix{Float32}}, ClimaCore.DataLayouts.VF{ClimaCore.Geometry.LocalGeometry{(3,), ClimaCore.Geometry.ZPoint{Float32}, Float32, ClimaCore.Geometry.Tensor{2, Float32, Tuple{ClimaCore.Geometry.Components{ClimaCore.Geometry.Orthonormal, (1, 2, 3)}, ClimaCore.Geometry.Components{ClimaCore.Geometry.Covariant, (1, 2, 3)}}, StaticArraysCore.SMatrix{3, 3, Float32, 9}}, ClimaCore.Geometry.Tensor{2, Float32, Tuple{ClimaCore.Geometry.Components{ClimaCore.Geometry.Contravariant, (1, 2, 3)}, ClimaCore.Geometry.Components{ClimaCore.Geometry.Contravariant, (1, 2, 3)}}, StaticArraysCore.SMatrix{3, 3, Float32, 9}}}, 91, Matrix{Float32}}}, ClimaCore.Grids.CellCenter}}, ᶠKᵥʲs::ClimaCore.Fields.Field{ClimaCore.DataLayouts.VF{Tuple{Float32}, 91, Matrix{Float32}}, ClimaCore.Spaces.FiniteDifferenceSpace{ClimaCore.Grids.FiniteDifferenceGrid{ClimaCore.Topologies.IntervalTopology{ClimaComms.SingletonCommsContext{ClimaComms.CPUSingleThreaded}, ClimaCore.Meshes.IntervalMesh{ClimaCore.Meshes.Uniform, ClimaCore.Domains.IntervalDomain{ClimaCore.Geometry.ZPoint{Float32}, Tuple{Symbol, Symbol}}, LinRange{ClimaCore.Geometry.ZPoint{Float32}, Int64}, Nothing}, @NamedTuple{bottom::Int64, top::Int64}}, ClimaCore.Geometry.CartesianGlobalGeometry, ClimaCore.DataLayouts.VF{ClimaCore.Geometry.LocalGeometry{(3,), ClimaCore.Geometry.ZPoint{Float32}, Float32, ClimaCore.Geometry.Tensor{2, Float32, Tuple{ClimaCore.Geometry.Components{ClimaCore.Geometry.Orthonormal, (1, 2, 3)}, ClimaCore.Geometry.Components{ClimaCore.Geometry.Covariant, (1, 2, 3)}}, StaticArraysCore.SMatrix{3, 3, Float32, 9}}, ClimaCore.Geometry.Tensor{2, Float32, Tuple{ClimaCore.Geometry.Components{ClimaCore.Geometry.Contravariant, (1, 2, 3)}, ClimaCore.Geometry.Components{ClimaCore.Geometry.Contravariant, (1, 2, 3)}}, StaticArraysCore.SMatrix{3, 3, Float32, 9}}}, 90, Matrix{Float32}}, ClimaCore.DataLayouts.VF{ClimaCore.Geometry.LocalGeometry{(3,), ClimaCore.Geometry.ZPoint{Float32}, Float32, ClimaCore.Geometry.Tensor{2, Float32, Tuple{ClimaCore.Geometry.Components{ClimaCore.Geometry.Orthonormal, (1, 2, 3)}, ClimaCore.Geometry.Components{ClimaCore.Geometry.Covariant, (1, 2, 3)}}, StaticArraysCore.SMatrix{3, 3, Float32, 9}}, ClimaCore.Geometry.Tensor{2, Float32, Tuple{ClimaCore.Geometry.Components{ClimaCore.Geometry.Contravariant, (1, 2, 3)}, ClimaCore.Geometry.Components{ClimaCore.Geometry.Contravariant, (1, 2, 3)}}, StaticArraysCore.SMatrix{3, 3, Float32, 9}}}, 91, Matrix{Float32}}}, ClimaCore.Grids.CellFace}}, ᶜTʲs::ClimaCore.Fields.Field{ClimaCore.DataLayouts.VF{Tuple{Float32}, 90, Matrix{Float32}}, ClimaCore.Spaces.FiniteDifferenceSpace{ClimaCore.Grids.FiniteDifferenceGrid{ClimaCore.Topologies.IntervalTopology{ClimaComms.SingletonCommsContext{ClimaComms.CPUSingleThreaded}, ClimaCore.Meshes.IntervalMesh{ClimaCore.Meshes.Uniform, ClimaCore.Domains.IntervalDomain{ClimaCore.Geometry.ZPoint{Float32}, Tuple{Symbol, Symbol}}, LinRange{ClimaCore.Geometry.ZPoint{Float32}, Int64}, Nothing}, @NamedTuple{bottom::Int64, top::Int64}}, ClimaCore.Geometry.CartesianGlobalGeometry, ClimaCore.DataLayouts.VF{ClimaCore.Geometry.LocalGeometry{(3,), ClimaCore.Geometry.ZPoint{Float32}, Float32, ClimaCore.Geometry.Tensor{2, Float32, Tuple{ClimaCore.Geometry.Components{ClimaCore.Geometry.Orthonormal, (1, 2, 3)}, ClimaCore.Geometry.Components{ClimaCore.Geometry.Covariant, (1, 2, 3)}}, StaticArraysCore.SMatrix{3, 3, Float32, 9}}, ClimaCore.Geometry.Tensor{2, Float32, Tuple{ClimaCore.Geometry.Components{ClimaCore.Geometry.Contravariant, (1, 2, 3)}, ClimaCore.Geometry.Components{ClimaCore.Geometry.Contravariant, (1, 2, 3)}}, StaticArraysCore.SMatrix{3, 3, Float32, 9}}}, 90, Matrix{Float32}}, ClimaCore.DataLayouts.VF{ClimaCore.Geometry.LocalGeometry{(3,), ClimaCore.Geometry.ZPoint{Float32}, Float32, ClimaCore.Geometry.Tensor{2, Float32, Tuple{ClimaCore.Geometry.Components{ClimaCore.Geometry.Orthonormal, (1, 2, 3)}, ClimaCore.Geometry.Components{ClimaCore.Geometry.Covariant, (1, 2, 3)}}, StaticArraysCore.SMatrix{3, 3, Float32, 9}}, ClimaCore.Geometry.Tensor{2, Float32, Tuple{ClimaCore.Geometry.Components{ClimaCore.Geometry.Contravariant, (1, 2, 3)}, ClimaCore.Geometry.Components{ClimaCore.Geometry.Contravariant, (1, 2, 3)}}, StaticArraysCore.SMatrix{3, 3, Float32, 9}}}, 91, Matrix{Float32}}}, ClimaCore.Grids.CellCenter}}, ᶜq_tot_nonnegʲs::ClimaCore.Fields.Field{ClimaCore.DataLayouts.VF{Tuple{Float32}, 90, Matrix{Float32}}, ClimaCore.Spaces.FiniteDifferenceSpace{ClimaCore.Grids.FiniteDifferenceGrid{ClimaCore.Topologies.IntervalTopology{ClimaComms.SingletonCommsContext{ClimaComms.CPUSingleThreaded}, ClimaCore.Meshes.IntervalMesh{ClimaCore.Meshes.Uniform, ClimaCore.Domains.IntervalDomain{ClimaCore.Geometry.ZPoint{Float32}, Tuple{Symbol, Symbol}}, LinRange{ClimaCore.Geometry.ZPoint{Float32}, Int64}, Nothing}, @NamedTuple{bottom::Int64, top::Int64}}, ClimaCore.Geometry.CartesianGlobalGeometry, ClimaCore.DataLayouts.VF{ClimaCore.Geometry.LocalGeometry{(3,), ClimaCore.Geometry.ZPoint{Float32}, Float32, ClimaCore.Geometry.Tensor{2, Float32, Tuple{ClimaCore.Geometry.Components{ClimaCore.Geometry.Orthonormal, (1, 2, 3)}, ClimaCore.Geometry.Components{ClimaCore.Geometry.Covariant, (1, 2, 3)}}, StaticArraysCore.SMatrix{3, 3, Float32, 9}}, ClimaCore.Geometry.Tensor{2, Float32, Tuple{ClimaCore.Geometry.Components{ClimaCore.Geometry.Contravariant, (1, 2, 3)}, ClimaCore.Geometry.Components{ClimaCore.Geometry.Contravariant, (1, 2, 3)}}, StaticArraysCore.SMatrix{3, 3, Float32, 9}}}, 90, Matrix{Float32}}, ClimaCore.DataLayouts.VF{ClimaCore.Geometry.LocalGeometry{(3,), ClimaCore.Geometry.ZPoint{Float32}, Float32, ClimaCore.Geometry.Tensor{2, Float32, Tuple{ClimaCore.Geometry.Components{ClimaCore.Geometry.Orthonormal, (1, 2, 3)}, ClimaCore.Geometry.Components{ClimaCore.Geometry.Covariant, (1, 2, 3)}}, StaticArraysCore.SMatrix{3, 3, Float32, 9}}, ClimaCore.Geometry.Tensor{2, Float32, Tuple{ClimaCore.Geometry.Components{ClimaCore.Geometry.Contravariant, (1, 2, 3)}, ClimaCore.Geometry.Components{ClimaCore.Geometry.Contravariant, (1, 2, 3)}}, StaticArraysCore.SMatrix{3, 3, Float32, 9}}}, 91, Matrix{Float32}}}, ClimaCore.Grids.CellCenter}}, ᶜq_liqʲs::ClimaCore.Fields.Field{ClimaCore.DataLayouts.VF{Tuple{Float32}, 90, Matrix{Float32}}, ClimaCore.Spaces.FiniteDifferenceSpace{ClimaCore.Grids.FiniteDifferenceGrid{ClimaCore.Topologies.IntervalTopology{ClimaComms.SingletonCommsContext{ClimaComms.CPUSingleThreaded}, ClimaCore.Meshes.IntervalMesh{ClimaCore.Meshes.Uniform, ClimaCore.Domains.IntervalDomain{ClimaCore.Geometry.ZPoint{Float32}, Tuple{Symbol, Symbol}}, LinRange{ClimaCore.Geometry.ZPoint{Float32}, Int64}, Nothing}, @NamedTuple{bottom::Int64, top::Int64}}, ClimaCore.Geometry.CartesianGlobalGeometry, ClimaCore.DataLayouts.VF{ClimaCore.Geometry.LocalGeometry{(3,), ClimaCore.Geometry.ZPoint{Float32}, Float32, ClimaCore.Geometry.Tensor{2, Float32, Tuple{ClimaCore.Geometry.Components{ClimaCore.Geometry.Orthonormal, (1, 2, 3)}, ClimaCore.Geometry.Components{ClimaCore.Geometry.Covariant, (1, 2, 3)}}, StaticArraysCore.SMatrix{3, 3, Float32, 9}}, ClimaCore.Geometry.Tensor{2, Float32, Tuple{ClimaCore.Geometry.Components{ClimaCore.Geometry.Contravariant, (1, 2, 3)}, ClimaCore.Geometry.Components{ClimaCore.Geometry.Contravariant, (1, 2, 3)}}, StaticArraysCore.SMatrix{3, 3, Float32, 9}}}, 90, Matrix{Float32}}, ClimaCore.DataLayouts.VF{ClimaCore.Geometry.LocalGeometry{(3,), ClimaCore.Geometry.ZPoint{Float32}, Float32, ClimaCore.Geometry.Tensor{2, Float32, Tuple{ClimaCore.Geometry.Components{ClimaCore.Geometry.Orthonormal, (1, 2, 3)}, ClimaCore.Geometry.Components{ClimaCore.Geometry.Covariant, (1, 2, 3)}}, StaticArraysCore.SMatrix{3, 3, Float32, 9}}, ClimaCore.Geometry.Tensor{2, Float32, Tuple{ClimaCore.Geometry.Components{ClimaCore.Geometry.Contravariant, (1, 2, 3)}, ClimaCore.Geometry.Components{ClimaCore.Geometry.Contravariant, (1, 2, 3)}}, StaticArraysCore.SMatrix{3, 3, Float32, 9}}}, 91, Matrix{Float32}}}, ClimaCore.Grids.CellCenter}}, ᶜq_iceʲs::ClimaCore.Fields.Field{ClimaCore.DataLayouts.VF{Tuple{Float32}, 90, Matrix{Float32}}, ClimaCore.Spaces.FiniteDifferenceSpace{ClimaCore.Grids.FiniteDifferenceGrid{ClimaCore.Topologies.IntervalTopology{ClimaComms.SingletonCommsContext{ClimaComms.CPUSingleThreaded}, ClimaCore.Meshes.IntervalMesh{ClimaCore.Meshes.Uniform, ClimaCore.Domains.IntervalDomain{ClimaCore.Geometry.ZPoint{Float32}, Tuple{Symbol, Symbol}}, LinRange{ClimaCore.Geometry.ZPoint{Float32}, Int64}, Nothing}, @NamedTuple{bottom::Int64, top::Int64}}, ClimaCore.Geometry.CartesianGlobalGeometry, ClimaCore.DataLayouts.VF{ClimaCore.Geometry.LocalGeometry{(3,), ClimaCore.Geometry.ZPoint{Float32}, Float32, ClimaCore.Geometry.Tensor{2, Float32, Tuple{ClimaCore.Geometry.Components{ClimaCore.Geometry.Orthonormal, (1, 2, 3)}, ClimaCore.Geometry.Components{ClimaCore.Geometry.Covariant, (1, 2, 3)}}, StaticArraysCore.SMatrix{3, 3, Float32, 9}}, ClimaCore.Geometry.Tensor{2, Float32, Tuple{ClimaCore.Geometry.Components{ClimaCore.Geometry.Contravariant, (1, 2, 3)}, ClimaCore.Geometry.Components{ClimaCore.Geometry.Contravariant, (1, 2, 3)}}, StaticArraysCore.SMatrix{3, 3, Float32, 9}}}, 90, Matrix{Float32}}, ClimaCore.DataLayouts.VF{ClimaCore.Geometry.LocalGeometry{(3,), ClimaCore.Geometry.ZPoint{Float32}, Float32, ClimaCore.Geometry.Tensor{2, Float32, Tuple{ClimaCore.Geometry.Components{ClimaCore.Geometry.Orthonormal, (1, 2, 3)}, ClimaCore.Geometry.Components{ClimaCore.Geometry.Covariant, (1, 2, 3)}}, StaticArraysCore.SMatrix{3, 3, Float32, 9}}, ClimaCore.Geometry.Tensor{2, Float32, Tuple{ClimaCore.Geometry.Components{ClimaCore.Geometry.Contravariant, (1, 2, 3)}, ClimaCore.Geometry.Components{ClimaCore.Geometry.Contravariant, (1, 2, 3)}}, StaticArraysCore.SMatrix{3, 3, Float32, 9}}}, 91, Matrix{Float32}}}, ClimaCore.Grids.CellCenter}}, ᶜρʲs::ClimaCore.Fields.Field{ClimaCore.DataLayouts.VF{Tuple{Float32}, 90, Matrix{Float32}}, ClimaCore.Spaces.FiniteDifferenceSpace{ClimaCore.Grids.FiniteDifferenceGrid{ClimaCore.Topologies.IntervalTopology{ClimaComms.SingletonCommsContext{ClimaComms.CPUSingleThreaded}, ClimaCore.Meshes.IntervalMesh{ClimaCore.Meshes.Uniform, ClimaCore.Domains.IntervalDomain{ClimaCore.Geometry.ZPoint{Float32}, Tuple{Symbol, Symbol}}, LinRange{ClimaCore.Geometry.ZPoint{Float32}, Int64}, Nothing}, @NamedTuple{bottom::Int64, top::Int64}}, ClimaCore.Geometry.CartesianGlobalGeometry, ClimaCore.DataLayouts.VF{ClimaCore.Geometry.LocalGeometry{(3,), ClimaCore.Geometry.ZPoint{Float32}, Float32, ClimaCore.Geometry.Tensor{2, Float32, Tuple{ClimaCore.Geometry.Components{ClimaCore.Geometry.Orthonormal, (1, 2, 3)}, ClimaCore.Geometry.Components{ClimaCore.Geometry.Covariant, (1, 2, 3)}}, StaticArraysCore.SMatrix{3, 3, Float32, 9}}, ClimaCore.Geometry.Tensor{2, Float32, Tuple{ClimaCore.Geometry.Components{ClimaCore.Geometry.Contravariant, (1, 2, 3)}, ClimaCore.Geometry.Components{ClimaCore.Geometry.Contravariant, (1, 2, 3)}}, StaticArraysCore.SMatrix{3, 3, Float32, 9}}}, 90, Matrix{Float32}}, ClimaCore.DataLayouts.VF{ClimaCore.Geometry.LocalGeometry{(3,), ClimaCore.Geometry.ZPoint{Float32}, Float32, ClimaCore.Geometry.Tensor{2, Float32, Tuple{ClimaCore.Geometry.Components{ClimaCore.Geometry.Orthonormal, (1, 2, 3)}, ClimaCore.Geometry.Components{ClimaCore.Geometry.Covariant, (1, 2, 3)}}, StaticArraysCore.SMatrix{3, 3, Float32, 9}}, ClimaCore.Geometry.Tensor{2, Float32, Tuple{ClimaCore.Geometry.Components{ClimaCore.Geometry.Contravariant, (1, 2, 3)}, ClimaCore.Geometry.Components{ClimaCore.Geometry.Contravariant, (1, 2, 3)}}, StaticArraysCore.SMatrix{3, 3, Float32, 9}}}, 91, Matrix{Float32}}}, ClimaCore.Grids.CellCenter}}, surface_rain_flux::ClimaCore.Fields.Field{ClimaCore.DataLayouts.DataF{Float32, Vector{Float32}}, ClimaCore.Spaces.PointSpace{ClimaComms.SingletonCommsContext{ClimaComms.CPUSingleThreaded}, ClimaCore.DataLayouts.DataF{ClimaCore.Geometry.LocalGeometry{(3,), ClimaCore.Geometry.ZPoint{Float32}, Float32, ClimaCore.Geometry.Tensor{2, Float32, Tuple{ClimaCore.Geometry.Components{ClimaCore.Geometry.Orthonormal, (1, 2, 3)}, ClimaCore.Geometry.Components{ClimaCore.Geometry.Covariant, (1, 2, 3)}}, StaticArraysCore.SMatrix{3, 3, Float32, 9}}, ClimaCore.Geometry.Tensor{2, Float32, Tuple{ClimaCore.Geometry.Components{ClimaCore.Geometry.Contravariant, (1, 2, 3)}, ClimaCore.Geometry.Components{ClimaCore.Geometry.Contravariant, (1, 2, 3)}}, StaticArraysCore.SMatrix{3, 3, Float32, 9}}}, SubArray{Float32, 1, Matrix{Float32}, Tuple{Int64, Base.Slice{Base.OneTo{Int64}}}, true}}}}, surface_snow_flux::ClimaCore.Fields.Field{ClimaCore.DataLayouts.DataF{Float32, Vector{Float32}}, ClimaCore.Spaces.PointSpace{ClimaComms.SingletonCommsContext{ClimaComms.CPUSingleThreaded}, ClimaCore.DataLayouts.DataF{ClimaCore.Geometry.LocalGeometry{(3,), ClimaCore.Geometry.ZPoint{Float32}, Float32, ClimaCore.Geometry.Tensor{2, Float32, Tuple{ClimaCore.Geometry.Components{ClimaCore.Geometry.Orthonormal, (1, 2, 3)}, ClimaCore.Geometry.Components{ClimaCore.Geometry.Covariant, (1, 2, 3)}}, StaticArraysCore.SMatrix{3, 3, Float32, 9}}, ClimaCore.Geometry.Tensor{2, Float32, Tuple{ClimaCore.Geometry.Components{ClimaCore.Geometry.Contravariant, (1, 2, 3)}, ClimaCore.Geometry.Components{ClimaCore.Geometry.Contravariant, (1, 2, 3)}}, StaticArraysCore.SMatrix{3, 3, Float32, 9}}}, SubArray{Float32, 1, Matrix{Float32}, Tuple{Int64, Base.Slice{Base.OneTo{Int64}}}, true}}}}, col_integrated_precip_energy_tendency::ClimaCore.Fields.Field{ClimaCore.DataLayouts.DataF{Float32, Vector{Float32}}, ClimaCore.Spaces.PointSpace{ClimaComms.SingletonCommsContext{ClimaComms.CPUSingleThreaded}, ClimaCore.DataLayouts.DataF{ClimaCore.Geometry.LocalGeometry{(3,), ClimaCore.Geometry.ZPoint{Float32}, Float32, ClimaCore.Geometry.Tensor{2, Float32, Tuple{ClimaCore.Geometry.Components{ClimaCore.Geometry.Orthonormal, (1, 2, 3)}, ClimaCore.Geometry.Components{ClimaCore.Geometry.Covariant, (1, 2, 3)}}, StaticArraysCore.SMatrix{3, 3, Float32, 9}}, ClimaCore.Geometry.Tensor{2, Float32, Tuple{ClimaCore.Geometry.Components{ClimaCore.Geometry.Contravariant, (1, 2, 3)}, ClimaCore.Geometry.Components{ClimaCore.Geometry.Contravariant, (1, 2, 3)}}, StaticArraysCore.SMatrix{3, 3, Float32, 9}}}, SubArray{Float32, 1, Matrix{Float32}, Tuple{Int64, Base.Slice{Base.OneTo{Int64}}}, true}}}}, ᶜwₜqₜ::ClimaCore.Fields.Field{ClimaCore.DataLayouts.VF{ClimaCore.Geometry.WVector{Float32}, 90, Matrix{Float32}}, ClimaCore.Spaces.FiniteDifferenceSpace{ClimaCore.Grids.FiniteDifferenceGrid{ClimaCore.Topologies.IntervalTopology{ClimaComms.SingletonCommsContext{ClimaComms.CPUSingleThreaded}, ClimaCore.Meshes.IntervalMesh{ClimaCore.Meshes.Uniform, ClimaCore.Domains.IntervalDomain{ClimaCore.Geometry.ZPoint{Float32}, Tuple{Symbol, Symbol}}, LinRange{ClimaCore.Geometry.ZPoint{Float32}, Int64}, Nothing}, @NamedTuple{bottom::Int64, top::Int64}}, ClimaCore.Geometry.CartesianGlobalGeometry, ClimaCore.DataLayouts.VF{ClimaCore.Geometry.LocalGeometry{(3,), ClimaCore.Geometry.ZPoint{Float32}, Float32, ClimaCore.Geometry.Tensor{2, Float32, Tuple{ClimaCore.Geometry.Components{ClimaCore.Geometry.Orthonormal, (1, 2, 3)}, ClimaCore.Geometry.Components{ClimaCore.Geometry.Covariant, (1, 2, 3)}}, StaticArraysCore.SMatrix{3, 3, Float32, 9}}, ClimaCore.Geometry.Tensor{2, Float32, Tuple{ClimaCore.Geometry.Components{ClimaCore.Geometry.Contravariant, (1, 2, 3)}, ClimaCore.Geometry.Components{ClimaCore.Geometry.Contravariant, (1, 2, 3)}}, StaticArraysCore.SMatrix{3, 3, Float32, 9}}}, 90, Matrix{Float32}}, ClimaCore.DataLayouts.VF{ClimaCore.Geometry.LocalGeometry{(3,), ClimaCore.Geometry.ZPoint{Float32}, Float32, ClimaCore.Geometry.Tensor{2, Float32, Tuple{ClimaCore.Geometry.Components{ClimaCore.Geometry.Orthonormal, (1, 2, 3)}, ClimaCore.Geometry.Components{ClimaCore.Geometry.Covariant, (1, 2, 3)}}, StaticArraysCore.SMatrix{3, 3, Float32, 9}}, ClimaCore.Geometry.Tensor{2, Float32, Tuple{ClimaCore.Geometry.Components{ClimaCore.Geometry.Contravariant, (1, 2, 3)}, ClimaCore.Geometry.Components{ClimaCore.Geometry.Contravariant, (1, 2, 3)}}, StaticArraysCore.SMatrix{3, 3, Float32, 9}}}, 91, Matrix{Float32}}}, ClimaCore.Grids.CellCenter}}, ᶜwₕhₜ::ClimaCore.Fields.Field{ClimaCore.DataLayouts.VF{ClimaCore.Geometry.WVector{Float32}, 90, Matrix{Float32}}, ClimaCore.Spaces.FiniteDifferenceSpace{ClimaCore.Grids.FiniteDifferenceGrid{ClimaCore.Topologies.IntervalTopology{ClimaComms.SingletonCommsContext{ClimaComms.CPUSingleThreaded}, ClimaCore.Meshes.IntervalMesh{ClimaCore.Meshes.Uniform, ClimaCore.Domains.IntervalDomain{ClimaCore.Geometry.ZPoint{Float32}, Tuple{Symbol, Symbol}}, LinRange{ClimaCore.Geometry.ZPoint{Float32}, Int64}, Nothing}, @NamedTuple{bottom::Int64, top::Int64}}, ClimaCore.Geometry.CartesianGlobalGeometry, ClimaCore.DataLayouts.VF{ClimaCore.Geometry.LocalGeometry{(3,), ClimaCore.Geometry.ZPoint{Float32}, Float32, ClimaCore.Geometry.Tensor{2, Float32, Tuple{ClimaCore.Geometry.Components{ClimaCore.Geometry.Orthonormal, (1, 2, 3)}, ClimaCore.Geometry.Components{ClimaCore.Geometry.Covariant, (1, 2, 3)}}, StaticArraysCore.SMatrix{3, 3, Float32, 9}}, ClimaCore.Geometry.Tensor{2, Float32, Tuple{ClimaCore.Geometry.Components{ClimaCore.Geometry.Contravariant, (1, 2, 3)}, ClimaCore.Geometry.Components{ClimaCore.Geometry.Contravariant, (1, 2, 3)}}, StaticArraysCore.SMatrix{3, 3, Float32, 9}}}, 90, Matrix{Float32}}, ClimaCore.DataLayouts.VF{ClimaCore.Geometry.LocalGeometry{(3,), ClimaCore.Geometry.ZPoint{Float32}, Float32, ClimaCore.Geometry.Tensor{2, Float32, Tuple{ClimaCore.Geometry.Components{ClimaCore.Geometry.Orthonormal, (1, 2, 3)}, ClimaCore.Geometry.Components{ClimaCore.Geometry.Covariant, (1, 2, 3)}}, StaticArraysCore.SMatrix{3, 3, Float32, 9}}, ClimaCore.Geometry.Tensor{2, Float32, Tuple{ClimaCore.Geometry.Components{ClimaCore.Geometry.Contravariant, (1, 2, 3)}, ClimaCore.Geometry.Components{ClimaCore.Geometry.Contravariant, (1, 2, 3)}}, StaticArraysCore.SMatrix{3, 3, Float32, 9}}}, 91, Matrix{Float32}}}, ClimaCore.Grids.CellCenter}}, ᶜlinear_buoygrad::ClimaCore.Fields.Field{ClimaCore.DataLayouts.VF{Float32, 90, Matrix{Float32}}, ClimaCore.Spaces.FiniteDifferenceSpace{ClimaCore.Grids.FiniteDifferenceGrid{ClimaCore.Topologies.IntervalTopology{ClimaComms.SingletonCommsContext{ClimaComms.CPUSingleThreaded}, ClimaCore.Meshes.IntervalMesh{ClimaCore.Meshes.Uniform, ClimaCore.Domains.IntervalDomain{ClimaCore.Geometry.ZPoint{Float32}, Tuple{Symbol, Symbol}}, LinRange{ClimaCore.Geometry.ZPoint{Float32}, Int64}, Nothing}, @NamedTuple{bottom::Int64, top::Int64}}, ClimaCore.Geometry.CartesianGlobalGeometry, ClimaCore.DataLayouts.VF{ClimaCore.Geometry.LocalGeometry{(3,), ClimaCore.Geometry.ZPoint{Float32}, Float32, ClimaCore.Geometry.Tensor{2, Float32, Tuple{ClimaCore.Geometry.Components{ClimaCore.Geometry.Orthonormal, (1, 2, 3)}, ClimaCore.Geometry.Components{ClimaCore.Geometry.Covariant, (1, 2, 3)}}, StaticArraysCore.SMatrix{3, 3, Float32, 9}}, ClimaCore.Geometry.Tensor{2, Float32, Tuple{ClimaCore.Geometry.Components{ClimaCore.Geometry.Contravariant, (1, 2, 3)}, ClimaCore.Geometry.Components{ClimaCore.Geometry.Contravariant, (1, 2, 3)}}, StaticArraysCore.SMatrix{3, 3, Float32, 9}}}, 90, Matrix{Float32}}, ClimaCore.DataLayouts.VF{ClimaCore.Geometry.LocalGeometry{(3,), ClimaCore.Geometry.ZPoint{Float32}, Float32, ClimaCore.Geometry.Tensor{2, Float32, Tuple{ClimaCore.Geometry.Components{ClimaCore.Geometry.Orthonormal, (1, 2, 3)}, ClimaCore.Geometry.Components{ClimaCore.Geometry.Covariant, (1, 2, 3)}}, StaticArraysCore.SMatrix{3, 3, Float32, 9}}, ClimaCore.Geometry.Tensor{2, Float32, Tuple{ClimaCore.Geometry.Components{ClimaCore.Geometry.Contravariant, (1, 2, 3)}, ClimaCore.Geometry.Components{ClimaCore.Geometry.Contravariant, (1, 2, 3)}}, StaticArraysCore.SMatrix{3, 3, Float32, 9}}}, 91, Matrix{Float32}}}, ClimaCore.Grids.CellCenter}}, ᶜstrain_rate_norm::ClimaCore.Fields.Field{ClimaCore.DataLayouts.VF{Float32, 90, Matrix{Float32}}, ClimaCore.Spaces.FiniteDifferenceSpace{ClimaCore.Grids.FiniteDifferenceGrid{ClimaCore.Topologies.IntervalTopology{ClimaComms.SingletonCommsContext{ClimaComms.CPUSingleThreaded}, ClimaCore.Meshes.IntervalMesh{ClimaCore.Meshes.Uniform, ClimaCore.Domains.IntervalDomain{ClimaCore.Geometry.ZPoint{Float32}, Tuple{Symbol, Symbol}}, LinRange{ClimaCore.Geometry.ZPoint{Float32}, Int64}, Nothing}, @NamedTuple{bottom::Int64, top::Int64}}, ClimaCore.Geometry.CartesianGlobalGeometry, ClimaCore.DataLayouts.VF{ClimaCore.Geometry.LocalGeometry{(3,), ClimaCore.Geometry.ZPoint{Float32}, Float32, ClimaCore.Geometry.Tensor{2, Float32, Tuple{ClimaCore.Geometry.Components{ClimaCore.Geometry.Orthonormal, (1, 2, 3)}, ClimaCore.Geometry.Components{ClimaCore.Geometry.Covariant, (1, 2, 3)}}, StaticArraysCore.SMatrix{3, 3, Float32, 9}}, ClimaCore.Geometry.Tensor{2, Float32, Tuple{ClimaCore.Geometry.Components{ClimaCore.Geometry.Contravariant, (1, 2, 3)}, ClimaCore.Geometry.Components{ClimaCore.Geometry.Contravariant, (1, 2, 3)}}, StaticArraysCore.SMatrix{3, 3, Float32, 9}}}, 90, Matrix{Float32}}, ClimaCore.DataLayouts.VF{ClimaCore.Geometry.LocalGeometry{(3,), ClimaCore.Geometry.ZPoint{Float32}, Float32, ClimaCore.Geometry.Tensor{2, Float32, Tuple{ClimaCore.Geometry.Components{ClimaCore.Geometry.Orthonormal, (1, 2, 3)}, ClimaCore.Geometry.Components{ClimaCore.Geometry.Covariant, (1, 2, 3)}}, StaticArraysCore.SMatrix{3, 3, Float32, 9}}, ClimaCore.Geometry.Tensor{2, Float32, Tuple{ClimaCore.Geometry.Components{ClimaCore.Geometry.Contravariant, (1, 2, 3)}, ClimaCore.Geometry.Components{ClimaCore.Geometry.Contravariant, (1, 2, 3)}}, StaticArraysCore.SMatrix{3, 3, Float32, 9}}}, 91, Matrix{Float32}}}, ClimaCore.Grids.CellCenter}}, sfc_conditions::ClimaCore.Fields.Field{ClimaCore.DataLayouts.DataF{@NamedTuple{T_sfc::Float32, q_vap_sfc::Float32, ustar::Float32, obukhov_length::Float32, buoyancy_flux::Float32, ρ_flux_uₕ::ClimaCore.Geometry.Tensor{2, Float32, Tuple{ClimaCore.Geometry.Components{ClimaCore.Geometry.Covariant, (3,)}, ClimaCore.Geometry.Components{ClimaCore.Geometry.Covariant, (1, 2)}}, StaticArraysCore.SMatrix{1, 2, Float32, 2}}, ρ_flux_h_tot::ClimaCore.Geometry.Covariant3Vector{Float32}, ρ_flux_q_tot::ClimaCore.Geometry.Covariant3Vector{Float32}}, Vector{Float32}}, ClimaCore.Spaces.PointSpace{ClimaComms.SingletonCommsContext{ClimaComms.CPUSingleThreaded}, ClimaCore.DataLayouts.DataF{ClimaCore.Geometry.LocalGeometry{(3,), ClimaCore.Geometry.ZPoint{Float32}, Float32, ClimaCore.Geometry.Tensor{2, Float32, Tuple{ClimaCore.Geometry.Components{ClimaCore.Geometry.Orthonormal, (1, 2, 3)}, ClimaCore.Geometry.Components{ClimaCore.Geometry.Covariant, (1, 2, 3)}}, StaticArraysCore.SMatrix{3, 3, Float32, 9}}, ClimaCore.Geometry.Tensor{2, Float32, Tuple{ClimaCore.Geometry.Components{ClimaCore.Geometry.Contravariant, (1, 2, 3)}, ClimaCore.Geometry.Components{ClimaCore.Geometry.Contravariant, (1, 2, 3)}}, StaticArraysCore.SMatrix{3, 3, Float32, 9}}}, SubArray{Float32, 1, Matrix{Float32}, Tuple{Int64, Base.Slice{Base.OneTo{Int64}}}, true}}}}, ᶜgradᵥ_q_tot::ClimaCore.Fields.Field{ClimaCore.DataLayouts.VF{ClimaCore.Geometry.Covariant3Vector{Float32}, 90, Matrix{Float32}}, ClimaCore.Spaces.FiniteDifferenceSpace{ClimaCore.Grids.FiniteDifferenceGrid{ClimaCore.Topologies.IntervalTopology{ClimaComms.SingletonCommsContext{ClimaComms.CPUSingleThreaded}, ClimaCore.Meshes.IntervalMesh{ClimaCore.Meshes.Uniform, ClimaCore.Domains.IntervalDomain{ClimaCore.Geometry.ZPoint{Float32}, Tuple{Symbol, Symbol}}, LinRange{ClimaCore.Geometry.ZPoint{Float32}, Int64}, Nothing}, @NamedTuple{bottom::Int64, top::Int64}}, ClimaCore.Geometry.CartesianGlobalGeometry, ClimaCore.DataLayouts.VF{ClimaCore.Geometry.LocalGeometry{(3,), ClimaCore.Geometry.ZPoint{Float32}, Float32, ClimaCore.Geometry.Tensor{2, Float32, Tuple{ClimaCore.Geometry.Components{ClimaCore.Geometry.Orthonormal, (1, 2, 3)}, ClimaCore.Geometry.Components{ClimaCore.Geometry.Covariant, (1, 2, 3)}}, StaticArraysCore.SMatrix{3, 3, Float32, 9}}, ClimaCore.Geometry.Tensor{2, Float32, Tuple{ClimaCore.Geometry.Components{ClimaCore.Geometry.Contravariant, (1, 2, 3)}, ClimaCore.Geometry.Components{ClimaCore.Geometry.Contravariant, (1, 2, 3)}}, StaticArraysCore.SMatrix{3, 3, Float32, 9}}}, 90, Matrix{Float32}}, ClimaCore.DataLayouts.VF{ClimaCore.Geometry.LocalGeometry{(3,), ClimaCore.Geometry.ZPoint{Float32}, Float32, ClimaCore.Geometry.Tensor{2, Float32, Tuple{ClimaCore.Geometry.Components{ClimaCore.Geometry.Orthonormal, (1, 2, 3)}, ClimaCore.Geometry.Components{ClimaCore.Geometry.Covariant, (1, 2, 3)}}, StaticArraysCore.SMatrix{3, 3, Float32, 9}}, ClimaCore.Geometry.Tensor{2, Float32, Tuple{ClimaCore.Geometry.Components{ClimaCore.Geometry.Contravariant, (1, 2, 3)}, ClimaCore.Geometry.Components{ClimaCore.Geometry.Contravariant, (1, 2, 3)}}, StaticArraysCore.SMatrix{3, 3, Float32, 9}}}, 91, Matrix{Float32}}}, ClimaCore.Grids.CellCenter}}, ᶜgradᵥ_θ_liq_ice::ClimaCore.Fields.Field{ClimaCore.DataLayouts.VF{ClimaCore.Geometry.Covariant3Vector{Float32}, 90, Matrix{Float32}}, ClimaCore.Spaces.FiniteDifferenceSpace{ClimaCore.Grids.FiniteDifferenceGrid{ClimaCore.Topologies.IntervalTopology{ClimaComms.SingletonCommsContext{ClimaComms.CPUSingleThreaded}, ClimaCore.Meshes.IntervalMesh{ClimaCore.Meshes.Uniform, ClimaCore.Domains.IntervalDomain{ClimaCore.Geometry.ZPoint{Float32}, Tuple{Symbol, Symbol}}, LinRange{ClimaCore.Geometry.ZPoint{Float32}, Int64}, Nothing}, @NamedTuple{bottom::Int64, top::Int64}}, ClimaCore.Geometry.CartesianGlobalGeometry, ClimaCore.DataLayouts.VF{ClimaCore.Geometry.LocalGeometry{(3,), ClimaCore.Geometry.ZPoint{Float32}, Float32, ClimaCore.Geometry.Tensor{2, Float32, Tuple{ClimaCore.Geometry.Components{ClimaCore.Geometry.Orthonormal, (1, 2, 3)}, ClimaCore.Geometry.Components{ClimaCore.Geometry.Covariant, (1, 2, 3)}}, StaticArraysCore.SMatrix{3, 3, Float32, 9}}, ClimaCore.Geometry.Tensor{2, Float32, Tuple{ClimaCore.Geometry.Components{ClimaCore.Geometry.Contravariant, (1, 2, 3)}, ClimaCore.Geometry.Components{ClimaCore.Geometry.Contravariant, (1, 2, 3)}}, StaticArraysCore.SMatrix{3, 3, Float32, 9}}}, 90, Matrix{Float32}}, ClimaCore.DataLayouts.VF{ClimaCore.Geometry.LocalGeometry{(3,), ClimaCore.Geometry.ZPoint{Float32}, Float32, ClimaCore.Geometry.Tensor{2, Float32, Tuple{ClimaCore.Geometry.Components{ClimaCore.Geometry.Orthonormal, (1, 2, 3)}, ClimaCore.Geometry.Components{ClimaCore.Geometry.Covariant, (1, 2, 3)}}, StaticArraysCore.SMatrix{3, 3, Float32, 9}}, ClimaCore.Geometry.Tensor{2, Float32, Tuple{ClimaCore.Geometry.Components{ClimaCore.Geometry.Contravariant, (1, 2, 3)}, ClimaCore.Geometry.Components{ClimaCore.Geometry.Contravariant, (1, 2, 3)}}, StaticArraysCore.SMatrix{3, 3, Float32, 9}}}, 91, Matrix{Float32}}}, ClimaCore.Grids.CellCenter}}, ρtke_flux::ClimaCore.Fields.Field{ClimaCore.DataLayouts.DataF{ClimaCore.Geometry.Covariant3Vector{Float32}, Vector{Float32}}, ClimaCore.Spaces.PointSpace{ClimaComms.SingletonCommsContext{ClimaComms.CPUSingleThreaded}, ClimaCore.DataLayouts.DataF{ClimaCore.Geometry.LocalGeometry{(3,), ClimaCore.Geometry.ZPoint{Float32}, Float32, ClimaCore.Geometry.Tensor{2, Float32, Tuple{ClimaCore.Geometry.Components{ClimaCore.Geometry.Orthonormal, (1, 2, 3)}, ClimaCore.Geometry.Components{ClimaCore.Geometry.Covariant, (1, 2, 3)}}, StaticArraysCore.SMatrix{3, 3, Float32, 9}}, ClimaCore.Geometry.Tensor{2, Float32, Tuple{ClimaCore.Geometry.Components{ClimaCore.Geometry.Contravariant, (1, 2, 3)}, ClimaCore.Geometry.Components{ClimaCore.Geometry.Contravariant, (1, 2, 3)}}, StaticArraysCore.SMatrix{3, 3, Float32, 9}}}, SubArray{Float32, 1, Matrix{Float32}, Tuple{Int64, Base.Slice{Base.OneTo{Int64}}}, true}}}}, ᶜentr_vel_scaleʲs::ClimaCore.Fields.Field{ClimaCore.DataLayouts.VF{Tuple{Float32}, 90, Matrix{Float32}}, ClimaCore.Spaces.FiniteDifferenceSpace{ClimaCore.Grids.FiniteDifferenceGrid{ClimaCore.Topologies.IntervalTopology{ClimaComms.SingletonCommsContext{ClimaComms.CPUSingleThreaded}, ClimaCore.Meshes.IntervalMesh{ClimaCore.Meshes.Uniform, ClimaCore.Domains.IntervalDomain{ClimaCore.Geometry.ZPoint{Float32}, Tuple{Symbol, Symbol}}, LinRange{ClimaCore.Geometry.ZPoint{Float32}, Int64}, Nothing}, @NamedTuple{bottom::Int64, top::Int64}}, ClimaCore.Geometry.CartesianGlobalGeometry, ClimaCore.DataLayouts.VF{ClimaCore.Geometry.LocalGeometry{(3,), ClimaCore.Geometry.ZPoint{Float32}, Float32, ClimaCore.Geometry.Tensor{2, Float32, Tuple{ClimaCore.Geometry.Components{ClimaCore.Geometry.Orthonormal, (1, 2, 3)}, ClimaCore.Geometry.Components{ClimaCore.Geometry.Covariant, (1, 2, 3)}}, StaticArraysCore.SMatrix{3, 3, Float32, 9}}, ClimaCore.Geometry.Tensor{2, Float32, Tuple{ClimaCore.Geometry.Components{ClimaCore.Geometry.Contravariant, (1, 2, 3)}, ClimaCore.Geometry.Components{ClimaCore.Geometry.Contravariant, (1, 2, 3)}}, StaticArraysCore.SMatrix{3, 3, Float32, 9}}}, 90, Matrix{Float32}}, ClimaCore.DataLayouts.VF{ClimaCore.Geometry.LocalGeometry{(3,), ClimaCore.Geometry.ZPoint{Float32}, Float32, ClimaCore.Geometry.Tensor{2, Float32, Tuple{ClimaCore.Geometry.Components{ClimaCore.Geometry.Orthonormal, (1, 2, 3)}, ClimaCore.Geometry.Components{ClimaCore.Geometry.Covariant, (1, 2, 3)}}, StaticArraysCore.SMatrix{3, 3, Float32, 9}}, ClimaCore.Geometry.Tensor{2, Float32, Tuple{ClimaCore.Geometry.Components{ClimaCore.Geometry.Contravariant, (1, 2, 3)}, ClimaCore.Geometry.Components{ClimaCore.Geometry.Contravariant, (1, 2, 3)}}, StaticArraysCore.SMatrix{3, 3, Float32, 9}}}, 91, Matrix{Float32}}}, ClimaCore.Grids.CellCenter}}, ᶜturb_entrʲs::ClimaCore.Fields.Field{ClimaCore.DataLayouts.VF{Tuple{Float32}, 90, Matrix{Float32}}, ClimaCore.Spaces.FiniteDifferenceSpace{ClimaCore.Grids.FiniteDifferenceGrid{ClimaCore.Topologies.IntervalTopology{ClimaComms.SingletonCommsContext{ClimaComms.CPUSingleThreaded}, ClimaCore.Meshes.IntervalMesh{ClimaCore.Meshes.Uniform, ClimaCore.Domains.IntervalDomain{ClimaCore.Geometry.ZPoint{Float32}, Tuple{Symbol, Symbol}}, LinRange{ClimaCore.Geometry.ZPoint{Float32}, Int64}, Nothing}, @NamedTuple{bottom::Int64, top::Int64}}, ClimaCore.Geometry.CartesianGlobalGeometry, ClimaCore.DataLayouts.VF{ClimaCore.Geometry.LocalGeometry{(3,), ClimaCore.Geometry.ZPoint{Float32}, Float32, ClimaCore.Geometry.Tensor{2, Float32, Tuple{ClimaCore.Geometry.Components{ClimaCore.Geometry.Orthonormal, (1, 2, 3)}, ClimaCore.Geometry.Components{ClimaCore.Geometry.Covariant, (1, 2, 3)}}, StaticArraysCore.SMatrix{3, 3, Float32, 9}}, ClimaCore.Geometry.Tensor{2, Float32, Tuple{ClimaCore.Geometry.Components{ClimaCore.Geometry.Contravariant, (1, 2, 3)}, ClimaCore.Geometry.Components{ClimaCore.Geometry.Contravariant, (1, 2, 3)}}, StaticArraysCore.SMatrix{3, 3, Float32, 9}}}, 90, Matrix{Float32}}, ClimaCore.DataLayouts.VF{ClimaCore.Geometry.LocalGeometry{(3,), ClimaCore.Geometry.ZPoint{Float32}, Float32, ClimaCore.Geometry.Tensor{2, Float32, Tuple{ClimaCore.Geometry.Components{ClimaCore.Geometry.Orthonormal, (1, 2, 3)}, ClimaCore.Geometry.Components{ClimaCore.Geometry.Covariant, (1, 2, 3)}}, StaticArraysCore.SMatrix{3, 3, Float32, 9}}, ClimaCore.Geometry.Tensor{2, Float32, Tuple{ClimaCore.Geometry.Components{ClimaCore.Geometry.Contravariant, (1, 2, 3)}, ClimaCore.Geometry.Components{ClimaCore.Geometry.Contravariant, (1, 2, 3)}}, StaticArraysCore.SMatrix{3, 3, Float32, 9}}}, 91, Matrix{Float32}}}, ClimaCore.Grids.CellCenter}}, ᶜarea_bounding_entr_detrʲs::ClimaCore.Fields.Field{ClimaCore.DataLayouts.VF{Tuple{Float32}, 90, Matrix{Float32}}, ClimaCore.Spaces.FiniteDifferenceSpace{ClimaCore.Grids.FiniteDifferenceGrid{ClimaCore.Topologies.IntervalTopology{ClimaComms.SingletonCommsContext{ClimaComms.CPUSingleThreaded}, ClimaCore.Meshes.IntervalMesh{ClimaCore.Meshes.Uniform, ClimaCore.Domains.IntervalDomain{ClimaCore.Geometry.ZPoint{Float32}, Tuple{Symbol, Symbol}}, LinRange{ClimaCore.Geometry.ZPoint{Float32}, Int64}, Nothing}, @NamedTuple{bottom::Int64, top::Int64}}, ClimaCore.Geometry.CartesianGlobalGeometry, ClimaCore.DataLayouts.VF{ClimaCore.Geometry.LocalGeometry{(3,), ClimaCore.Geometry.ZPoint{Float32}, Float32, ClimaCore.Geometry.Tensor{2, Float32, Tuple{ClimaCore.Geometry.Components{ClimaCore.Geometry.Orthonormal, (1, 2, 3)}, ClimaCore.Geometry.Components{ClimaCore.Geometry.Covariant, (1, 2, 3)}}, StaticArraysCore.SMatrix{3, 3, Float32, 9}}, ClimaCore.Geometry.Tensor{2, Float32, Tuple{ClimaCore.Geometry.Components{ClimaCore.Geometry.Contravariant, (1, 2, 3)}, ClimaCore.Geometry.Components{ClimaCore.Geometry.Contravariant, (1, 2, 3)}}, StaticArraysCore.SMatrix{3, 3, Float32, 9}}}, 90, Matrix{Float32}}, ClimaCore.DataLayouts.VF{ClimaCore.Geometry.LocalGeometry{(3,), ClimaCore.Geometry.ZPoint{Float32}, Float32, ClimaCore.Geometry.Tensor{2, Float32, Tuple{ClimaCore.Geometry.Components{ClimaCore.Geometry.Orthonormal, (1, 2, 3)}, ClimaCore.Geometry.Components{ClimaCore.Geometry.Covariant, (1, 2, 3)}}, StaticArraysCore.SMatrix{3, 3, Float32, 9}}, ClimaCore.Geometry.Tensor{2, Float32, Tuple{ClimaCore.Geometry.Components{ClimaCore.Geometry.Contravariant, (1, 2, 3)}, ClimaCore.Geometry.Components{ClimaCore.Geometry.Contravariant, (1, 2, 3)}}, StaticArraysCore.SMatrix{3, 3, Float32, 9}}}, 91, Matrix{Float32}}}, ClimaCore.Grids.CellCenter}}, ᶜρ_diffʲs::ClimaCore.Fields.Field{ClimaCore.DataLayouts.VF{Tuple{Float32}, 90, Matrix{Float32}}, ClimaCore.Spaces.FiniteDifferenceSpace{ClimaCore.Grids.FiniteDifferenceGrid{ClimaCore.Topologies.IntervalTopology{ClimaComms.SingletonCommsContext{ClimaComms.CPUSingleThreaded}, ClimaCore.Meshes.IntervalMesh{ClimaCore.Meshes.Uniform, ClimaCore.Domains.IntervalDomain{ClimaCore.Geometry.ZPoint{Float32}, Tuple{Symbol, Symbol}}, LinRange{ClimaCore.Geometry.ZPoint{Float32}, Int64}, Nothing}, @NamedTuple{bottom::Int64, top::Int64}}, ClimaCore.Geometry.CartesianGlobalGeometry, ClimaCore.DataLayouts.VF{ClimaCore.Geometry.LocalGeometry{(3,), ClimaCore.Geometry.ZPoint{Float32}, Float32, ClimaCore.Geometry.Tensor{2, Float32, Tuple{ClimaCore.Geometry.Components{ClimaCore.Geometry.Orthonormal, (1, 2, 3)}, ClimaCore.Geometry.Components{ClimaCore.Geometry.Covariant, (1, 2, 3)}}, StaticArraysCore.SMatrix{3, 3, Float32, 9}}, ClimaCore.Geometry.Tensor{2, Float32, Tuple{ClimaCore.Geometry.Components{ClimaCore.Geometry.Contravariant, (1, 2, 3)}, ClimaCore.Geometry.Components{ClimaCore.Geometry.Contravariant, (1, 2, 3)}}, StaticArraysCore.SMatrix{3, 3, Float32, 9}}}, 90, Matrix{Float32}}, ClimaCore.DataLayouts.VF{ClimaCore.Geometry.LocalGeometry{(3,), ClimaCore.Geometry.ZPoint{Float32}, Float32, ClimaCore.Geometry.Tensor{2, Float32, Tuple{ClimaCore.Geometry.Components{ClimaCore.Geometry.Orthonormal, (1, 2, 3)}, ClimaCore.Geometry.Components{ClimaCore.Geometry.Covariant, (1, 2, 3)}}, StaticArraysCore.SMatrix{3, 3, Float32, 9}}, ClimaCore.Geometry.Tensor{2, Float32, Tuple{ClimaCore.Geometry.Components{ClimaCore.Geometry.Contravariant, (1, 2, 3)}, ClimaCore.Geometry.Components{ClimaCore.Geometry.Contravariant, (1, 2, 3)}}, StaticArraysCore.SMatrix{3, 3, Float32, 9}}}, 91, Matrix{Float32}}}, ClimaCore.Grids.CellCenter}}, ᶠu₃_tendencyʲs::ClimaCore.Fields.Field{ClimaCore.DataLayouts.VF{Tuple{ClimaCore.Geometry.Covariant3Vector{Float32}}, 91, Matrix{Float32}}, ClimaCore.Spaces.FiniteDifferenceSpace{ClimaCore.Grids.FiniteDifferenceGrid{ClimaCore.Topologies.IntervalTopology{ClimaComms.SingletonCommsContext{ClimaComms.CPUSingleThreaded}, ClimaCore.Meshes.IntervalMesh{ClimaCore.Meshes.Uniform, ClimaCore.Domains.IntervalDomain{ClimaCore.Geometry.ZPoint{Float32}, Tuple{Symbol, Symbol}}, LinRange{ClimaCore.Geometry.ZPoint{Float32}, Int64}, Nothing}, @NamedTuple{bottom::Int64, top::Int64}}, ClimaCore.Geometry.CartesianGlobalGeometry, ClimaCore.DataLayouts.VF{ClimaCore.Geometry.LocalGeometry{(3,), ClimaCore.Geometry.ZPoint{Float32}, Float32, ClimaCore.Geometry.Tensor{2, Float32, Tuple{ClimaCore.Geometry.Components{ClimaCore.Geometry.Orthonormal, (1, 2, 3)}, ClimaCore.Geometry.Components{ClimaCore.Geometry.Covariant, (1, 2, 3)}}, StaticArraysCore.SMatrix{3, 3, Float32, 9}}, ClimaCore.Geometry.Tensor{2, Float32, Tuple{ClimaCore.Geometry.Components{ClimaCore.Geometry.Contravariant, (1, 2, 3)}, ClimaCore.Geometry.Components{ClimaCore.Geometry.Contravariant, (1, 2, 3)}}, StaticArraysCore.SMatrix{3, 3, Float32, 9}}}, 90, Matrix{Float32}}, ClimaCore.DataLayouts.VF{ClimaCore.Geometry.LocalGeometry{(3,), ClimaCore.Geometry.ZPoint{Float32}, Float32, ClimaCore.Geometry.Tensor{2, Float32, Tuple{ClimaCore.Geometry.Components{ClimaCore.Geometry.Orthonormal, (1, 2, 3)}, ClimaCore.Geometry.Components{ClimaCore.Geometry.Covariant, (1, 2, 3)}}, StaticArraysCore.SMatrix{3, 3, Float32, 9}}, ClimaCore.Geometry.Tensor{2, Float32, Tuple{ClimaCore.Geometry.Components{ClimaCore.Geometry.Contravariant, (1, 2, 3)}, ClimaCore.Geometry.Components{ClimaCore.Geometry.Contravariant, (1, 2, 3)}}, StaticArraysCore.SMatrix{3, 3, Float32, 9}}}, 91, Matrix{Float32}}}, ClimaCore.Grids.CellFace}}, ᶜρa_tendencyʲs::ClimaCore.Fields.Field{ClimaCore.DataLayouts.VF{Tuple{Float32}, 90, Matrix{Float32}}, ClimaCore.Spaces.FiniteDifferenceSpace{ClimaCore.Grids.FiniteDifferenceGrid{ClimaCore.Topologies.IntervalTopology{ClimaComms.SingletonCommsContext{ClimaComms.CPUSingleThreaded}, ClimaCore.Meshes.IntervalMesh{ClimaCore.Meshes.Uniform, ClimaCore.Domains.IntervalDomain{ClimaCore.Geometry.ZPoint{Float32}, Tuple{Symbol, Symbol}}, LinRange{ClimaCore.Geometry.ZPoint{Float32}, Int64}, Nothing}, @NamedTuple{bottom::Int64, top::Int64}}, ClimaCore.Geometry.CartesianGlobalGeometry, ClimaCore.DataLayouts.VF{ClimaCore.Geometry.LocalGeometry{(3,), ClimaCore.Geometry.ZPoint{Float32}, Float32, ClimaCore.Geometry.Tensor{2, Float32, Tuple{ClimaCore.Geometry.Components{ClimaCore.Geometry.Orthonormal, (1, 2, 3)}, ClimaCore.Geometry.Components{ClimaCore.Geometry.Covariant, (1, 2, 3)}}, StaticArraysCore.SMatrix{3, 3, Float32, 9}}, ClimaCore.Geometry.Tensor{2, Float32, Tuple{ClimaCore.Geometry.Components{ClimaCore.Geometry.Contravariant, (1, 2, 3)}, ClimaCore.Geometry.Components{ClimaCore.Geometry.Contravariant, (1, 2, 3)}}, StaticArraysCore.SMatrix{3, 3, Float32, 9}}}, 90, Matrix{Float32}}, ClimaCore.DataLayouts.VF{ClimaCore.Geometry.LocalGeometry{(3,), ClimaCore.Geometry.ZPoint{Float32}, Float32, ClimaCore.Geometry.Tensor{2, Float32, Tuple{ClimaCore.Geometry.Components{ClimaCore.Geometry.Orthonormal, (1, 2, 3)}, ClimaCore.Geometry.Components{ClimaCore.Geometry.Covariant, (1, 2, 3)}}, StaticArraysCore.SMatrix{3, 3, Float32, 9}}, ClimaCore.Geometry.Tensor{2, Float32, Tuple{ClimaCore.Geometry.Components{ClimaCore.Geometry.Contravariant, (1, 2, 3)}, ClimaCore.Geometry.Components{ClimaCore.Geometry.Contravariant, (1, 2, 3)}}, StaticArraysCore.SMatrix{3, 3, Float32, 9}}}, 91, Matrix{Float32}}}, ClimaCore.Grids.CellCenter}}, sfc_mass_flux_sourceʲs::ClimaCore.Fields.Field{ClimaCore.DataLayouts.DataF{Tuple{Float32}, Vector{Float32}}, ClimaCore.Spaces.PointSpace{ClimaComms.SingletonCommsContext{ClimaComms.CPUSingleThreaded}, ClimaCore.DataLayouts.DataF{ClimaCore.Geometry.LocalGeometry{(3,), ClimaCore.Geometry.ZPoint{Float32}, Float32, ClimaCore.Geometry.Tensor{2, Float32, Tuple{ClimaCore.Geometry.Components{ClimaCore.Geometry.Orthonormal, (1, 2, 3)}, ClimaCore.Geometry.Components{ClimaCore.Geometry.Covariant, (1, 2, 3)}}, StaticArraysCore.SMatrix{3, 3, Float32, 9}}, ClimaCore.Geometry.Tensor{2, Float32, Tuple{ClimaCore.Geometry.Components{ClimaCore.Geometry.Contravariant, (1, 2, 3)}, ClimaCore.Geometry.Components{ClimaCore.Geometry.Contravariant, (1, 2, 3)}}, StaticArraysCore.SMatrix{3, 3, Float32, 9}}}, SubArray{Float32, 1, Matrix{Float32}, Tuple{Int64, Base.Slice{Base.OneTo{Int64}}}, true}}}}, sfc_mse_buoyantʲs::ClimaCore.Fields.Field{ClimaCore.DataLayouts.DataF{Tuple{Float32}, Vector{Float32}}, ClimaCore.Spaces.PointSpace{ClimaComms.SingletonCommsContext{ClimaComms.CPUSingleThreaded}, ClimaCore.DataLayouts.DataF{ClimaCore.Geometry.LocalGeometry{(3,), ClimaCore.Geometry.ZPoint{Float32}, Float32, ClimaCore.Geometry.Tensor{2, Float32, Tuple{ClimaCore.Geometry.Components{ClimaCore.Geometry.Orthonormal, (1, 2, 3)}, ClimaCore.Geometry.Components{ClimaCore.Geometry.Covariant, (1, 2, 3)}}, StaticArraysCore.SMatrix{3, 3, Float32, 9}}, ClimaCore.Geometry.Tensor{2, Float32, Tuple{ClimaCore.Geometry.Components{ClimaCore.Geometry.Contravariant, (1, 2, 3)}, ClimaCore.Geometry.Components{ClimaCore.Geometry.Contravariant, (1, 2, 3)}}, StaticArraysCore.SMatrix{3, 3, Float32, 9}}}, SubArray{Float32, 1, Matrix{Float32}, Tuple{Int64, Base.Slice{Base.OneTo{Int64}}}, true}}}}, sfc_q_tot_buoyantʲs::ClimaCore.Fields.Field{ClimaCore.DataLayouts.DataF{Tuple{Float32}, Vector{Float32}}, ClimaCore.Spaces.PointSpace{ClimaComms.SingletonCommsContext{ClimaComms.CPUSingleThreaded}, ClimaCore.DataLayouts.DataF{ClimaCore.Geometry.LocalGeometry{(3,), ClimaCore.Geometry.ZPoint{Float32}, Float32, ClimaCore.Geometry.Tensor{2, Float32, Tuple{ClimaCore.Geometry.Components{ClimaCore.Geometry.Orthonormal, (1, 2, 3)}, ClimaCore.Geometry.Components{ClimaCore.Geometry.Covariant, (1, 2, 3)}}, StaticArraysCore.SMatrix{3, 3, Float32, 9}}, ClimaCore.Geometry.Tensor{2, Float32, Tuple{ClimaCore.Geometry.Components{ClimaCore.Geometry.Contravariant, (1, 2, 3)}, ClimaCore.Geometry.Components{ClimaCore.Geometry.Contravariant, (1, 2, 3)}}, StaticArraysCore.SMatrix{3, 3, Float32, 9}}}, SubArray{Float32, 1, Matrix{Float32}, Tuple{Int64, Base.Slice{Base.OneTo{Int64}}}, true}}}}, ᶜmp_tendencyʲs::ClimaCore.Fields.Field{ClimaCore.DataLayouts.VF{Tuple{@NamedTuple{dq_lcl_dt::Float32, dn_lcl_dt::Float32, dq_rai_dt::Float32, dn_rai_dt::Float32, dq_ice_dt::Float32, dq_rim_dt::Float32, db_rim_dt::Float32}}, 90, Matrix{Float32}}, ClimaCore.Spaces.FiniteDifferenceSpace{ClimaCore.Grids.FiniteDifferenceGrid{ClimaCore.Topologies.IntervalTopology{ClimaComms.SingletonCommsContext{ClimaComms.CPUSingleThreaded}, ClimaCore.Meshes.IntervalMesh{ClimaCore.Meshes.Uniform, ClimaCore.Domains.IntervalDomain{ClimaCore.Geometry.ZPoint{Float32}, Tuple{Symbol, Symbol}}, LinRange{ClimaCore.Geometry.ZPoint{Float32}, Int64}, Nothing}, @NamedTuple{bottom::Int64, top::Int64}}, ClimaCore.Geometry.CartesianGlobalGeometry, ClimaCore.DataLayouts.VF{ClimaCore.Geometry.LocalGeometry{(3,), ClimaCore.Geometry.ZPoint{Float32}, Float32, ClimaCore.Geometry.Tensor{2, Float32, Tuple{ClimaCore.Geometry.Components{ClimaCore.Geometry.Orthonormal, (1, 2, 3)}, ClimaCore.Geometry.Components{ClimaCore.Geometry.Covariant, (1, 2, 3)}}, StaticArraysCore.SMatrix{3, 3, Float32, 9}}, ClimaCore.Geometry.Tensor{2, Float32, Tuple{ClimaCore.Geometry.Components{ClimaCore.Geometry.Contravariant, (1, 2, 3)}, ClimaCore.Geometry.Components{ClimaCore.Geometry.Contravariant, (1, 2, 3)}}, StaticArraysCore.SMatrix{3, 3, Float32, 9}}}, 90, Matrix{Float32}}, ClimaCore.DataLayouts.VF{ClimaCore.Geometry.LocalGeometry{(3,), ClimaCore.Geometry.ZPoint{Float32}, Float32, ClimaCore.Geometry.Tensor{2, Float32, Tuple{ClimaCore.Geometry.Components{ClimaCore.Geometry.Orthonormal, (1, 2, 3)}, ClimaCore.Geometry.Components{ClimaCore.Geometry.Covariant, (1, 2, 3)}}, StaticArraysCore.SMatrix{3, 3, Float32, 9}}, ClimaCore.Geometry.Tensor{2, Float32, Tuple{ClimaCore.Geometry.Components{ClimaCore.Geometry.Contravariant, (1, 2, 3)}, ClimaCore.Geometry.Components{ClimaCore.Geometry.Contravariant, (1, 2, 3)}}, StaticArraysCore.SMatrix{3, 3, Float32, 9}}}, 91, Matrix{Float32}}}, ClimaCore.Grids.CellCenter}}, ᶜwₗʲs::ClimaCore.Fields.Field{ClimaCore.DataLayouts.VF{Tuple{Float32}, 90, Matrix{Float32}}, ClimaCore.Spaces.FiniteDifferenceSpace{ClimaCore.Grids.FiniteDifferenceGrid{ClimaCore.Topologies.IntervalTopology{ClimaComms.SingletonCommsContext{ClimaComms.CPUSingleThreaded}, ClimaCore.Meshes.IntervalMesh{ClimaCore.Meshes.Uniform, ClimaCore.Domains.IntervalDomain{ClimaCore.Geometry.ZPoint{Float32}, Tuple{Symbol, Symbol}}, LinRange{ClimaCore.Geometry.ZPoint{Float32}, Int64}, Nothing}, @NamedTuple{bottom::Int64, top::Int64}}, ClimaCore.Geometry.CartesianGlobalGeometry, ClimaCore.DataLayouts.VF{ClimaCore.Geometry.LocalGeometry{(3,), ClimaCore.Geometry.ZPoint{Float32}, Float32, ClimaCore.Geometry.Tensor{2, Float32, Tuple{ClimaCore.Geometry.Components{ClimaCore.Geometry.Orthonormal, (1, 2, 3)}, ClimaCore.Geometry.Components{ClimaCore.Geometry.Covariant, (1, 2, 3)}}, StaticArraysCore.SMatrix{3, 3, Float32, 9}}, ClimaCore.Geometry.Tensor{2, Float32, Tuple{ClimaCore.Geometry.Components{ClimaCore.Geometry.Contravariant, (1, 2, 3)}, ClimaCore.Geometry.Components{ClimaCore.Geometry.Contravariant, (1, 2, 3)}}, StaticArraysCore.SMatrix{3, 3, Float32, 9}}}, 90, Matrix{Float32}}, ClimaCore.DataLayouts.VF{ClimaCore.Geometry.LocalGeometry{(3,), ClimaCore.Geometry.ZPoint{Float32}, Float32, ClimaCore.Geometry.Tensor{2, Float32, Tuple{ClimaCore.Geometry.Components{ClimaCore.Geometry.Orthonormal, (1, 2, 3)}, ClimaCore.Geometry.Components{ClimaCore.Geometry.Covariant, (1, 2, 3)}}, StaticArraysCore.SMatrix{3, 3, Float32, 9}}, ClimaCore.Geometry.Tensor{2, Float32, Tuple{ClimaCore.Geometry.Components{ClimaCore.Geometry.Contravariant, (1, 2, 3)}, ClimaCore.Geometry.Components{ClimaCore.Geometry.Contravariant, (1, 2, 3)}}, StaticArraysCore.SMatrix{3, 3, Float32, 9}}}, 91, Matrix{Float32}}}, ClimaCore.Grids.CellCenter}}, ᶜwᵢʲs::ClimaCore.Fields.Field{ClimaCore.DataLayouts.VF{Tuple{Float32}, 90, Matrix{Float32}}, ClimaCore.Spaces.FiniteDifferenceSpace{ClimaCore.Grids.FiniteDifferenceGrid{ClimaCore.Topologies.IntervalTopology{ClimaComms.SingletonCommsContext{ClimaComms.CPUSingleThreaded}, ClimaCore.Meshes.IntervalMesh{ClimaCore.Meshes.Uniform, ClimaCore.Domains.IntervalDomain{ClimaCore.Geometry.ZPoint{Float32}, Tuple{Symbol, Symbol}}, LinRange{ClimaCore.Geometry.ZPoint{Float32}, Int64}, Nothing}, @NamedTuple{bottom::Int64, top::Int64}}, ClimaCore.Geometry.CartesianGlobalGeometry, ClimaCore.DataLayouts.VF{ClimaCore.Geometry.LocalGeometry{(3,), ClimaCore.Geometry.ZPoint{Float32}, Float32, ClimaCore.Geometry.Tensor{2, Float32, Tuple{ClimaCore.Geometry.Components{ClimaCore.Geometry.Orthonormal, (1, 2, 3)}, ClimaCore.Geometry.Components{ClimaCore.Geometry.Covariant, (1, 2, 3)}}, StaticArraysCore.SMatrix{3, 3, Float32, 9}}, ClimaCore.Geometry.Tensor{2, Float32, Tuple{ClimaCore.Geometry.Components{ClimaCore.Geometry.Contravariant, (1, 2, 3)}, ClimaCore.Geometry.Components{ClimaCore.Geometry.Contravariant, (1, 2, 3)}}, StaticArraysCore.SMatrix{3, 3, Float32, 9}}}, 90, Matrix{Float32}}, ClimaCore.DataLayouts.VF{ClimaCore.Geometry.LocalGeometry{(3,), ClimaCore.Geometry.ZPoint{Float32}, Float32, ClimaCore.Geometry.Tensor{2, Float32, Tuple{ClimaCore.Geometry.Components{ClimaCore.Geometry.Orthonormal, (1, 2, 3)}, ClimaCore.Geometry.Components{ClimaCore.Geometry.Covariant, (1, 2, 3)}}, StaticArraysCore.SMatrix{3, 3, Float32, 9}}, ClimaCore.Geometry.Tensor{2, Float32, Tuple{ClimaCore.Geometry.Components{ClimaCore.Geometry.Contravariant, (1, 2, 3)}, ClimaCore.Geometry.Components{ClimaCore.Geometry.Contravariant, (1, 2, 3)}}, StaticArraysCore.SMatrix{3, 3, Float32, 9}}}, 91, Matrix{Float32}}}, ClimaCore.Grids.CellCenter}}, ᶜwᵣʲs::ClimaCore.Fields.Field{ClimaCore.DataLayouts.VF{Tuple{Float32}, 90, Matrix{Float32}}, ClimaCore.Spaces.FiniteDifferenceSpace{ClimaCore.Grids.FiniteDifferenceGrid{ClimaCore.Topologies.IntervalTopology{ClimaComms.SingletonCommsContext{ClimaComms.CPUSingleThreaded}, ClimaCore.Meshes.IntervalMesh{ClimaCore.Meshes.Uniform, ClimaCore.Domains.IntervalDomain{ClimaCore.Geometry.ZPoint{Float32}, Tuple{Symbol, Symbol}}, LinRange{ClimaCore.Geometry.ZPoint{Float32}, Int64}, Nothing}, @NamedTuple{bottom::Int64, top::Int64}}, ClimaCore.Geometry.CartesianGlobalGeometry, ClimaCore.DataLayouts.VF{ClimaCore.Geometry.LocalGeometry{(3,), ClimaCore.Geometry.ZPoint{Float32}, Float32, ClimaCore.Geometry.Tensor{2, Float32, Tuple{ClimaCore.Geometry.Components{ClimaCore.Geometry.Orthonormal, (1, 2, 3)}, ClimaCore.Geometry.Components{ClimaCore.Geometry.Covariant, (1, 2, 3)}}, StaticArraysCore.SMatrix{3, 3, Float32, 9}}, ClimaCore.Geometry.Tensor{2, Float32, Tuple{ClimaCore.Geometry.Components{ClimaCore.Geometry.Contravariant, (1, 2, 3)}, ClimaCore.Geometry.Components{ClimaCore.Geometry.Contravariant, (1, 2, 3)}}, StaticArraysCore.SMatrix{3, 3, Float32, 9}}}, 90, Matrix{Float32}}, ClimaCore.DataLayouts.VF{ClimaCore.Geometry.LocalGeometry{(3,), ClimaCore.Geometry.ZPoint{Float32}, Float32, ClimaCore.Geometry.Tensor{2, Float32, Tuple{ClimaCore.Geometry.Components{ClimaCore.Geometry.Orthonormal, (1, 2, 3)}, ClimaCore.Geometry.Components{ClimaCore.Geometry.Covariant, (1, 2, 3)}}, StaticArraysCore.SMatrix{3, 3, Float32, 9}}, ClimaCore.Geometry.Tensor{2, Float32, Tuple{ClimaCore.Geometry.Components{ClimaCore.Geometry.Contravariant, (1, 2, 3)}, ClimaCore.Geometry.Components{ClimaCore.Geometry.Contravariant, (1, 2, 3)}}, StaticArraysCore.SMatrix{3, 3, Float32, 9}}}, 91, Matrix{Float32}}}, ClimaCore.Grids.CellCenter}}, ᶜwₛʲs::ClimaCore.Fields.Field{ClimaCore.DataLayouts.VF{Tuple{Float32}, 90, Matrix{Float32}}, ClimaCore.Spaces.FiniteDifferenceSpace{ClimaCore.Grids.FiniteDifferenceGrid{ClimaCore.Topologies.IntervalTopology{ClimaComms.SingletonCommsContext{ClimaComms.CPUSingleThreaded}, ClimaCore.Meshes.IntervalMesh{ClimaCore.Meshes.Uniform, ClimaCore.Domains.IntervalDomain{ClimaCore.Geometry.ZPoint{Float32}, Tuple{Symbol, Symbol}}, LinRange{ClimaCore.Geometry.ZPoint{Float32}, Int64}, Nothing}, @NamedTuple{bottom::Int64, top::Int64}}, ClimaCore.Geometry.CartesianGlobalGeometry, ClimaCore.DataLayouts.VF{ClimaCore.Geometry.LocalGeometry{(3,), ClimaCore.Geometry.ZPoint{Float32}, Float32, ClimaCore.Geometry.Tensor{2, Float32, Tuple{ClimaCore.Geometry.Components{ClimaCore.Geometry.Orthonormal, (1, 2, 3)}, ClimaCore.Geometry.Components{ClimaCore.Geometry.Covariant, (1, 2, 3)}}, StaticArraysCore.SMatrix{3, 3, Float32, 9}}, ClimaCore.Geometry.Tensor{2, Float32, Tuple{ClimaCore.Geometry.Components{ClimaCore.Geometry.Contravariant, (1, 2, 3)}, ClimaCore.Geometry.Components{ClimaCore.Geometry.Contravariant, (1, 2, 3)}}, StaticArraysCore.SMatrix{3, 3, Float32, 9}}}, 90, Matrix{Float32}}, ClimaCore.DataLayouts.VF{ClimaCore.Geometry.LocalGeometry{(3,), ClimaCore.Geometry.ZPoint{Float32}, Float32, ClimaCore.Geometry.Tensor{2, Float32, Tuple{ClimaCore.Geometry.Components{ClimaCore.Geometry.Orthonormal, (1, 2, 3)}, ClimaCore.Geometry.Components{ClimaCore.Geometry.Covariant, (1, 2, 3)}}, StaticArraysCore.SMatrix{3, 3, Float32, 9}}, ClimaCore.Geometry.Tensor{2, Float32, Tuple{ClimaCore.Geometry.Components{ClimaCore.Geometry.Contravariant, (1, 2, 3)}, ClimaCore.Geometry.Components{ClimaCore.Geometry.Contravariant, (1, 2, 3)}}, StaticArraysCore.SMatrix{3, 3, Float32, 9}}}, 91, Matrix{Float32}}}, ClimaCore.Grids.CellCenter}}, ᶜwₙₗʲs::ClimaCore.Fields.Field{ClimaCore.DataLayouts.VF{Tuple{Float32}, 90, Matrix{Float32}}, ClimaCore.Spaces.FiniteDifferenceSpace{ClimaCore.Grids.FiniteDifferenceGrid{ClimaCore.Topologies.IntervalTopology{ClimaComms.SingletonCommsContext{ClimaComms.CPUSingleThreaded}, ClimaCore.Meshes.IntervalMesh{ClimaCore.Meshes.Uniform, ClimaCore.Domains.IntervalDomain{ClimaCore.Geometry.ZPoint{Float32}, Tuple{Symbol, Symbol}}, LinRange{ClimaCore.Geometry.ZPoint{Float32}, Int64}, Nothing}, @NamedTuple{bottom::Int64, top::Int64}}, ClimaCore.Geometry.CartesianGlobalGeometry, ClimaCore.DataLayouts.VF{ClimaCore.Geometry.LocalGeometry{(3,), ClimaCore.Geometry.ZPoint{Float32}, Float32, ClimaCore.Geometry.Tensor{2, Float32, Tuple{ClimaCore.Geometry.Components{ClimaCore.Geometry.Orthonormal, (1, 2, 3)}, ClimaCore.Geometry.Components{ClimaCore.Geometry.Covariant, (1, 2, 3)}}, StaticArraysCore.SMatrix{3, 3, Float32, 9}}, ClimaCore.Geometry.Tensor{2, Float32, Tuple{ClimaCore.Geometry.Components{ClimaCore.Geometry.Contravariant, (1, 2, 3)}, ClimaCore.Geometry.Components{ClimaCore.Geometry.Contravariant, (1, 2, 3)}}, StaticArraysCore.SMatrix{3, 3, Float32, 9}}}, 90, Matrix{Float32}}, ClimaCore.DataLayouts.VF{ClimaCore.Geometry.LocalGeometry{(3,), ClimaCore.Geometry.ZPoint{Float32}, Float32, ClimaCore.Geometry.Tensor{2, Float32, Tuple{ClimaCore.Geometry.Components{ClimaCore.Geometry.Orthonormal, (1, 2, 3)}, ClimaCore.Geometry.Components{ClimaCore.Geometry.Covariant, (1, 2, 3)}}, StaticArraysCore.SMatrix{3, 3, Float32, 9}}, ClimaCore.Geometry.Tensor{2, Float32, Tuple{ClimaCore.Geometry.Components{ClimaCore.Geometry.Contravariant, (1, 2, 3)}, ClimaCore.Geometry.Components{ClimaCore.Geometry.Contravariant, (1, 2, 3)}}, StaticArraysCore.SMatrix{3, 3, Float32, 9}}}, 91, Matrix{Float32}}}, ClimaCore.Grids.CellCenter}}, ᶜwₙᵣʲs::ClimaCore.Fields.Field{ClimaCore.DataLayouts.VF{Tuple{Float32}, 90, Matrix{Float32}}, ClimaCore.Spaces.FiniteDifferenceSpace{ClimaCore.Grids.FiniteDifferenceGrid{ClimaCore.Topologies.IntervalTopology{ClimaComms.SingletonCommsContext{ClimaComms.CPUSingleThreaded}, ClimaCore.Meshes.IntervalMesh{ClimaCore.Meshes.Uniform, ClimaCore.Domains.IntervalDomain{ClimaCore.Geometry.ZPoint{Float32}, Tuple{Symbol, Symbol}}, LinRange{ClimaCore.Geometry.ZPoint{Float32}, Int64}, Nothing}, @NamedTuple{bottom::Int64, top::Int64}}, ClimaCore.Geometry.CartesianGlobalGeometry, ClimaCore.DataLayouts.VF{ClimaCore.Geometry.LocalGeometry{(3,), ClimaCore.Geometry.ZPoint{Float32}, Float32, ClimaCore.Geometry.Tensor{2, Float32, Tuple{ClimaCore.Geometry.Components{ClimaCore.Geometry.Orthonormal, (1, 2, 3)}, ClimaCore.Geometry.Components{ClimaCore.Geometry.Covariant, (1, 2, 3)}}, StaticArraysCore.SMatrix{3, 3, Float32, 9}}, ClimaCore.Geometry.Tensor{2, Float32, Tuple{ClimaCore.Geometry.Components{ClimaCore.Geometry.Contravariant, (1, 2, 3)}, ClimaCore.Geometry.Components{ClimaCore.Geometry.Contravariant, (1, 2, 3)}}, StaticArraysCore.SMatrix{3, 3, Float32, 9}}}, 90, Matrix{Float32}}, ClimaCore.DataLayouts.VF{ClimaCore.Geometry.LocalGeometry{(3,), ClimaCore.Geometry.ZPoint{Float32}, Float32, ClimaCore.Geometry.Tensor{2, Float32, Tuple{ClimaCore.Geometry.Components{ClimaCore.Geometry.Orthonormal, (1, 2, 3)}, ClimaCore.Geometry.Components{ClimaCore.Geometry.Covariant, (1, 2, 3)}}, StaticArraysCore.SMatrix{3, 3, Float32, 9}}, ClimaCore.Geometry.Tensor{2, Float32, Tuple{ClimaCore.Geometry.Components{ClimaCore.Geometry.Contravariant, (1, 2, 3)}, ClimaCore.Geometry.Components{ClimaCore.Geometry.Contravariant, (1, 2, 3)}}, StaticArraysCore.SMatrix{3, 3, Float32, 9}}}, 91, Matrix{Float32}}}, ClimaCore.Grids.CellCenter}}, ᶜmp_tendency⁰::ClimaCore.Fields.Field{ClimaCore.DataLayouts.VF{@NamedTuple{dq_lcl_dt::Float32, dn_lcl_dt::Float32, dq_rai_dt::Float32, dn_rai_dt::Float32, dq_ice_dt::Float32, dq_rim_dt::Float32, db_rim_dt::Float32}, 90, Matrix{Float32}}, ClimaCore.Spaces.FiniteDifferenceSpace{ClimaCore.Grids.FiniteDifferenceGrid{ClimaCore.Topologies.IntervalTopology{ClimaComms.SingletonCommsContext{ClimaComms.CPUSingleThreaded}, ClimaCore.Meshes.IntervalMesh{ClimaCore.Meshes.Uniform, ClimaCore.Domains.IntervalDomain{ClimaCore.Geometry.ZPoint{Float32}, Tuple{Symbol, Symbol}}, LinRange{ClimaCore.Geometry.ZPoint{Float32}, Int64}, Nothing}, @NamedTuple{bottom::Int64, top::Int64}}, ClimaCore.Geometry.CartesianGlobalGeometry, ClimaCore.DataLayouts.VF{ClimaCore.Geometry.LocalGeometry{(3,), ClimaCore.Geometry.ZPoint{Float32}, Float32, ClimaCore.Geometry.Tensor{2, Float32, Tuple{ClimaCore.Geometry.Components{ClimaCore.Geometry.Orthonormal, (1, 2, 3)}, ClimaCore.Geometry.Components{ClimaCore.Geometry.Covariant, (1, 2, 3)}}, StaticArraysCore.SMatrix{3, 3, Float32, 9}}, ClimaCore.Geometry.Tensor{2, Float32, Tuple{ClimaCore.Geometry.Components{ClimaCore.Geometry.Contravariant, (1, 2, 3)}, ClimaCore.Geometry.Components{ClimaCore.Geometry.Contravariant, (1, 2, 3)}}, StaticArraysCore.SMatrix{3, 3, Float32, 9}}}, 90, Matrix{Float32}}, ClimaCore.DataLayouts.VF{ClimaCore.Geometry.LocalGeometry{(3,), ClimaCore.Geometry.ZPoint{Float32}, Float32, ClimaCore.Geometry.Tensor{2, Float32, Tuple{ClimaCore.Geometry.Components{ClimaCore.Geometry.Orthonormal, (1, 2, 3)}, ClimaCore.Geometry.Components{ClimaCore.Geometry.Covariant, (1, 2, 3)}}, StaticArraysCore.SMatrix{3, 3, Float32, 9}}, ClimaCore.Geometry.Tensor{2, Float32, Tuple{ClimaCore.Geometry.Components{ClimaCore.Geometry.Contravariant, (1, 2, 3)}, ClimaCore.Geometry.Components{ClimaCore.Geometry.Contravariant, (1, 2, 3)}}, StaticArraysCore.SMatrix{3, 3, Float32, 9}}}, 91, Matrix{Float32}}}, ClimaCore.Grids.CellCenter}}, ᶜwₗ::ClimaCore.Fields.Field{ClimaCore.DataLayouts.VF{Float32, 90, Matrix{Float32}}, ClimaCore.Spaces.FiniteDifferenceSpace{ClimaCore.Grids.FiniteDifferenceGrid{ClimaCore.Topologies.IntervalTopology{ClimaComms.SingletonCommsContext{ClimaComms.CPUSingleThreaded}, ClimaCore.Meshes.IntervalMesh{ClimaCore.Meshes.Uniform, ClimaCore.Domains.IntervalDomain{ClimaCore.Geometry.ZPoint{Float32}, Tuple{Symbol, Symbol}}, LinRange{ClimaCore.Geometry.ZPoint{Float32}, Int64}, Nothing}, @NamedTuple{bottom::Int64, top::Int64}}, ClimaCore.Geometry.CartesianGlobalGeometry, ClimaCore.DataLayouts.VF{ClimaCore.Geometry.LocalGeometry{(3,), ClimaCore.Geometry.ZPoint{Float32}, Float32, ClimaCore.Geometry.Tensor{2, Float32, Tuple{ClimaCore.Geometry.Components{ClimaCore.Geometry.Orthonormal, (1, 2, 3)}, ClimaCore.Geometry.Components{ClimaCore.Geometry.Covariant, (1, 2, 3)}}, StaticArraysCore.SMatrix{3, 3, Float32, 9}}, ClimaCore.Geometry.Tensor{2, Float32, Tuple{ClimaCore.Geometry.Components{ClimaCore.Geometry.Contravariant, (1, 2, 3)}, ClimaCore.Geometry.Components{ClimaCore.Geometry.Contravariant, (1, 2, 3)}}, StaticArraysCore.SMatrix{3, 3, Float32, 9}}}, 90, Matrix{Float32}}, ClimaCore.DataLayouts.VF{ClimaCore.Geometry.LocalGeometry{(3,), ClimaCore.Geometry.ZPoint{Float32}, Float32, ClimaCore.Geometry.Tensor{2, Float32, Tuple{ClimaCore.Geometry.Components{ClimaCore.Geometry.Orthonormal, (1, 2, 3)}, ClimaCore.Geometry.Components{ClimaCore.Geometry.Covariant, (1, 2, 3)}}, StaticArraysCore.SMatrix{3, 3, Float32, 9}}, ClimaCore.Geometry.Tensor{2, Float32, Tuple{ClimaCore.Geometry.Components{ClimaCore.Geometry.Contravariant, (1, 2, 3)}, ClimaCore.Geometry.Components{ClimaCore.Geometry.Contravariant, (1, 2, 3)}}, StaticArraysCore.SMatrix{3, 3, Float32, 9}}}, 91, Matrix{Float32}}}, ClimaCore.Grids.CellCenter}}, ᶜwᵢ::ClimaCore.Fields.Field{ClimaCore.DataLayouts.VF{Float32, 90, Matrix{Float32}}, ClimaCore.Spaces.FiniteDifferenceSpace{ClimaCore.Grids.FiniteDifferenceGrid{ClimaCore.Topologies.IntervalTopology{ClimaComms.SingletonCommsContext{ClimaComms.CPUSingleThreaded}, ClimaCore.Meshes.IntervalMesh{ClimaCore.Meshes.Uniform, ClimaCore.Domains.IntervalDomain{ClimaCore.Geometry.ZPoint{Float32}, Tuple{Symbol, Symbol}}, LinRange{ClimaCore.Geometry.ZPoint{Float32}, Int64}, Nothing}, @NamedTuple{bottom::Int64, top::Int64}}, ClimaCore.Geometry.CartesianGlobalGeometry, ClimaCore.DataLayouts.VF{ClimaCore.Geometry.LocalGeometry{(3,), ClimaCore.Geometry.ZPoint{Float32}, Float32, ClimaCore.Geometry.Tensor{2, Float32, Tuple{ClimaCore.Geometry.Components{ClimaCore.Geometry.Orthonormal, (1, 2, 3)}, ClimaCore.Geometry.Components{ClimaCore.Geometry.Covariant, (1, 2, 3)}}, StaticArraysCore.SMatrix{3, 3, Float32, 9}}, ClimaCore.Geometry.Tensor{2, Float32, Tuple{ClimaCore.Geometry.Components{ClimaCore.Geometry.Contravariant, (1, 2, 3)}, ClimaCore.Geometry.Components{ClimaCore.Geometry.Contravariant, (1, 2, 3)}}, StaticArraysCore.SMatrix{3, 3, Float32, 9}}}, 90, Matrix{Float32}}, ClimaCore.DataLayouts.VF{ClimaCore.Geometry.LocalGeometry{(3,), ClimaCore.Geometry.ZPoint{Float32}, Float32, ClimaCore.Geometry.Tensor{2, Float32, Tuple{ClimaCore.Geometry.Components{ClimaCore.Geometry.Orthonormal, (1, 2, 3)}, ClimaCore.Geometry.Components{ClimaCore.Geometry.Covariant, (1, 2, 3)}}, StaticArraysCore.SMatrix{3, 3, Float32, 9}}, ClimaCore.Geometry.Tensor{2, Float32, Tuple{ClimaCore.Geometry.Components{ClimaCore.Geometry.Contravariant, (1, 2, 3)}, ClimaCore.Geometry.Components{ClimaCore.Geometry.Contravariant, (1, 2, 3)}}, StaticArraysCore.SMatrix{3, 3, Float32, 9}}}, 91, Matrix{Float32}}}, ClimaCore.Grids.CellCenter}}, ᶜwᵣ::ClimaCore.Fields.Field{ClimaCore.DataLayouts.VF{Float32, 90, Matrix{Float32}}, ClimaCore.Spaces.FiniteDifferenceSpace{ClimaCore.Grids.FiniteDifferenceGrid{ClimaCore.Topologies.IntervalTopology{ClimaComms.SingletonCommsContext{ClimaComms.CPUSingleThreaded}, ClimaCore.Meshes.IntervalMesh{ClimaCore.Meshes.Uniform, ClimaCore.Domains.IntervalDomain{ClimaCore.Geometry.ZPoint{Float32}, Tuple{Symbol, Symbol}}, LinRange{ClimaCore.Geometry.ZPoint{Float32}, Int64}, Nothing}, @NamedTuple{bottom::Int64, top::Int64}}, ClimaCore.Geometry.CartesianGlobalGeometry, ClimaCore.DataLayouts.VF{ClimaCore.Geometry.LocalGeometry{(3,), ClimaCore.Geometry.ZPoint{Float32}, Float32, ClimaCore.Geometry.Tensor{2, Float32, Tuple{ClimaCore.Geometry.Components{ClimaCore.Geometry.Orthonormal, (1, 2, 3)}, ClimaCore.Geometry.Components{ClimaCore.Geometry.Covariant, (1, 2, 3)}}, StaticArraysCore.SMatrix{3, 3, Float32, 9}}, ClimaCore.Geometry.Tensor{2, Float32, Tuple{ClimaCore.Geometry.Components{ClimaCore.Geometry.Contravariant, (1, 2, 3)}, ClimaCore.Geometry.Components{ClimaCore.Geometry.Contravariant, (1, 2, 3)}}, StaticArraysCore.SMatrix{3, 3, Float32, 9}}}, 90, Matrix{Float32}}, ClimaCore.DataLayouts.VF{ClimaCore.Geometry.LocalGeometry{(3,), ClimaCore.Geometry.ZPoint{Float32}, Float32, ClimaCore.Geometry.Tensor{2, Float32, Tuple{ClimaCore.Geometry.Components{ClimaCore.Geometry.Orthonormal, (1, 2, 3)}, ClimaCore.Geometry.Components{ClimaCore.Geometry.Covariant, (1, 2, 3)}}, StaticArraysCore.SMatrix{3, 3, Float32, 9}}, ClimaCore.Geometry.Tensor{2, Float32, Tuple{ClimaCore.Geometry.Components{ClimaCore.Geometry.Contravariant, (1, 2, 3)}, ClimaCore.Geometry.Components{ClimaCore.Geometry.Contravariant, (1, 2, 3)}}, StaticArraysCore.SMatrix{3, 3, Float32, 9}}}, 91, Matrix{Float32}}}, ClimaCore.Grids.CellCenter}}, ᶜwₛ::ClimaCore.Fields.Field{ClimaCore.DataLayouts.VF{Float32, 90, Matrix{Float32}}, ClimaCore.Spaces.FiniteDifferenceSpace{ClimaCore.Grids.FiniteDifferenceGrid{ClimaCore.Topologies.IntervalTopology{ClimaComms.SingletonCommsContext{ClimaComms.CPUSingleThreaded}, ClimaCore.Meshes.IntervalMesh{ClimaCore.Meshes.Uniform, ClimaCore.Domains.IntervalDomain{ClimaCore.Geometry.ZPoint{Float32}, Tuple{Symbol, Symbol}}, LinRange{ClimaCore.Geometry.ZPoint{Float32}, Int64}, Nothing}, @NamedTuple{bottom::Int64, top::Int64}}, ClimaCore.Geometry.CartesianGlobalGeometry, ClimaCore.DataLayouts.VF{ClimaCore.Geometry.LocalGeometry{(3,), ClimaCore.Geometry.ZPoint{Float32}, Float32, ClimaCore.Geometry.Tensor{2, Float32, Tuple{ClimaCore.Geometry.Components{ClimaCore.Geometry.Orthonormal, (1, 2, 3)}, ClimaCore.Geometry.Components{ClimaCore.Geometry.Covariant, (1, 2, 3)}}, StaticArraysCore.SMatrix{3, 3, Float32, 9}}, ClimaCore.Geometry.Tensor{2, Float32, Tuple{ClimaCore.Geometry.Components{ClimaCore.Geometry.Contravariant, (1, 2, 3)}, ClimaCore.Geometry.Components{ClimaCore.Geometry.Contravariant, (1, 2, 3)}}, StaticArraysCore.SMatrix{3, 3, Float32, 9}}}, 90, Matrix{Float32}}, ClimaCore.DataLayouts.VF{ClimaCore.Geometry.LocalGeometry{(3,), ClimaCore.Geometry.ZPoint{Float32}, Float32, ClimaCore.Geometry.Tensor{2, Float32, Tuple{ClimaCore.Geometry.Components{ClimaCore.Geometry.Orthonormal, (1, 2, 3)}, ClimaCore.Geometry.Components{ClimaCore.Geometry.Covariant, (1, 2, 3)}}, StaticArraysCore.SMatrix{3, 3, Float32, 9}}, ClimaCore.Geometry.Tensor{2, Float32, Tuple{ClimaCore.Geometry.Components{ClimaCore.Geometry.Contravariant, (1, 2, 3)}, ClimaCore.Geometry.Components{ClimaCore.Geometry.Contravariant, (1, 2, 3)}}, StaticArraysCore.SMatrix{3, 3, Float32, 9}}}, 91, Matrix{Float32}}}, ClimaCore.Grids.CellCenter}}, ᶜwₙₗ::ClimaCore.Fields.Field{ClimaCore.DataLayouts.VF{Float32, 90, Matrix{Float32}}, ClimaCore.Spaces.FiniteDifferenceSpace{ClimaCore.Grids.FiniteDifferenceGrid{ClimaCore.Topologies.IntervalTopology{ClimaComms.SingletonCommsContext{ClimaComms.CPUSingleThreaded}, ClimaCore.Meshes.IntervalMesh{ClimaCore.Meshes.Uniform, ClimaCore.Domains.IntervalDomain{ClimaCore.Geometry.ZPoint{Float32}, Tuple{Symbol, Symbol}}, LinRange{ClimaCore.Geometry.ZPoint{Float32}, Int64}, Nothing}, @NamedTuple{bottom::Int64, top::Int64}}, ClimaCore.Geometry.CartesianGlobalGeometry, ClimaCore.DataLayouts.VF{ClimaCore.Geometry.LocalGeometry{(3,), ClimaCore.Geometry.ZPoint{Float32}, Float32, ClimaCore.Geometry.Tensor{2, Float32, Tuple{ClimaCore.Geometry.Components{ClimaCore.Geometry.Orthonormal, (1, 2, 3)}, ClimaCore.Geometry.Components{ClimaCore.Geometry.Covariant, (1, 2, 3)}}, StaticArraysCore.SMatrix{3, 3, Float32, 9}}, ClimaCore.Geometry.Tensor{2, Float32, Tuple{ClimaCore.Geometry.Components{ClimaCore.Geometry.Contravariant, (1, 2, 3)}, ClimaCore.Geometry.Components{ClimaCore.Geometry.Contravariant, (1, 2, 3)}}, StaticArraysCore.SMatrix{3, 3, Float32, 9}}}, 90, Matrix{Float32}}, ClimaCore.DataLayouts.VF{ClimaCore.Geometry.LocalGeometry{(3,), ClimaCore.Geometry.ZPoint{Float32}, Float32, ClimaCore.Geometry.Tensor{2, Float32, Tuple{ClimaCore.Geometry.Components{ClimaCore.Geometry.Orthonormal, (1, 2, 3)}, ClimaCore.Geometry.Components{ClimaCore.Geometry.Covariant, (1, 2, 3)}}, StaticArraysCore.SMatrix{3, 3, Float32, 9}}, ClimaCore.Geometry.Tensor{2, Float32, Tuple{ClimaCore.Geometry.Components{ClimaCore.Geometry.Contravariant, (1, 2, 3)}, ClimaCore.Geometry.Components{ClimaCore.Geometry.Contravariant, (1, 2, 3)}}, StaticArraysCore.SMatrix{3, 3, Float32, 9}}}, 91, Matrix{Float32}}}, ClimaCore.Grids.CellCenter}}, ᶜwₙᵣ::ClimaCore.Fields.Field{ClimaCore.DataLayouts.VF{Float32, 90, Matrix{Float32}}, ClimaCore.Spaces.FiniteDifferenceSpace{ClimaCore.Grids.FiniteDifferenceGrid{ClimaCore.Topologies.IntervalTopology{ClimaComms.SingletonCommsContext{ClimaComms.CPUSingleThreaded}, ClimaCore.Meshes.IntervalMesh{ClimaCore.Meshes.Uniform, ClimaCore.Domains.IntervalDomain{ClimaCore.Geometry.ZPoint{Float32}, Tuple{Symbol, Symbol}}, LinRange{ClimaCore.Geometry.ZPoint{Float32}, Int64}, Nothing}, @NamedTuple{bottom::Int64, top::Int64}}, ClimaCore.Geometry.CartesianGlobalGeometry, ClimaCore.DataLayouts.VF{ClimaCore.Geometry.LocalGeometry{(3,), ClimaCore.Geometry.ZPoint{Float32}, Float32, ClimaCore.Geometry.Tensor{2, Float32, Tuple{ClimaCore.Geometry.Components{ClimaCore.Geometry.Orthonormal, (1, 2, 3)}, ClimaCore.Geometry.Components{ClimaCore.Geometry.Covariant, (1, 2, 3)}}, StaticArraysCore.SMatrix{3, 3, Float32, 9}}, ClimaCore.Geometry.Tensor{2, Float32, Tuple{ClimaCore.Geometry.Components{ClimaCore.Geometry.Contravariant, (1, 2, 3)}, ClimaCore.Geometry.Components{ClimaCore.Geometry.Contravariant, (1, 2, 3)}}, StaticArraysCore.SMatrix{3, 3, Float32, 9}}}, 90, Matrix{Float32}}, ClimaCore.DataLayouts.VF{ClimaCore.Geometry.LocalGeometry{(3,), ClimaCore.Geometry.ZPoint{Float32}, Float32, ClimaCore.Geometry.Tensor{2, Float32, Tuple{ClimaCore.Geometry.Components{ClimaCore.Geometry.Orthonormal, (1, 2, 3)}, ClimaCore.Geometry.Components{ClimaCore.Geometry.Covariant, (1, 2, 3)}}, StaticArraysCore.SMatrix{3, 3, Float32, 9}}, ClimaCore.Geometry.Tensor{2, Float32, Tuple{ClimaCore.Geometry.Components{ClimaCore.Geometry.Contravariant, (1, 2, 3)}, ClimaCore.Geometry.Components{ClimaCore.Geometry.Contravariant, (1, 2, 3)}}, StaticArraysCore.SMatrix{3, 3, Float32, 9}}}, 91, Matrix{Float32}}}, ClimaCore.Grids.CellCenter}}, ᶜmp_tendency::ClimaCore.Fields.Field{ClimaCore.DataLayouts.VF{@NamedTuple{dq_lcl_dt::Float32, dn_lcl_dt::Float32, dq_rai_dt::Float32, dn_rai_dt::Float32, dq_ice_dt::Float32, dq_rim_dt::Float32, db_rim_dt::Float32}, 90, Matrix{Float32}}, ClimaCore.Spaces.FiniteDifferenceSpace{ClimaCore.Grids.FiniteDifferenceGrid{ClimaCore.Topologies.IntervalTopology{ClimaComms.SingletonCommsContext{ClimaComms.CPUSingleThreaded}, ClimaCore.Meshes.IntervalMesh{ClimaCore.Meshes.Uniform, ClimaCore.Domains.IntervalDomain{ClimaCore.Geometry.ZPoint{Float32}, Tuple{Symbol, Symbol}}, LinRange{ClimaCore.Geometry.ZPoint{Float32}, Int64}, Nothing}, @NamedTuple{bottom::Int64, top::Int64}}, ClimaCore.Geometry.CartesianGlobalGeometry, ClimaCore.DataLayouts.VF{ClimaCore.Geometry.LocalGeometry{(3,), ClimaCore.Geometry.ZPoint{Float32}, Float32, ClimaCore.Geometry.Tensor{2, Float32, Tuple{ClimaCore.Geometry.Components{ClimaCore.Geometry.Orthonormal, (1, 2, 3)}, ClimaCore.Geometry.Components{ClimaCore.Geometry.Covariant, (1, 2, 3)}}, StaticArraysCore.SMatrix{3, 3, Float32, 9}}, ClimaCore.Geometry.Tensor{2, Float32, Tuple{ClimaCore.Geometry.Components{ClimaCore.Geometry.Contravariant, (1, 2, 3)}, ClimaCore.Geometry.Components{ClimaCore.Geometry.Contravariant, (1, 2, 3)}}, StaticArraysCore.SMatrix{3, 3, Float32, 9}}}, 90, Matrix{Float32}}, ClimaCore.DataLayouts.VF{ClimaCore.Geometry.LocalGeometry{(3,), ClimaCore.Geometry.ZPoint{Float32}, Float32, ClimaCore.Geometry.Tensor{2, Float32, Tuple{ClimaCore.Geometry.Components{ClimaCore.Geometry.Orthonormal, (1, 2, 3)}, ClimaCore.Geometry.Components{ClimaCore.Geometry.Covariant, (1, 2, 3)}}, StaticArraysCore.SMatrix{3, 3, Float32, 9}}, ClimaCore.Geometry.Tensor{2, Float32, Tuple{ClimaCore.Geometry.Components{ClimaCore.Geometry.Contravariant, (1, 2, 3)}, ClimaCore.Geometry.Components{ClimaCore.Geometry.Contravariant, (1, 2, 3)}}, StaticArraysCore.SMatrix{3, 3, Float32, 9}}}, 91, Matrix{Float32}}}, ClimaCore.Grids.CellCenter}}, ᶜcloud_fraction::ClimaCore.Fields.Field{ClimaCore.DataLayouts.VF{Float32, 90, Matrix{Float32}}, ClimaCore.Spaces.FiniteDifferenceSpace{ClimaCore.Grids.FiniteDifferenceGrid{ClimaCore.Topologies.IntervalTopology{ClimaComms.SingletonCommsContext{ClimaComms.CPUSingleThreaded}, ClimaCore.Meshes.IntervalMesh{ClimaCore.Meshes.Uniform, ClimaCore.Domains.IntervalDomain{ClimaCore.Geometry.ZPoint{Float32}, Tuple{Symbol, Symbol}}, LinRange{ClimaCore.Geometry.ZPoint{Float32}, Int64}, Nothing}, @NamedTuple{bottom::Int64, top::Int64}}, ClimaCore.Geometry.CartesianGlobalGeometry, ClimaCore.DataLayouts.VF{ClimaCore.Geometry.LocalGeometry{(3,), ClimaCore.Geometry.ZPoint{Float32}, Float32, ClimaCore.Geometry.Tensor{2, Float32, Tuple{ClimaCore.Geometry.Components{ClimaCore.Geometry.Orthonormal, (1, 2, 3)}, ClimaCore.Geometry.Components{ClimaCore.Geometry.Covariant, (1, 2, 3)}}, StaticArraysCore.SMatrix{3, 3, Float32, 9}}, ClimaCore.Geometry.Tensor{2, Float32, Tuple{ClimaCore.Geometry.Components{ClimaCore.Geometry.Contravariant, (1, 2, 3)}, ClimaCore.Geometry.Components{ClimaCore.Geometry.Contravariant, (1, 2, 3)}}, StaticArraysCore.SMatrix{3, 3, Float32, 9}}}, 90, Matrix{Float32}}, ClimaCore.DataLayouts.VF{ClimaCore.Geometry.LocalGeometry{(3,), ClimaCore.Geometry.ZPoint{Float32}, Float32, ClimaCore.Geometry.Tensor{2, Float32, Tuple{ClimaCore.Geometry.Components{ClimaCore.Geometry.Orthonormal, (1, 2, 3)}, ClimaCore.Geometry.Components{ClimaCore.Geometry.Covariant, (1, 2, 3)}}, StaticArraysCore.SMatrix{3, 3, Float32, 9}}, ClimaCore.Geometry.Tensor{2, Float32, Tuple{ClimaCore.Geometry.Components{ClimaCore.Geometry.Contravariant, (1, 2, 3)}, ClimaCore.Geometry.Components{ClimaCore.Geometry.Contravariant, (1, 2, 3)}}, StaticArraysCore.SMatrix{3, 3, Float32, 9}}}, 91, Matrix{Float32}}}, ClimaCore.Grids.CellCenter}}, ᶜT′T′::ClimaCore.Fields.Field{ClimaCore.DataLayouts.VF{Float32, 90, Matrix{Float32}}, ClimaCore.Spaces.FiniteDifferenceSpace{ClimaCore.Grids.FiniteDifferenceGrid{ClimaCore.Topologies.IntervalTopology{ClimaComms.SingletonCommsContext{ClimaComms.CPUSingleThreaded}, ClimaCore.Meshes.IntervalMesh{ClimaCore.Meshes.Uniform, ClimaCore.Domains.IntervalDomain{ClimaCore.Geometry.ZPoint{Float32}, Tuple{Symbol, Symbol}}, LinRange{ClimaCore.Geometry.ZPoint{Float32}, Int64}, Nothing}, @NamedTuple{bottom::Int64, top::Int64}}, ClimaCore.Geometry.CartesianGlobalGeometry, ClimaCore.DataLayouts.VF{ClimaCore.Geometry.LocalGeometry{(3,), ClimaCore.Geometry.ZPoint{Float32}, Float32, ClimaCore.Geometry.Tensor{2, Float32, Tuple{ClimaCore.Geometry.Components{ClimaCore.Geometry.Orthonormal, (1, 2, 3)}, ClimaCore.Geometry.Components{ClimaCore.Geometry.Covariant, (1, 2, 3)}}, StaticArraysCore.SMatrix{3, 3, Float32, 9}}, ClimaCore.Geometry.Tensor{2, Float32, Tuple{ClimaCore.Geometry.Components{ClimaCore.Geometry.Contravariant, (1, 2, 3)}, ClimaCore.Geometry.Components{ClimaCore.Geometry.Contravariant, (1, 2, 3)}}, StaticArraysCore.SMatrix{3, 3, Float32, 9}}}, 90, Matrix{Float32}}, ClimaCore.DataLayouts.VF{ClimaCore.Geometry.LocalGeometry{(3,), ClimaCore.Geometry.ZPoint{Float32}, Float32, ClimaCore.Geometry.Tensor{2, Float32, Tuple{ClimaCore.Geometry.Components{ClimaCore.Geometry.Orthonormal, (1, 2, 3)}, ClimaCore.Geometry.Components{ClimaCore.Geometry.Covariant, (1, 2, 3)}}, StaticArraysCore.SMatrix{3, 3, Float32, 9}}, ClimaCore.Geometry.Tensor{2, Float32, Tuple{ClimaCore.Geometry.Components{ClimaCore.Geometry.Contravariant, (1, 2, 3)}, ClimaCore.Geometry.Components{ClimaCore.Geometry.Contravariant, (1, 2, 3)}}, StaticArraysCore.SMatrix{3, 3, Float32, 9}}}, 91, Matrix{Float32}}}, ClimaCore.Grids.CellCenter}}, ᶜq′q′::ClimaCore.Fields.Field{ClimaCore.DataLayouts.VF{Float32, 90, Matrix{Float32}}, ClimaCore.Spaces.FiniteDifferenceSpace{ClimaCore.Grids.FiniteDifferenceGrid{ClimaCore.Topologies.IntervalTopology{ClimaComms.SingletonCommsContext{ClimaComms.CPUSingleThreaded}, ClimaCore.Meshes.IntervalMesh{ClimaCore.Meshes.Uniform, ClimaCore.Domains.IntervalDomain{ClimaCore.Geometry.ZPoint{Float32}, Tuple{Symbol, Symbol}}, LinRange{ClimaCore.Geometry.ZPoint{Float32}, Int64}, Nothing}, @NamedTuple{bottom::Int64, top::Int64}}, ClimaCore.Geometry.CartesianGlobalGeometry, ClimaCore.DataLayouts.VF{ClimaCore.Geometry.LocalGeometry{(3,), ClimaCore.Geometry.ZPoint{Float32}, Float32, ClimaCore.Geometry.Tensor{2, Float32, Tuple{ClimaCore.Geometry.Components{ClimaCore.Geometry.Orthonormal, (1, 2, 3)}, ClimaCore.Geometry.Components{ClimaCore.Geometry.Covariant, (1, 2, 3)}}, StaticArraysCore.SMatrix{3, 3, Float32, 9}}, ClimaCore.Geometry.Tensor{2, Float32, Tuple{ClimaCore.Geometry.Components{ClimaCore.Geometry.Contravariant, (1, 2, 3)}, ClimaCore.Geometry.Components{ClimaCore.Geometry.Contravariant, (1, 2, 3)}}, StaticArraysCore.SMatrix{3, 3, Float32, 9}}}, 90, Matrix{Float32}}, ClimaCore.DataLayouts.VF{ClimaCore.Geometry.LocalGeometry{(3,), ClimaCore.Geometry.ZPoint{Float32}, Float32, ClimaCore.Geometry.Tensor{2, Float32, Tuple{ClimaCore.Geometry.Components{ClimaCore.Geometry.Orthonormal, (1, 2, 3)}, ClimaCore.Geometry.Components{ClimaCore.Geometry.Covariant, (1, 2, 3)}}, StaticArraysCore.SMatrix{3, 3, Float32, 9}}, ClimaCore.Geometry.Tensor{2, Float32, Tuple{ClimaCore.Geometry.Components{ClimaCore.Geometry.Contravariant, (1, 2, 3)}, ClimaCore.Geometry.Components{ClimaCore.Geometry.Contravariant, (1, 2, 3)}}, StaticArraysCore.SMatrix{3, 3, Float32, 9}}}, 91, Matrix{Float32}}}, ClimaCore.Grids.CellCenter}}, ᶜsgs_moments::ClimaCore.Fields.Field{ClimaCore.DataLayouts.VF{@NamedTuple{sigma_S::Float32, λ_lagrange::Float32}, 90, Matrix{Float32}}, ClimaCore.Spaces.FiniteDifferenceSpace{ClimaCore.Grids.FiniteDifferenceGrid{ClimaCore.Topologies.IntervalTopology{ClimaComms.SingletonCommsContext{ClimaComms.CPUSingleThreaded}, ClimaCore.Meshes.IntervalMesh{ClimaCore.Meshes.Uniform, ClimaCore.Domains.IntervalDomain{ClimaCore.Geometry.ZPoint{Float32}, Tuple{Symbol, Symbol}}, LinRange{ClimaCore.Geometry.ZPoint{Float32}, Int64}, Nothing}, @NamedTuple{bottom::Int64, top::Int64}}, ClimaCore.Geometry.CartesianGlobalGeometry, ClimaCore.DataLayouts.VF{ClimaCore.Geometry.LocalGeometry{(3,), ClimaCore.Geometry.ZPoint{Float32}, Float32, ClimaCore.Geometry.Tensor{2, Float32, Tuple{ClimaCore.Geometry.Components{ClimaCore.Geometry.Orthonormal, (1, 2, 3)}, ClimaCore.Geometry.Components{ClimaCore.Geometry.Covariant, (1, 2, 3)}}, StaticArraysCore.SMatrix{3, 3, Float32, 9}}, ClimaCore.Geometry.Tensor{2, Float32, Tuple{ClimaCore.Geometry.Components{ClimaCore.Geometry.Contravariant, (1, 2, 3)}, ClimaCore.Geometry.Components{ClimaCore.Geometry.Contravariant, (1, 2, 3)}}, StaticArraysCore.SMatrix{3, 3, Float32, 9}}}, 90, Matrix{Float32}}, ClimaCore.DataLayouts.VF{ClimaCore.Geometry.LocalGeometry{(3,), ClimaCore.Geometry.ZPoint{Float32}, Float32, ClimaCore.Geometry.Tensor{2, Float32, Tuple{ClimaCore.Geometry.Components{ClimaCore.Geometry.Orthonormal, (1, 2, 3)}, ClimaCore.Geometry.Components{ClimaCore.Geometry.Covariant, (1, 2, 3)}}, StaticArraysCore.SMatrix{3, 3, Float32, 9}}, ClimaCore.Geometry.Tensor{2, Float32, Tuple{ClimaCore.Geometry.Components{ClimaCore.Geometry.Contravariant, (1, 2, 3)}, ClimaCore.Geometry.Components{ClimaCore.Geometry.Contravariant, (1, 2, 3)}}, StaticArraysCore.SMatrix{3, 3, Float32, 9}}}, 91, Matrix{Float32}}}, ClimaCore.Grids.CellCenter}}}, scratch::@NamedTuple{ᶠtemp_scalar::ClimaCore.Fields.Field{ClimaCore.DataLayouts.VF{Float32, 91, Matrix{Float32}}, ClimaCore.Spaces.FiniteDifferenceSpace{ClimaCore.Grids.FiniteDifferenceGrid{ClimaCore.Topologies.IntervalTopology{ClimaComms.SingletonCommsContext{ClimaComms.CPUSingleThreaded}, ClimaCore.Meshes.IntervalMesh{ClimaCore.Meshes.Uniform, ClimaCore.Domains.IntervalDomain{ClimaCore.Geometry.ZPoint{Float32}, Tuple{Symbol, Symbol}}, LinRange{ClimaCore.Geometry.ZPoint{Float32}, Int64}, Nothing}, @NamedTuple{bottom::Int64, top::Int64}}, ClimaCore.Geometry.CartesianGlobalGeometry, ClimaCore.DataLayouts.VF{ClimaCore.Geometry.LocalGeometry{(3,), ClimaCore.Geometry.ZPoint{Float32}, Float32, ClimaCore.Geometry.Tensor{2, Float32, Tuple{ClimaCore.Geometry.Components{ClimaCore.Geometry.Orthonormal, (1, 2, 3)}, ClimaCore.Geometry.Components{ClimaCore.Geometry.Covariant, (1, 2, 3)}}, StaticArraysCore.SMatrix{3, 3, Float32, 9}}, ClimaCore.Geometry.Tensor{2, Float32, Tuple{ClimaCore.Geometry.Components{ClimaCore.Geometry.Contravariant, (1, 2, 3)}, ClimaCore.Geometry.Components{ClimaCore.Geometry.Contravariant, (1, 2, 3)}}, StaticArraysCore.SMatrix{3, 3, Float32, 9}}}, 90, Matrix{Float32}}, ClimaCore.DataLayouts.VF{ClimaCore.Geometry.LocalGeometry{(3,), ClimaCore.Geometry.ZPoint{Float32}, Float32, ClimaCore.Geometry.Tensor{2, Float32, Tuple{ClimaCore.Geometry.Components{ClimaCore.Geometry.Orthonormal, (1, 2, 3)}, ClimaCore.Geometry.Components{ClimaCore.Geometry.Covariant, (1, 2, 3)}}, StaticArraysCore.SMatrix{3, 3, Float32, 9}}, ClimaCore.Geometry.Tensor{2, Float32, Tuple{ClimaCore.Geometry.Components{ClimaCore.Geometry.Contravariant, (1, 2, 3)}, ClimaCore.Geometry.Components{ClimaCore.Geometry.Contravariant, (1, 2, 3)}}, StaticArraysCore.SMatrix{3, 3, Float32, 9}}}, 91, Matrix{Float32}}}, ClimaCore.Grids.CellFace}}, ᶠtemp_scalar_2::ClimaCore.Fields.Field{ClimaCore.DataLayouts.VF{Float32, 91, Matrix{Float32}}, ClimaCore.Spaces.FiniteDifferenceSpace{ClimaCore.Grids.FiniteDifferenceGrid{ClimaCore.Topologies.IntervalTopology{ClimaComms.SingletonCommsContext{ClimaComms.CPUSingleThreaded}, ClimaCore.Meshes.IntervalMesh{ClimaCore.Meshes.Uniform, ClimaCore.Domains.IntervalDomain{ClimaCore.Geometry.ZPoint{Float32}, Tuple{Symbol, Symbol}}, LinRange{ClimaCore.Geometry.ZPoint{Float32}, Int64}, Nothing}, @NamedTuple{bottom::Int64, top::Int64}}, ClimaCore.Geometry.CartesianGlobalGeometry, ClimaCore.DataLayouts.VF{ClimaCore.Geometry.LocalGeometry{(3,), ClimaCore.Geometry.ZPoint{Float32}, Float32, ClimaCore.Geometry.Tensor{2, Float32, Tuple{ClimaCore.Geometry.Components{ClimaCore.Geometry.Orthonormal, (1, 2, 3)}, ClimaCore.Geometry.Components{ClimaCore.Geometry.Covariant, (1, 2, 3)}}, StaticArraysCore.SMatrix{3, 3, Float32, 9}}, ClimaCore.Geometry.Tensor{2, Float32, Tuple{ClimaCore.Geometry.Components{ClimaCore.Geometry.Contravariant, (1, 2, 3)}, ClimaCore.Geometry.Components{ClimaCore.Geometry.Contravariant, (1, 2, 3)}}, StaticArraysCore.SMatrix{3, 3, Float32, 9}}}, 90, Matrix{Float32}}, ClimaCore.DataLayouts.VF{ClimaCore.Geometry.LocalGeometry{(3,), ClimaCore.Geometry.ZPoint{Float32}, Float32, ClimaCore.Geometry.Tensor{2, Float32, Tuple{ClimaCore.Geometry.Components{ClimaCore.Geometry.Orthonormal, (1, 2, 3)}, ClimaCore.Geometry.Components{ClimaCore.Geometry.Covariant, (1, 2, 3)}}, StaticArraysCore.SMatrix{3, 3, Float32, 9}}, ClimaCore.Geometry.Tensor{2, Float32, Tuple{ClimaCore.Geometry.Components{ClimaCore.Geometry.Contravariant, (1, 2, 3)}, ClimaCore.Geometry.Components{ClimaCore.Geometry.Contravariant, (1, 2, 3)}}, StaticArraysCore.SMatrix{3, 3, Float32, 9}}}, 91, Matrix{Float32}}}, ClimaCore.Grids.CellFace}}, ᶠtemp_scalar_3::ClimaCore.Fields.Field{ClimaCore.DataLayouts.VF{Float32, 91, Matrix{Float32}}, ClimaCore.Spaces.FiniteDifferenceSpace{ClimaCore.Grids.FiniteDifferenceGrid{ClimaCore.Topologies.IntervalTopology{ClimaComms.SingletonCommsContext{ClimaComms.CPUSingleThreaded}, ClimaCore.Meshes.IntervalMesh{ClimaCore.Meshes.Uniform, ClimaCore.Domains.IntervalDomain{ClimaCore.Geometry.ZPoint{Float32}, Tuple{Symbol, Symbol}}, LinRange{ClimaCore.Geometry.ZPoint{Float32}, Int64}, Nothing}, @NamedTuple{bottom::Int64, top::Int64}}, ClimaCore.Geometry.CartesianGlobalGeometry, ClimaCore.DataLayouts.VF{ClimaCore.Geometry.LocalGeometry{(3,), ClimaCore.Geometry.ZPoint{Float32}, Float32, ClimaCore.Geometry.Tensor{2, Float32, Tuple{ClimaCore.Geometry.Components{ClimaCore.Geometry.Orthonormal, (1, 2, 3)}, ClimaCore.Geometry.Components{ClimaCore.Geometry.Covariant, (1, 2, 3)}}, StaticArraysCore.SMatrix{3, 3, Float32, 9}}, ClimaCore.Geometry.Tensor{2, Float32, Tuple{ClimaCore.Geometry.Components{ClimaCore.Geometry.Contravariant, (1, 2, 3)}, ClimaCore.Geometry.Components{ClimaCore.Geometry.Contravariant, (1, 2, 3)}}, StaticArraysCore.SMatrix{3, 3, Float32, 9}}}, 90, Matrix{Float32}}, ClimaCore.DataLayouts.VF{ClimaCore.Geometry.LocalGeometry{(3,), ClimaCore.Geometry.ZPoint{Float32}, Float32, ClimaCore.Geometry.Tensor{2, Float32, Tuple{ClimaCore.Geometry.Components{ClimaCore.Geometry.Orthonormal, (1, 2, 3)}, ClimaCore.Geometry.Components{ClimaCore.Geometry.Covariant, (1, 2, 3)}}, StaticArraysCore.SMatrix{3, 3, Float32, 9}}, ClimaCore.Geometry.Tensor{2, Float32, Tuple{ClimaCore.Geometry.Components{ClimaCore.Geometry.Contravariant, (1, 2, 3)}, ClimaCore.Geometry.Components{ClimaCore.Geometry.Contravariant, (1, 2, 3)}}, StaticArraysCore.SMatrix{3, 3, Float32, 9}}}, 91, Matrix{Float32}}}, ClimaCore.Grids.CellFace}}, ᶜtemp_scalar::ClimaCore.Fields.Field{ClimaCore.DataLayouts.VF{Float32, 90, Matrix{Float32}}, ClimaCore.Spaces.FiniteDifferenceSpace{ClimaCore.Grids.FiniteDifferenceGrid{ClimaCore.Topologies.IntervalTopology{ClimaComms.SingletonCommsContext{ClimaComms.CPUSingleThreaded}, ClimaCore.Meshes.IntervalMesh{ClimaCore.Meshes.Uniform, ClimaCore.Domains.IntervalDomain{ClimaCore.Geometry.ZPoint{Float32}, Tuple{Symbol, Symbol}}, LinRange{ClimaCore.Geometry.ZPoint{Float32}, Int64}, Nothing}, @NamedTuple{bottom::Int64, top::Int64}}, ClimaCore.Geometry.CartesianGlobalGeometry, ClimaCore.DataLayouts.VF{ClimaCore.Geometry.LocalGeometry{(3,), ClimaCore.Geometry.ZPoint{Float32}, Float32, ClimaCore.Geometry.Tensor{2, Float32, Tuple{ClimaCore.Geometry.Components{ClimaCore.Geometry.Orthonormal, (1, 2, 3)}, ClimaCore.Geometry.Components{ClimaCore.Geometry.Covariant, (1, 2, 3)}}, StaticArraysCore.SMatrix{3, 3, Float32, 9}}, ClimaCore.Geometry.Tensor{2, Float32, Tuple{ClimaCore.Geometry.Components{ClimaCore.Geometry.Contravariant, (1, 2, 3)}, ClimaCore.Geometry.Components{ClimaCore.Geometry.Contravariant, (1, 2, 3)}}, StaticArraysCore.SMatrix{3, 3, Float32, 9}}}, 90, Matrix{Float32}}, ClimaCore.DataLayouts.VF{ClimaCore.Geometry.LocalGeometry{(3,), ClimaCore.Geometry.ZPoint{Float32}, Float32, ClimaCore.Geometry.Tensor{2, Float32, Tuple{ClimaCore.Geometry.Components{ClimaCore.Geometry.Orthonormal, (1, 2, 3)}, ClimaCore.Geometry.Components{ClimaCore.Geometry.Covariant, (1, 2, 3)}}, StaticArraysCore.SMatrix{3, 3, Float32, 9}}, ClimaCore.Geometry.Tensor{2, Float32, Tuple{ClimaCore.Geometry.Components{ClimaCore.Geometry.Contravariant, (1, 2, 3)}, ClimaCore.Geometry.Components{ClimaCore.Geometry.Contravariant, (1, 2, 3)}}, StaticArraysCore.SMatrix{3, 3, Float32, 9}}}, 91, Matrix{Float32}}}, ClimaCore.Grids.CellCenter}}, ᶜtemp_scalar_2::ClimaCore.Fields.Field{ClimaCore.DataLayouts.VF{Float32, 90, Matrix{Float32}}, ClimaCore.Spaces.FiniteDifferenceSpace{ClimaCore.Grids.FiniteDifferenceGrid{ClimaCore.Topologies.IntervalTopology{ClimaComms.SingletonCommsContext{ClimaComms.CPUSingleThreaded}, ClimaCore.Meshes.IntervalMesh{ClimaCore.Meshes.Uniform, ClimaCore.Domains.IntervalDomain{ClimaCore.Geometry.ZPoint{Float32}, Tuple{Symbol, Symbol}}, LinRange{ClimaCore.Geometry.ZPoint{Float32}, Int64}, Nothing}, @NamedTuple{bottom::Int64, top::Int64}}, ClimaCore.Geometry.CartesianGlobalGeometry, ClimaCore.DataLayouts.VF{ClimaCore.Geometry.LocalGeometry{(3,), ClimaCore.Geometry.ZPoint{Float32}, Float32, ClimaCore.Geometry.Tensor{2, Float32, Tuple{ClimaCore.Geometry.Components{ClimaCore.Geometry.Orthonormal, (1, 2, 3)}, ClimaCore.Geometry.Components{ClimaCore.Geometry.Covariant, (1, 2, 3)}}, StaticArraysCore.SMatrix{3, 3, Float32, 9}}, ClimaCore.Geometry.Tensor{2, Float32, Tuple{ClimaCore.Geometry.Components{ClimaCore.Geometry.Contravariant, (1, 2, 3)}, ClimaCore.Geometry.Components{ClimaCore.Geometry.Contravariant, (1, 2, 3)}}, StaticArraysCore.SMatrix{3, 3, Float32, 9}}}, 90, Matrix{Float32}}, ClimaCore.DataLayouts.VF{ClimaCore.Geometry.LocalGeometry{(3,), ClimaCore.Geometry.ZPoint{Float32}, Float32, ClimaCore.Geometry.Tensor{2, Float32, Tuple{ClimaCore.Geometry.Components{ClimaCore.Geometry.Orthonormal, (1, 2, 3)}, ClimaCore.Geometry.Components{ClimaCore.Geometry.Covariant, (1, 2, 3)}}, StaticArraysCore.SMatrix{3, 3, Float32, 9}}, ClimaCore.Geometry.Tensor{2, Float32, Tuple{ClimaCore.Geometry.Components{ClimaCore.Geometry.Contravariant, (1, 2, 3)}, ClimaCore.Geometry.Components{ClimaCore.Geometry.Contravariant, (1, 2, 3)}}, StaticArraysCore.SMatrix{3, 3, Float32, 9}}}, 91, Matrix{Float32}}}, ClimaCore.Grids.CellCenter}}, ᶜtemp_scalar_3::ClimaCore.Fields.Field{ClimaCore.DataLayouts.VF{Float32, 90, Matrix{Float32}}, ClimaCore.Spaces.FiniteDifferenceSpace{ClimaCore.Grids.FiniteDifferenceGrid{ClimaCore.Topologies.IntervalTopology{ClimaComms.SingletonCommsContext{ClimaComms.CPUSingleThreaded}, ClimaCore.Meshes.IntervalMesh{ClimaCore.Meshes.Uniform, ClimaCore.Domains.IntervalDomain{ClimaCore.Geometry.ZPoint{Float32}, Tuple{Symbol, Symbol}}, LinRange{ClimaCore.Geometry.ZPoint{Float32}, Int64}, Nothing}, @NamedTuple{bottom::Int64, top::Int64}}, ClimaCore.Geometry.CartesianGlobalGeometry, ClimaCore.DataLayouts.VF{ClimaCore.Geometry.LocalGeometry{(3,), ClimaCore.Geometry.ZPoint{Float32}, Float32, ClimaCore.Geometry.Tensor{2, Float32, Tuple{ClimaCore.Geometry.Components{ClimaCore.Geometry.Orthonormal, (1, 2, 3)}, ClimaCore.Geometry.Components{ClimaCore.Geometry.Covariant, (1, 2, 3)}}, StaticArraysCore.SMatrix{3, 3, Float32, 9}}, ClimaCore.Geometry.Tensor{2, Float32, Tuple{ClimaCore.Geometry.Components{ClimaCore.Geometry.Contravariant, (1, 2, 3)}, ClimaCore.Geometry.Components{ClimaCore.Geometry.Contravariant, (1, 2, 3)}}, StaticArraysCore.SMatrix{3, 3, Float32, 9}}}, 90, Matrix{Float32}}, ClimaCore.DataLayouts.VF{ClimaCore.Geometry.LocalGeometry{(3,), ClimaCore.Geometry.ZPoint{Float32}, Float32, ClimaCore.Geometry.Tensor{2, Float32, Tuple{ClimaCore.Geometry.Components{ClimaCore.Geometry.Orthonormal, (1, 2, 3)}, ClimaCore.Geometry.Components{ClimaCore.Geometry.Covariant, (1, 2, 3)}}, StaticArraysCore.SMatrix{3, 3, Float32, 9}}, ClimaCore.Geometry.Tensor{2, Float32, Tuple{ClimaCore.Geometry.Components{ClimaCore.Geometry.Contravariant, (1, 2, 3)}, ClimaCore.Geometry.Components{ClimaCore.Geometry.Contravariant, (1, 2, 3)}}, StaticArraysCore.SMatrix{3, 3, Float32, 9}}}, 91, Matrix{Float32}}}, ClimaCore.Grids.CellCenter}}, ᶜtemp_scalar_4::ClimaCore.Fields.Field{ClimaCore.DataLayouts.VF{Float32, 90, Matrix{Float32}}, ClimaCore.Spaces.FiniteDifferenceSpace{ClimaCore.Grids.FiniteDifferenceGrid{ClimaCore.Topologies.IntervalTopology{ClimaComms.SingletonCommsContext{ClimaComms.CPUSingleThreaded}, ClimaCore.Meshes.IntervalMesh{ClimaCore.Meshes.Uniform, ClimaCore.Domains.IntervalDomain{ClimaCore.Geometry.ZPoint{Float32}, Tuple{Symbol, Symbol}}, LinRange{ClimaCore.Geometry.ZPoint{Float32}, Int64}, Nothing}, @NamedTuple{bottom::Int64, top::Int64}}, ClimaCore.Geometry.CartesianGlobalGeometry, ClimaCore.DataLayouts.VF{ClimaCore.Geometry.LocalGeometry{(3,), ClimaCore.Geometry.ZPoint{Float32}, Float32, ClimaCore.Geometry.Tensor{2, Float32, Tuple{ClimaCore.Geometry.Components{ClimaCore.Geometry.Orthonormal, (1, 2, 3)}, ClimaCore.Geometry.Components{ClimaCore.Geometry.Covariant, (1, 2, 3)}}, StaticArraysCore.SMatrix{3, 3, Float32, 9}}, ClimaCore.Geometry.Tensor{2, Float32, Tuple{ClimaCore.Geometry.Components{ClimaCore.Geometry.Contravariant, (1, 2, 3)}, ClimaCore.Geometry.Components{ClimaCore.Geometry.Contravariant, (1, 2, 3)}}, StaticArraysCore.SMatrix{3, 3, Float32, 9}}}, 90, Matrix{Float32}}, ClimaCore.DataLayouts.VF{ClimaCore.Geometry.LocalGeometry{(3,), ClimaCore.Geometry.ZPoint{Float32}, Float32, ClimaCore.Geometry.Tensor{2, Float32, Tuple{ClimaCore.Geometry.Components{ClimaCore.Geometry.Orthonormal, (1, 2, 3)}, ClimaCore.Geometry.Components{ClimaCore.Geometry.Covariant, (1, 2, 3)}}, StaticArraysCore.SMatrix{3, 3, Float32, 9}}, ClimaCore.Geometry.Tensor{2, Float32, Tuple{ClimaCore.Geometry.Components{ClimaCore.Geometry.Contravariant, (1, 2, 3)}, ClimaCore.Geometry.Components{ClimaCore.Geometry.Contravariant, (1, 2, 3)}}, StaticArraysCore.SMatrix{3, 3, Float32, 9}}}, 91, Matrix{Float32}}}, ClimaCore.Grids.CellCenter}}, ᶜtemp_scalar_5::ClimaCore.Fields.Field{ClimaCore.DataLayouts.VF{Float32, 90, Matrix{Float32}}, ClimaCore.Spaces.FiniteDifferenceSpace{ClimaCore.Grids.FiniteDifferenceGrid{ClimaCore.Topologies.IntervalTopology{ClimaComms.SingletonCommsContext{ClimaComms.CPUSingleThreaded}, ClimaCore.Meshes.IntervalMesh{ClimaCore.Meshes.Uniform, ClimaCore.Domains.IntervalDomain{ClimaCore.Geometry.ZPoint{Float32}, Tuple{Symbol, Symbol}}, LinRange{ClimaCore.Geometry.ZPoint{Float32}, Int64}, Nothing}, @NamedTuple{bottom::Int64, top::Int64}}, ClimaCore.Geometry.CartesianGlobalGeometry, ClimaCore.DataLayouts.VF{ClimaCore.Geometry.LocalGeometry{(3,), ClimaCore.Geometry.ZPoint{Float32}, Float32, ClimaCore.Geometry.Tensor{2, Float32, Tuple{ClimaCore.Geometry.Components{ClimaCore.Geometry.Orthonormal, (1, 2, 3)}, ClimaCore.Geometry.Components{ClimaCore.Geometry.Covariant, (1, 2, 3)}}, StaticArraysCore.SMatrix{3, 3, Float32, 9}}, ClimaCore.Geometry.Tensor{2, Float32, Tuple{ClimaCore.Geometry.Components{ClimaCore.Geometry.Contravariant, (1, 2, 3)}, ClimaCore.Geometry.Components{ClimaCore.Geometry.Contravariant, (1, 2, 3)}}, StaticArraysCore.SMatrix{3, 3, Float32, 9}}}, 90, Matrix{Float32}}, ClimaCore.DataLayouts.VF{ClimaCore.Geometry.LocalGeometry{(3,), ClimaCore.Geometry.ZPoint{Float32}, Float32, ClimaCore.Geometry.Tensor{2, Float32, Tuple{ClimaCore.Geometry.Components{ClimaCore.Geometry.Orthonormal, (1, 2, 3)}, ClimaCore.Geometry.Components{ClimaCore.Geometry.Covariant, (1, 2, 3)}}, StaticArraysCore.SMatrix{3, 3, Float32, 9}}, ClimaCore.Geometry.Tensor{2, Float32, Tuple{ClimaCore.Geometry.Components{ClimaCore.Geometry.Contravariant, (1, 2, 3)}, ClimaCore.Geometry.Components{ClimaCore.Geometry.Contravariant, (1, 2, 3)}}, StaticArraysCore.SMatrix{3, 3, Float32, 9}}}, 91, Matrix{Float32}}}, ClimaCore.Grids.CellCenter}}, ᶜtemp_scalar_6::ClimaCore.Fields.Field{ClimaCore.DataLayouts.VF{Float32, 90, Matrix{Float32}}, ClimaCore.Spaces.FiniteDifferenceSpace{ClimaCore.Grids.FiniteDifferenceGrid{ClimaCore.Topologies.IntervalTopology{ClimaComms.SingletonCommsContext{ClimaComms.CPUSingleThreaded}, ClimaCore.Meshes.IntervalMesh{ClimaCore.Meshes.Uniform, ClimaCore.Domains.IntervalDomain{ClimaCore.Geometry.ZPoint{Float32}, Tuple{Symbol, Symbol}}, LinRange{ClimaCore.Geometry.ZPoint{Float32}, Int64}, Nothing}, @NamedTuple{bottom::Int64, top::Int64}}, ClimaCore.Geometry.CartesianGlobalGeometry, ClimaCore.DataLayouts.VF{ClimaCore.Geometry.LocalGeometry{(3,), ClimaCore.Geometry.ZPoint{Float32}, Float32, ClimaCore.Geometry.Tensor{2, Float32, Tuple{ClimaCore.Geometry.Components{ClimaCore.Geometry.Orthonormal, (1, 2, 3)}, ClimaCore.Geometry.Components{ClimaCore.Geometry.Covariant, (1, 2, 3)}}, StaticArraysCore.SMatrix{3, 3, Float32, 9}}, ClimaCore.Geometry.Tensor{2, Float32, Tuple{ClimaCore.Geometry.Components{ClimaCore.Geometry.Contravariant, (1, 2, 3)}, ClimaCore.Geometry.Components{ClimaCore.Geometry.Contravariant, (1, 2, 3)}}, StaticArraysCore.SMatrix{3, 3, Float32, 9}}}, 90, Matrix{Float32}}, ClimaCore.DataLayouts.VF{ClimaCore.Geometry.LocalGeometry{(3,), ClimaCore.Geometry.ZPoint{Float32}, Float32, ClimaCore.Geometry.Tensor{2, Float32, Tuple{ClimaCore.Geometry.Components{ClimaCore.Geometry.Orthonormal, (1, 2, 3)}, ClimaCore.Geometry.Components{ClimaCore.Geometry.Covariant, (1, 2, 3)}}, StaticArraysCore.SMatrix{3, 3, Float32, 9}}, ClimaCore.Geometry.Tensor{2, Float32, Tuple{ClimaCore.Geometry.Components{ClimaCore.Geometry.Contravariant, (1, 2, 3)}, ClimaCore.Geometry.Components{ClimaCore.Geometry.Contravariant, (1, 2, 3)}}, StaticArraysCore.SMatrix{3, 3, Float32, 9}}}, 91, Matrix{Float32}}}, ClimaCore.Grids.CellCenter}}, ᶜtemp_scalar_7::ClimaCore.Fields.Field{ClimaCore.DataLayouts.VF{Float32, 90, Matrix{Float32}}, ClimaCore.Spaces.FiniteDifferenceSpace{ClimaCore.Grids.FiniteDifferenceGrid{ClimaCore.Topologies.IntervalTopology{ClimaComms.SingletonCommsContext{ClimaComms.CPUSingleThreaded}, ClimaCore.Meshes.IntervalMesh{ClimaCore.Meshes.Uniform, ClimaCore.Domains.IntervalDomain{ClimaCore.Geometry.ZPoint{Float32}, Tuple{Symbol, Symbol}}, LinRange{ClimaCore.Geometry.ZPoint{Float32}, Int64}, Nothing}, @NamedTuple{bottom::Int64, top::Int64}}, ClimaCore.Geometry.CartesianGlobalGeometry, ClimaCore.DataLayouts.VF{ClimaCore.Geometry.LocalGeometry{(3,), ClimaCore.Geometry.ZPoint{Float32}, Float32, ClimaCore.Geometry.Tensor{2, Float32, Tuple{ClimaCore.Geometry.Components{ClimaCore.Geometry.Orthonormal, (1, 2, 3)}, ClimaCore.Geometry.Components{ClimaCore.Geometry.Covariant, (1, 2, 3)}}, StaticArraysCore.SMatrix{3, 3, Float32, 9}}, ClimaCore.Geometry.Tensor{2, Float32, Tuple{ClimaCore.Geometry.Components{ClimaCore.Geometry.Contravariant, (1, 2, 3)}, ClimaCore.Geometry.Components{ClimaCore.Geometry.Contravariant, (1, 2, 3)}}, StaticArraysCore.SMatrix{3, 3, Float32, 9}}}, 90, Matrix{Float32}}, ClimaCore.DataLayouts.VF{ClimaCore.Geometry.LocalGeometry{(3,), ClimaCore.Geometry.ZPoint{Float32}, Float32, ClimaCore.Geometry.Tensor{2, Float32, Tuple{ClimaCore.Geometry.Components{ClimaCore.Geometry.Orthonormal, (1, 2, 3)}, ClimaCore.Geometry.Components{ClimaCore.Geometry.Covariant, (1, 2, 3)}}, StaticArraysCore.SMatrix{3, 3, Float32, 9}}, ClimaCore.Geometry.Tensor{2, Float32, Tuple{ClimaCore.Geometry.Components{ClimaCore.Geometry.Contravariant, (1, 2, 3)}, ClimaCore.Geometry.Components{ClimaCore.Geometry.Contravariant, (1, 2, 3)}}, StaticArraysCore.SMatrix{3, 3, Float32, 9}}}, 91, Matrix{Float32}}}, ClimaCore.Grids.CellCenter}}, ᶠtemp_field_level::ClimaCore.Fields.Field{ClimaCore.DataLayouts.DataF{Float32, SubArray{Float32, 1, Matrix{Float32}, Tuple{Int64, Base.Slice{Base.OneTo{Int64}}}, true}}, ClimaCore.Spaces.PointSpace{ClimaComms.SingletonCommsContext{ClimaComms.CPUSingleThreaded}, ClimaCore.DataLayouts.DataF{ClimaCore.Geometry.LocalGeometry{(3,), ClimaCore.Geometry.ZPoint{Float32}, Float32, ClimaCore.Geometry.Tensor{2, Float32, Tuple{ClimaCore.Geometry.Components{ClimaCore.Geometry.Orthonormal, (1, 2, 3)}, ClimaCore.Geometry.Components{ClimaCore.Geometry.Covariant, (1, 2, 3)}}, StaticArraysCore.SMatrix{3, 3, Float32, 9}}, ClimaCore.Geometry.Tensor{2, Float32, Tuple{ClimaCore.Geometry.Components{ClimaCore.Geometry.Contravariant, (1, 2, 3)}, ClimaCore.Geometry.Components{ClimaCore.Geometry.Contravariant, (1, 2, 3)}}, StaticArraysCore.SMatrix{3, 3, Float32, 9}}}, SubArray{Float32, 1, Matrix{Float32}, Tuple{Int64, Base.Slice{Base.OneTo{Int64}}}, true}}}}, temp_field_level::ClimaCore.Fields.Field{ClimaCore.DataLayouts.DataF{Float32, SubArray{Float32, 1, Matrix{Float32}, Tuple{Int64, Base.Slice{Base.OneTo{Int64}}}, true}}, ClimaCore.Spaces.PointSpace{ClimaComms.SingletonCommsContext{ClimaComms.CPUSingleThreaded}, ClimaCore.DataLayouts.DataF{ClimaCore.Geometry.LocalGeometry{(3,), ClimaCore.Geometry.ZPoint{Float32}, Float32, ClimaCore.Geometry.Tensor{2, Float32, Tuple{ClimaCore.Geometry.Components{ClimaCore.Geometry.Orthonormal, (1, 2, 3)}, ClimaCore.Geometry.Components{ClimaCore.Geometry.Covariant, (1, 2, 3)}}, StaticArraysCore.SMatrix{3, 3, Float32, 9}}, ClimaCore.Geometry.Tensor{2, Float32, Tuple{ClimaCore.Geometry.Components{ClimaCore.Geometry.Contravariant, (1, 2, 3)}, ClimaCore.Geometry.Components{ClimaCore.Geometry.Contravariant, (1, 2, 3)}}, StaticArraysCore.SMatrix{3, 3, Float32, 9}}}, SubArray{Float32, 1, Matrix{Float32}, Tuple{Int64, Base.Slice{Base.OneTo{Int64}}}, true}}}}, temp_field_level_2::ClimaCore.Fields.Field{ClimaCore.DataLayouts.DataF{Float32, SubArray{Float32, 1, Matrix{Float32}, Tuple{Int64, Base.Slice{Base.OneTo{Int64}}}, true}}, ClimaCore.Spaces.PointSpace{ClimaComms.SingletonCommsContext{ClimaComms.CPUSingleThreaded}, ClimaCore.DataLayouts.DataF{ClimaCore.Geometry.LocalGeometry{(3,), ClimaCore.Geometry.ZPoint{Float32}, Float32, ClimaCore.Geometry.Tensor{2, Float32, Tuple{ClimaCore.Geometry.Components{ClimaCore.Geometry.Orthonormal, (1, 2, 3)}, ClimaCore.Geometry.Components{ClimaCore.Geometry.Covariant, (1, 2, 3)}}, StaticArraysCore.SMatrix{3, 3, Float32, 9}}, ClimaCore.Geometry.Tensor{2, Float32, Tuple{ClimaCore.Geometry.Components{ClimaCore.Geometry.Contravariant, (1, 2, 3)}, ClimaCore.Geometry.Components{ClimaCore.Geometry.Contravariant, (1, 2, 3)}}, StaticArraysCore.SMatrix{3, 3, Float32, 9}}}, SubArray{Float32, 1, Matrix{Float32}, Tuple{Int64, Base.Slice{Base.OneTo{Int64}}}, true}}}}, temp_field_level_3::ClimaCore.Fields.Field{ClimaCore.DataLayouts.DataF{Float32, SubArray{Float32, 1, Matrix{Float32}, Tuple{Int64, Base.Slice{Base.OneTo{Int64}}}, true}}, ClimaCore.Spaces.PointSpace{ClimaComms.SingletonCommsContext{ClimaComms.CPUSingleThreaded}, ClimaCore.DataLayouts.DataF{ClimaCore.Geometry.LocalGeometry{(3,), ClimaCore.Geometry.ZPoint{Float32}, Float32, ClimaCore.Geometry.Tensor{2, Float32, Tuple{ClimaCore.Geometry.Components{ClimaCore.Geometry.Orthonormal, (1, 2, 3)}, ClimaCore.Geometry.Components{ClimaCore.Geometry.Covariant, (1, 2, 3)}}, StaticArraysCore.SMatrix{3, 3, Float32, 9}}, ClimaCore.Geometry.Tensor{2, Float32, Tuple{ClimaCore.Geometry.Components{ClimaCore.Geometry.Contravariant, (1, 2, 3)}, ClimaCore.Geometry.Components{ClimaCore.Geometry.Contravariant, (1, 2, 3)}}, StaticArraysCore.SMatrix{3, 3, Float32, 9}}}, SubArray{Float32, 1, Matrix{Float32}, Tuple{Int64, Base.Slice{Base.OneTo{Int64}}}, true}}}}, temp_data::ClimaCore.DataLayouts.VF{Float32, 90, Matrix{Float32}}, temp_data_face_level::ClimaCore.DataLayouts.DataF{Float32, SubArray{Float32, 1, Matrix{Float32}, Tuple{Int64, Base.Slice{Base.OneTo{Int64}}}, true}}, temp_data_level::ClimaCore.DataLayouts.DataF{Float32, SubArray{Float32, 1, Matrix{Float32}, Tuple{Int64, Base.Slice{Base.OneTo{Int64}}}, true}}, temp_data_level_2::ClimaCore.DataLayouts.DataF{Float32, SubArray{Float32, 1, Matrix{Float32}, Tuple{Int64, Base.Slice{Base.OneTo{Int64}}}, true}}, temp_data_level_3::ClimaCore.DataLayouts.DataF{Float32, SubArray{Float32, 1, Matrix{Float32}, Tuple{Int64, Base.Slice{Base.OneTo{Int64}}}, true}}, temp_data_level_4::ClimaCore.DataLayouts.DataF{Float32, SubArray{Float32, 1, Matrix{Float32}, Tuple{Int64, Base.Slice{Base.OneTo{Int64}}}, true}}, temp_data_level_5::ClimaCore.DataLayouts.DataF{Float32, SubArray{Float32, 1, Matrix{Float32}, Tuple{Int64, Base.Slice{Base.OneTo{Int64}}}, true}}, ᶜtemp_C12::ClimaCore.Fields.Field{ClimaCore.DataLayouts.VF{ClimaCore.Geometry.Covariant12Vector{Float32}, 90, Matrix{Float32}}, ClimaCore.Spaces.FiniteDifferenceSpace{ClimaCore.Grids.FiniteDifferenceGrid{ClimaCore.Topologies.IntervalTopology{ClimaComms.SingletonCommsContext{ClimaComms.CPUSingleThreaded}, ClimaCore.Meshes.IntervalMesh{ClimaCore.Meshes.Uniform, ClimaCore.Domains.IntervalDomain{ClimaCore.Geometry.ZPoint{Float32}, Tuple{Symbol, Symbol}}, LinRange{ClimaCore.Geometry.ZPoint{Float32}, Int64}, Nothing}, @NamedTuple{bottom::Int64, top::Int64}}, ClimaCore.Geometry.CartesianGlobalGeometry, ClimaCore.DataLayouts.VF{ClimaCore.Geometry.LocalGeometry{(3,), ClimaCore.Geometry.ZPoint{Float32}, Float32, ClimaCore.Geometry.Tensor{2, Float32, Tuple{ClimaCore.Geometry.Components{ClimaCore.Geometry.Orthonormal, (1, 2, 3)}, ClimaCore.Geometry.Components{ClimaCore.Geometry.Covariant, (1, 2, 3)}}, StaticArraysCore.SMatrix{3, 3, Float32, 9}}, ClimaCore.Geometry.Tensor{2, Float32, Tuple{ClimaCore.Geometry.Components{ClimaCore.Geometry.Contravariant, (1, 2, 3)}, ClimaCore.Geometry.Components{ClimaCore.Geometry.Contravariant, (1, 2, 3)}}, StaticArraysCore.SMatrix{3, 3, Float32, 9}}}, 90, Matrix{Float32}}, ClimaCore.DataLayouts.VF{ClimaCore.Geometry.LocalGeometry{(3,), ClimaCore.Geometry.ZPoint{Float32}, Float32, ClimaCore.Geometry.Tensor{2, Float32, Tuple{ClimaCore.Geometry.Components{ClimaCore.Geometry.Orthonormal, (1, 2, 3)}, ClimaCore.Geometry.Components{ClimaCore.Geometry.Covariant, (1, 2, 3)}}, StaticArraysCore.SMatrix{3, 3, Float32, 9}}, ClimaCore.Geometry.Tensor{2, Float32, Tuple{ClimaCore.Geometry.Components{ClimaCore.Geometry.Contravariant, (1, 2, 3)}, ClimaCore.Geometry.Components{ClimaCore.Geometry.Contravariant, (1, 2, 3)}}, StaticArraysCore.SMatrix{3, 3, Float32, 9}}}, 91, Matrix{Float32}}}, ClimaCore.Grids.CellCenter}}, ᶜtemp_C3::ClimaCore.Fields.Field{ClimaCore.DataLayouts.VF{ClimaCore.Geometry.Covariant3Vector{Float32}, 90, Matrix{Float32}}, ClimaCore.Spaces.FiniteDifferenceSpace{ClimaCore.Grids.FiniteDifferenceGrid{ClimaCore.Topologies.IntervalTopology{ClimaComms.SingletonCommsContext{ClimaComms.CPUSingleThreaded}, ClimaCore.Meshes.IntervalMesh{ClimaCore.Meshes.Uniform, ClimaCore.Domains.IntervalDomain{ClimaCore.Geometry.ZPoint{Float32}, Tuple{Symbol, Symbol}}, LinRange{ClimaCore.Geometry.ZPoint{Float32}, Int64}, Nothing}, @NamedTuple{bottom::Int64, top::Int64}}, ClimaCore.Geometry.CartesianGlobalGeometry, ClimaCore.DataLayouts.VF{ClimaCore.Geometry.LocalGeometry{(3,), ClimaCore.Geometry.ZPoint{Float32}, Float32, ClimaCore.Geometry.Tensor{2, Float32, Tuple{ClimaCore.Geometry.Components{ClimaCore.Geometry.Orthonormal, (1, 2, 3)}, ClimaCore.Geometry.Components{ClimaCore.Geometry.Covariant, (1, 2, 3)}}, StaticArraysCore.SMatrix{3, 3, Float32, 9}}, ClimaCore.Geometry.Tensor{2, Float32, Tuple{ClimaCore.Geometry.Components{ClimaCore.Geometry.Contravariant, (1, 2, 3)}, ClimaCore.Geometry.Components{ClimaCore.Geometry.Contravariant, (1, 2, 3)}}, StaticArraysCore.SMatrix{3, 3, Float32, 9}}}, 90, Matrix{Float32}}, ClimaCore.DataLayouts.VF{ClimaCore.Geometry.LocalGeometry{(3,), ClimaCore.Geometry.ZPoint{Float32}, Float32, ClimaCore.Geometry.Tensor{2, Float32, Tuple{ClimaCore.Geometry.Components{ClimaCore.Geometry.Orthonormal, (1, 2, 3)}, ClimaCore.Geometry.Components{ClimaCore.Geometry.Covariant, (1, 2, 3)}}, StaticArraysCore.SMatrix{3, 3, Float32, 9}}, ClimaCore.Geometry.Tensor{2, Float32, Tuple{ClimaCore.Geometry.Components{ClimaCore.Geometry.Contravariant, (1, 2, 3)}, ClimaCore.Geometry.Components{ClimaCore.Geometry.Contravariant, (1, 2, 3)}}, StaticArraysCore.SMatrix{3, 3, Float32, 9}}}, 91, Matrix{Float32}}}, ClimaCore.Grids.CellCenter}}, ᶜtemp_CT3::ClimaCore.Fields.Field{ClimaCore.DataLayouts.VF{ClimaCore.Geometry.Contravariant3Vector{Float32}, 90, Matrix{Float32}}, ClimaCore.Spaces.FiniteDifferenceSpace{ClimaCore.Grids.FiniteDifferenceGrid{ClimaCore.Topologies.IntervalTopology{ClimaComms.SingletonCommsContext{ClimaComms.CPUSingleThreaded}, ClimaCore.Meshes.IntervalMesh{ClimaCore.Meshes.Uniform, ClimaCore.Domains.IntervalDomain{ClimaCore.Geometry.ZPoint{Float32}, Tuple{Symbol, Symbol}}, LinRange{ClimaCore.Geometry.ZPoint{Float32}, Int64}, Nothing}, @NamedTuple{bottom::Int64, top::Int64}}, ClimaCore.Geometry.CartesianGlobalGeometry, ClimaCore.DataLayouts.VF{ClimaCore.Geometry.LocalGeometry{(3,), ClimaCore.Geometry.ZPoint{Float32}, Float32, ClimaCore.Geometry.Tensor{2, Float32, Tuple{ClimaCore.Geometry.Components{ClimaCore.Geometry.Orthonormal, (1, 2, 3)}, ClimaCore.Geometry.Components{ClimaCore.Geometry.Covariant, (1, 2, 3)}}, StaticArraysCore.SMatrix{3, 3, Float32, 9}}, ClimaCore.Geometry.Tensor{2, Float32, Tuple{ClimaCore.Geometry.Components{ClimaCore.Geometry.Contravariant, (1, 2, 3)}, ClimaCore.Geometry.Components{ClimaCore.Geometry.Contravariant, (1, 2, 3)}}, StaticArraysCore.SMatrix{3, 3, Float32, 9}}}, 90, Matrix{Float32}}, ClimaCore.DataLayouts.VF{ClimaCore.Geometry.LocalGeometry{(3,), ClimaCore.Geometry.ZPoint{Float32}, Float32, ClimaCore.Geometry.Tensor{2, Float32, Tuple{ClimaCore.Geometry.Components{ClimaCore.Geometry.Orthonormal, (1, 2, 3)}, ClimaCore.Geometry.Components{ClimaCore.Geometry.Covariant, (1, 2, 3)}}, StaticArraysCore.SMatrix{3, 3, Float32, 9}}, ClimaCore.Geometry.Tensor{2, Float32, Tuple{ClimaCore.Geometry.Components{ClimaCore.Geometry.Contravariant, (1, 2, 3)}, ClimaCore.Geometry.Components{ClimaCore.Geometry.Contravariant, (1, 2, 3)}}, StaticArraysCore.SMatrix{3, 3, Float32, 9}}}, 91, Matrix{Float32}}}, ClimaCore.Grids.CellCenter}}, ᶜtemp_CT123::ClimaCore.Fields.Field{ClimaCore.DataLayouts.VF{ClimaCore.Geometry.Contravariant123Vector{Float32}, 90, Matrix{Float32}}, ClimaCore.Spaces.FiniteDifferenceSpace{ClimaCore.Grids.FiniteDifferenceGrid{ClimaCore.Topologies.IntervalTopology{ClimaComms.SingletonCommsContext{ClimaComms.CPUSingleThreaded}, ClimaCore.Meshes.IntervalMesh{ClimaCore.Meshes.Uniform, ClimaCore.Domains.IntervalDomain{ClimaCore.Geometry.ZPoint{Float32}, Tuple{Symbol, Symbol}}, LinRange{ClimaCore.Geometry.ZPoint{Float32}, Int64}, Nothing}, @NamedTuple{bottom::Int64, top::Int64}}, ClimaCore.Geometry.CartesianGlobalGeometry, ClimaCore.DataLayouts.VF{ClimaCore.Geometry.LocalGeometry{(3,), ClimaCore.Geometry.ZPoint{Float32}, Float32, ClimaCore.Geometry.Tensor{2, Float32, Tuple{ClimaCore.Geometry.Components{ClimaCore.Geometry.Orthonormal, (1, 2, 3)}, ClimaCore.Geometry.Components{ClimaCore.Geometry.Covariant, (1, 2, 3)}}, StaticArraysCore.SMatrix{3, 3, Float32, 9}}, ClimaCore.Geometry.Tensor{2, Float32, Tuple{ClimaCore.Geometry.Components{ClimaCore.Geometry.Contravariant, (1, 2, 3)}, ClimaCore.Geometry.Components{ClimaCore.Geometry.Contravariant, (1, 2, 3)}}, StaticArraysCore.SMatrix{3, 3, Float32, 9}}}, 90, Matrix{Float32}}, ClimaCore.DataLayouts.VF{ClimaCore.Geometry.LocalGeometry{(3,), ClimaCore.Geometry.ZPoint{Float32}, Float32, ClimaCore.Geometry.Tensor{2, Float32, Tuple{ClimaCore.Geometry.Components{ClimaCore.Geometry.Orthonormal, (1, 2, 3)}, ClimaCore.Geometry.Components{ClimaCore.Geometry.Covariant, (1, 2, 3)}}, StaticArraysCore.SMatrix{3, 3, Float32, 9}}, ClimaCore.Geometry.Tensor{2, Float32, Tuple{ClimaCore.Geometry.Components{ClimaCore.Geometry.Contravariant, (1, 2, 3)}, ClimaCore.Geometry.Components{ClimaCore.Geometry.Contravariant, (1, 2, 3)}}, StaticArraysCore.SMatrix{3, 3, Float32, 9}}}, 91, Matrix{Float32}}}, ClimaCore.Grids.CellCenter}}, ᶠtemp_CT3::ClimaCore.Fields.Field{ClimaCore.DataLayouts.VF{ClimaCore.Geometry.Contravariant3Vector{Float32}, 91, Matrix{Float32}}, ClimaCore.Spaces.FiniteDifferenceSpace{ClimaCore.Grids.FiniteDifferenceGrid{ClimaCore.Topologies.IntervalTopology{ClimaComms.SingletonCommsContext{ClimaComms.CPUSingleThreaded}, ClimaCore.Meshes.IntervalMesh{ClimaCore.Meshes.Uniform, ClimaCore.Domains.IntervalDomain{ClimaCore.Geometry.ZPoint{Float32}, Tuple{Symbol, Symbol}}, LinRange{ClimaCore.Geometry.ZPoint{Float32}, Int64}, Nothing}, @NamedTuple{bottom::Int64, top::Int64}}, ClimaCore.Geometry.CartesianGlobalGeometry, ClimaCore.DataLayouts.VF{ClimaCore.Geometry.LocalGeometry{(3,), ClimaCore.Geometry.ZPoint{Float32}, Float32, ClimaCore.Geometry.Tensor{2, Float32, Tuple{ClimaCore.Geometry.Components{ClimaCore.Geometry.Orthonormal, (1, 2, 3)}, ClimaCore.Geometry.Components{ClimaCore.Geometry.Covariant, (1, 2, 3)}}, StaticArraysCore.SMatrix{3, 3, Float32, 9}}, ClimaCore.Geometry.Tensor{2, Float32, Tuple{ClimaCore.Geometry.Components{ClimaCore.Geometry.Contravariant, (1, 2, 3)}, ClimaCore.Geometry.Components{ClimaCore.Geometry.Contravariant, (1, 2, 3)}}, StaticArraysCore.SMatrix{3, 3, Float32, 9}}}, 90, Matrix{Float32}}, ClimaCore.DataLayouts.VF{ClimaCore.Geometry.LocalGeometry{(3,), ClimaCore.Geometry.ZPoint{Float32}, Float32, ClimaCore.Geometry.Tensor{2, Float32, Tuple{ClimaCore.Geometry.Components{ClimaCore.Geometry.Orthonormal, (1, 2, 3)}, ClimaCore.Geometry.Components{ClimaCore.Geometry.Covariant, (1, 2, 3)}}, StaticArraysCore.SMatrix{3, 3, Float32, 9}}, ClimaCore.Geometry.Tensor{2, Float32, Tuple{ClimaCore.Geometry.Components{ClimaCore.Geometry.Contravariant, (1, 2, 3)}, ClimaCore.Geometry.Components{ClimaCore.Geometry.Contravariant, (1, 2, 3)}}, StaticArraysCore.SMatrix{3, 3, Float32, 9}}}, 91, Matrix{Float32}}}, ClimaCore.Grids.CellFace}}, ᶠtemp_CT12::ClimaCore.Fields.Field{ClimaCore.DataLayouts.VF{ClimaCore.Geometry.Contravariant12Vector{Float32}, 91, Matrix{Float32}}, ClimaCore.Spaces.FiniteDifferenceSpace{ClimaCore.Grids.FiniteDifferenceGrid{ClimaCore.Topologies.IntervalTopology{ClimaComms.SingletonCommsContext{ClimaComms.CPUSingleThreaded}, ClimaCore.Meshes.IntervalMesh{ClimaCore.Meshes.Uniform, ClimaCore.Domains.IntervalDomain{ClimaCore.Geometry.ZPoint{Float32}, Tuple{Symbol, Symbol}}, LinRange{ClimaCore.Geometry.ZPoint{Float32}, Int64}, Nothing}, @NamedTuple{bottom::Int64, top::Int64}}, ClimaCore.Geometry.CartesianGlobalGeometry, ClimaCore.DataLayouts.VF{ClimaCore.Geometry.LocalGeometry{(3,), ClimaCore.Geometry.ZPoint{Float32}, Float32, ClimaCore.Geometry.Tensor{2, Float32, Tuple{ClimaCore.Geometry.Components{ClimaCore.Geometry.Orthonormal, (1, 2, 3)}, ClimaCore.Geometry.Components{ClimaCore.Geometry.Covariant, (1, 2, 3)}}, StaticArraysCore.SMatrix{3, 3, Float32, 9}}, ClimaCore.Geometry.Tensor{2, Float32, Tuple{ClimaCore.Geometry.Components{ClimaCore.Geometry.Contravariant, (1, 2, 3)}, ClimaCore.Geometry.Components{ClimaCore.Geometry.Contravariant, (1, 2, 3)}}, StaticArraysCore.SMatrix{3, 3, Float32, 9}}}, 90, Matrix{Float32}}, ClimaCore.DataLayouts.VF{ClimaCore.Geometry.LocalGeometry{(3,), ClimaCore.Geometry.ZPoint{Float32}, Float32, ClimaCore.Geometry.Tensor{2, Float32, Tuple{ClimaCore.Geometry.Components{ClimaCore.Geometry.Orthonormal, (1, 2, 3)}, ClimaCore.Geometry.Components{ClimaCore.Geometry.Covariant, (1, 2, 3)}}, StaticArraysCore.SMatrix{3, 3, Float32, 9}}, ClimaCore.Geometry.Tensor{2, Float32, Tuple{ClimaCore.Geometry.Components{ClimaCore.Geometry.Contravariant, (1, 2, 3)}, ClimaCore.Geometry.Components{ClimaCore.Geometry.Contravariant, (1, 2, 3)}}, StaticArraysCore.SMatrix{3, 3, Float32, 9}}}, 91, Matrix{Float32}}}, ClimaCore.Grids.CellFace}}, ᶠtemp_CT12ʲs::ClimaCore.Fields.Field{ClimaCore.DataLayouts.VF{Tuple{ClimaCore.Geometry.Contravariant12Vector{Float32}}, 91, Matrix{Float32}}, ClimaCore.Spaces.FiniteDifferenceSpace{ClimaCore.Grids.FiniteDifferenceGrid{ClimaCore.Topologies.IntervalTopology{ClimaComms.SingletonCommsContext{ClimaComms.CPUSingleThreaded}, ClimaCore.Meshes.IntervalMesh{ClimaCore.Meshes.Uniform, ClimaCore.Domains.IntervalDomain{ClimaCore.Geometry.ZPoint{Float32}, Tuple{Symbol, Symbol}}, LinRange{ClimaCore.Geometry.ZPoint{Float32}, Int64}, Nothing}, @NamedTuple{bottom::Int64, top::Int64}}, ClimaCore.Geometry.CartesianGlobalGeometry, ClimaCore.DataLayouts.VF{ClimaCore.Geometry.LocalGeometry{(3,), ClimaCore.Geometry.ZPoint{Float32}, Float32, ClimaCore.Geometry.Tensor{2, Float32, Tuple{ClimaCore.Geometry.Components{ClimaCore.Geometry.Orthonormal, (1, 2, 3)}, ClimaCore.Geometry.Components{ClimaCore.Geometry.Covariant, (1, 2, 3)}}, StaticArraysCore.SMatrix{3, 3, Float32, 9}}, ClimaCore.Geometry.Tensor{2, Float32, Tuple{ClimaCore.Geometry.Components{ClimaCore.Geometry.Contravariant, (1, 2, 3)}, ClimaCore.Geometry.Components{ClimaCore.Geometry.Contravariant, (1, 2, 3)}}, StaticArraysCore.SMatrix{3, 3, Float32, 9}}}, 90, Matrix{Float32}}, ClimaCore.DataLayouts.VF{ClimaCore.Geometry.LocalGeometry{(3,), ClimaCore.Geometry.ZPoint{Float32}, Float32, ClimaCore.Geometry.Tensor{2, Float32, Tuple{ClimaCore.Geometry.Components{ClimaCore.Geometry.Orthonormal, (1, 2, 3)}, ClimaCore.Geometry.Components{ClimaCore.Geometry.Covariant, (1, 2, 3)}}, StaticArraysCore.SMatrix{3, 3, Float32, 9}}, ClimaCore.Geometry.Tensor{2, Float32, Tuple{ClimaCore.Geometry.Components{ClimaCore.Geometry.Contravariant, (1, 2, 3)}, ClimaCore.Geometry.Components{ClimaCore.Geometry.Contravariant, (1, 2, 3)}}, StaticArraysCore.SMatrix{3, 3, Float32, 9}}}, 91, Matrix{Float32}}}, ClimaCore.Grids.CellFace}}, ᶜbidiagonal_adjoint_matrix_c3::ClimaCore.Fields.Field{ClimaCore.DataLayouts.VF{ClimaCore.MatrixFields.BidiagonalMatrixRow{ClimaCore.Geometry.Tensor{2, Float32, Tuple{ClimaCore.Geometry.Components{ClimaCore.Geometry.OneScalar, (nothing,)}, ClimaCore.Geometry.Components{ClimaCore.Geometry.Covariant, (3,)}}, LinearAlgebra.Adjoint{Float32, StaticArraysCore.SVector{1, Float32}}}}, 90, Matrix{Float32}}, ClimaCore.Spaces.FiniteDifferenceSpace{ClimaCore.Grids.FiniteDifferenceGrid{ClimaCore.Topologies.IntervalTopology{ClimaComms.SingletonCommsContext{ClimaComms.CPUSingleThreaded}, ClimaCore.Meshes.IntervalMesh{ClimaCore.Meshes.Uniform, ClimaCore.Domains.IntervalDomain{ClimaCore.Geometry.ZPoint{Float32}, Tuple{Symbol, Symbol}}, LinRange{ClimaCore.Geometry.ZPoint{Float32}, Int64}, Nothing}, @NamedTuple{bottom::Int64, top::Int64}}, ClimaCore.Geometry.CartesianGlobalGeometry, ClimaCore.DataLayouts.VF{ClimaCore.Geometry.LocalGeometry{(3,), ClimaCore.Geometry.ZPoint{Float32}, Float32, ClimaCore.Geometry.Tensor{2, Float32, Tuple{ClimaCore.Geometry.Components{ClimaCore.Geometry.Orthonormal, (1, 2, 3)}, ClimaCore.Geometry.Components{ClimaCore.Geometry.Covariant, (1, 2, 3)}}, StaticArraysCore.SMatrix{3, 3, Float32, 9}}, ClimaCore.Geometry.Tensor{2, Float32, Tuple{ClimaCore.Geometry.Components{ClimaCore.Geometry.Contravariant, (1, 2, 3)}, ClimaCore.Geometry.Components{ClimaCore.Geometry.Contravariant, (1, 2, 3)}}, StaticArraysCore.SMatrix{3, 3, Float32, 9}}}, 90, Matrix{Float32}}, ClimaCore.DataLayouts.VF{ClimaCore.Geometry.LocalGeometry{(3,), ClimaCore.Geometry.ZPoint{Float32}, Float32, ClimaCore.Geometry.Tensor{2, Float32, Tuple{ClimaCore.Geometry.Components{ClimaCore.Geometry.Orthonormal, (1, 2, 3)}, ClimaCore.Geometry.Components{ClimaCore.Geometry.Covariant, (1, 2, 3)}}, StaticArraysCore.SMatrix{3, 3, Float32, 9}}, ClimaCore.Geometry.Tensor{2, Float32, Tuple{ClimaCore.Geometry.Components{ClimaCore.Geometry.Contravariant, (1, 2, 3)}, ClimaCore.Geometry.Components{ClimaCore.Geometry.Contravariant, (1, 2, 3)}}, StaticArraysCore.SMatrix{3, 3, Float32, 9}}}, 91, Matrix{Float32}}}, ClimaCore.Grids.CellCenter}}, ᶜtemp_bdmr::ClimaCore.Fields.Field{ClimaCore.DataLayouts.VF{ClimaCore.MatrixFields.BidiagonalMatrixRow{Float32}, 90, Matrix{Float32}}, ClimaCore.Spaces.FiniteDifferenceSpace{ClimaCore.Grids.FiniteDifferenceGrid{ClimaCore.Topologies.IntervalTopology{ClimaComms.SingletonCommsContext{ClimaComms.CPUSingleThreaded}, ClimaCore.Meshes.IntervalMesh{ClimaCore.Meshes.Uniform, ClimaCore.Domains.IntervalDomain{ClimaCore.Geometry.ZPoint{Float32}, Tuple{Symbol, Symbol}}, LinRange{ClimaCore.Geometry.ZPoint{Float32}, Int64}, Nothing}, @NamedTuple{bottom::Int64, top::Int64}}, ClimaCore.Geometry.CartesianGlobalGeometry, ClimaCore.DataLayouts.VF{ClimaCore.Geometry.LocalGeometry{(3,), ClimaCore.Geometry.ZPoint{Float32}, Float32, ClimaCore.Geometry.Tensor{2, Float32, Tuple{ClimaCore.Geometry.Components{ClimaCore.Geometry.Orthonormal, (1, 2, 3)}, ClimaCore.Geometry.Components{ClimaCore.Geometry.Covariant, (1, 2, 3)}}, StaticArraysCore.SMatrix{3, 3, Float32, 9}}, ClimaCore.Geometry.Tensor{2, Float32, Tuple{ClimaCore.Geometry.Components{ClimaCore.Geometry.Contravariant, (1, 2, 3)}, ClimaCore.Geometry.Components{ClimaCore.Geometry.Contravariant, (1, 2, 3)}}, StaticArraysCore.SMatrix{3, 3, Float32, 9}}}, 90, Matrix{Float32}}, ClimaCore.DataLayouts.VF{ClimaCore.Geometry.LocalGeometry{(3,), ClimaCore.Geometry.ZPoint{Float32}, Float32, ClimaCore.Geometry.Tensor{2, Float32, Tuple{ClimaCore.Geometry.Components{ClimaCore.Geometry.Orthonormal, (1, 2, 3)}, ClimaCore.Geometry.Components{ClimaCore.Geometry.Covariant, (1, 2, 3)}}, StaticArraysCore.SMatrix{3, 3, Float32, 9}}, ClimaCore.Geometry.Tensor{2, Float32, Tuple{ClimaCore.Geometry.Components{ClimaCore.Geometry.Contravariant, (1, 2, 3)}, ClimaCore.Geometry.Components{ClimaCore.Geometry.Contravariant, (1, 2, 3)}}, StaticArraysCore.SMatrix{3, 3, Float32, 9}}}, 91, Matrix{Float32}}}, ClimaCore.Grids.CellCenter}}, ᶜtemp_bdmr_2::ClimaCore.Fields.Field{ClimaCore.DataLayouts.VF{ClimaCore.MatrixFields.BidiagonalMatrixRow{Float32}, 90, Matrix{Float32}}, ClimaCore.Spaces.FiniteDifferenceSpace{ClimaCore.Grids.FiniteDifferenceGrid{ClimaCore.Topologies.IntervalTopology{ClimaComms.SingletonCommsContext{ClimaComms.CPUSingleThreaded}, ClimaCore.Meshes.IntervalMesh{ClimaCore.Meshes.Uniform, ClimaCore.Domains.IntervalDomain{ClimaCore.Geometry.ZPoint{Float32}, Tuple{Symbol, Symbol}}, LinRange{ClimaCore.Geometry.ZPoint{Float32}, Int64}, Nothing}, @NamedTuple{bottom::Int64, top::Int64}}, ClimaCore.Geometry.CartesianGlobalGeometry, ClimaCore.DataLayouts.VF{ClimaCore.Geometry.LocalGeometry{(3,), ClimaCore.Geometry.ZPoint{Float32}, Float32, ClimaCore.Geometry.Tensor{2, Float32, Tuple{ClimaCore.Geometry.Components{ClimaCore.Geometry.Orthonormal, (1, 2, 3)}, ClimaCore.Geometry.Components{ClimaCore.Geometry.Covariant, (1, 2, 3)}}, StaticArraysCore.SMatrix{3, 3, Float32, 9}}, ClimaCore.Geometry.Tensor{2, Float32, Tuple{ClimaCore.Geometry.Components{ClimaCore.Geometry.Contravariant, (1, 2, 3)}, ClimaCore.Geometry.Components{ClimaCore.Geometry.Contravariant, (1, 2, 3)}}, StaticArraysCore.SMatrix{3, 3, Float32, 9}}}, 90, Matrix{Float32}}, ClimaCore.DataLayouts.VF{ClimaCore.Geometry.LocalGeometry{(3,), ClimaCore.Geometry.ZPoint{Float32}, Float32, ClimaCore.Geometry.Tensor{2, Float32, Tuple{ClimaCore.Geometry.Components{ClimaCore.Geometry.Orthonormal, (1, 2, 3)}, ClimaCore.Geometry.Components{ClimaCore.Geometry.Covariant, (1, 2, 3)}}, StaticArraysCore.SMatrix{3, 3, Float32, 9}}, ClimaCore.Geometry.Tensor{2, Float32, Tuple{ClimaCore.Geometry.Components{ClimaCore.Geometry.Contravariant, (1, 2, 3)}, ClimaCore.Geometry.Components{ClimaCore.Geometry.Contravariant, (1, 2, 3)}}, StaticArraysCore.SMatrix{3, 3, Float32, 9}}}, 91, Matrix{Float32}}}, ClimaCore.Grids.CellCenter}}, ᶜtemp_bdmr_3::ClimaCore.Fields.Field{ClimaCore.DataLayouts.VF{ClimaCore.MatrixFields.BidiagonalMatrixRow{Float32}, 90, Matrix{Float32}}, ClimaCore.Spaces.FiniteDifferenceSpace{ClimaCore.Grids.FiniteDifferenceGrid{ClimaCore.Topologies.IntervalTopology{ClimaComms.SingletonCommsContext{ClimaComms.CPUSingleThreaded}, ClimaCore.Meshes.IntervalMesh{ClimaCore.Meshes.Uniform, ClimaCore.Domains.IntervalDomain{ClimaCore.Geometry.ZPoint{Float32}, Tuple{Symbol, Symbol}}, LinRange{ClimaCore.Geometry.ZPoint{Float32}, Int64}, Nothing}, @NamedTuple{bottom::Int64, top::Int64}}, ClimaCore.Geometry.CartesianGlobalGeometry, ClimaCore.DataLayouts.VF{ClimaCore.Geometry.LocalGeometry{(3,), ClimaCore.Geometry.ZPoint{Float32}, Float32, ClimaCore.Geometry.Tensor{2, Float32, Tuple{ClimaCore.Geometry.Components{ClimaCore.Geometry.Orthonormal, (1, 2, 3)}, ClimaCore.Geometry.Components{ClimaCore.Geometry.Covariant, (1, 2, 3)}}, StaticArraysCore.SMatrix{3, 3, Float32, 9}}, ClimaCore.Geometry.Tensor{2, Float32, Tuple{ClimaCore.Geometry.Components{ClimaCore.Geometry.Contravariant, (1, 2, 3)}, ClimaCore.Geometry.Components{ClimaCore.Geometry.Contravariant, (1, 2, 3)}}, StaticArraysCore.SMatrix{3, 3, Float32, 9}}}, 90, Matrix{Float32}}, ClimaCore.DataLayouts.VF{ClimaCore.Geometry.LocalGeometry{(3,), ClimaCore.Geometry.ZPoint{Float32}, Float32, ClimaCore.Geometry.Tensor{2, Float32, Tuple{ClimaCore.Geometry.Components{ClimaCore.Geometry.Orthonormal, (1, 2, 3)}, ClimaCore.Geometry.Components{ClimaCore.Geometry.Covariant, (1, 2, 3)}}, StaticArraysCore.SMatrix{3, 3, Float32, 9}}, ClimaCore.Geometry.Tensor{2, Float32, Tuple{ClimaCore.Geometry.Components{ClimaCore.Geometry.Contravariant, (1, 2, 3)}, ClimaCore.Geometry.Components{ClimaCore.Geometry.Contravariant, (1, 2, 3)}}, StaticArraysCore.SMatrix{3, 3, Float32, 9}}}, 91, Matrix{Float32}}}, ClimaCore.Grids.CellCenter}}, ᶠtemp_C123::ClimaCore.Fields.Field{ClimaCore.DataLayouts.VF{ClimaCore.Geometry.Covariant123Vector{Float32}, 91, Matrix{Float32}}, ClimaCore.Spaces.FiniteDifferenceSpace{ClimaCore.Grids.FiniteDifferenceGrid{ClimaCore.Topologies.IntervalTopology{ClimaComms.SingletonCommsContext{ClimaComms.CPUSingleThreaded}, ClimaCore.Meshes.IntervalMesh{ClimaCore.Meshes.Uniform, ClimaCore.Domains.IntervalDomain{ClimaCore.Geometry.ZPoint{Float32}, Tuple{Symbol, Symbol}}, LinRange{ClimaCore.Geometry.ZPoint{Float32}, Int64}, Nothing}, @NamedTuple{bottom::Int64, top::Int64}}, ClimaCore.Geometry.CartesianGlobalGeometry, ClimaCore.DataLayouts.VF{ClimaCore.Geometry.LocalGeometry{(3,), ClimaCore.Geometry.ZPoint{Float32}, Float32, ClimaCore.Geometry.Tensor{2, Float32, Tuple{ClimaCore.Geometry.Components{ClimaCore.Geometry.Orthonormal, (1, 2, 3)}, ClimaCore.Geometry.Components{ClimaCore.Geometry.Covariant, (1, 2, 3)}}, StaticArraysCore.SMatrix{3, 3, Float32, 9}}, ClimaCore.Geometry.Tensor{2, Float32, Tuple{ClimaCore.Geometry.Components{ClimaCore.Geometry.Contravariant, (1, 2, 3)}, ClimaCore.Geometry.Components{ClimaCore.Geometry.Contravariant, (1, 2, 3)}}, StaticArraysCore.SMatrix{3, 3, Float32, 9}}}, 90, Matrix{Float32}}, ClimaCore.DataLayouts.VF{ClimaCore.Geometry.LocalGeometry{(3,), ClimaCore.Geometry.ZPoint{Float32}, Float32, ClimaCore.Geometry.Tensor{2, Float32, Tuple{ClimaCore.Geometry.Components{ClimaCore.Geometry.Orthonormal, (1, 2, 3)}, ClimaCore.Geometry.Components{ClimaCore.Geometry.Covariant, (1, 2, 3)}}, StaticArraysCore.SMatrix{3, 3, Float32, 9}}, ClimaCore.Geometry.Tensor{2, Float32, Tuple{ClimaCore.Geometry.Components{ClimaCore.Geometry.Contravariant, (1, 2, 3)}, ClimaCore.Geometry.Components{ClimaCore.Geometry.Contravariant, (1, 2, 3)}}, StaticArraysCore.SMatrix{3, 3, Float32, 9}}}, 91, Matrix{Float32}}}, ClimaCore.Grids.CellFace}}, ᶜtemp_UVW::ClimaCore.Fields.Field{ClimaCore.DataLayouts.VF{ClimaCore.Geometry.UVWVector{Float32}, 90, Matrix{Float32}}, ClimaCore.Spaces.FiniteDifferenceSpace{ClimaCore.Grids.FiniteDifferenceGrid{ClimaCore.Topologies.IntervalTopology{ClimaComms.SingletonCommsContext{ClimaComms.CPUSingleThreaded}, ClimaCore.Meshes.IntervalMesh{ClimaCore.Meshes.Uniform, ClimaCore.Domains.IntervalDomain{ClimaCore.Geometry.ZPoint{Float32}, Tuple{Symbol, Symbol}}, LinRange{ClimaCore.Geometry.ZPoint{Float32}, Int64}, Nothing}, @NamedTuple{bottom::Int64, top::Int64}}, ClimaCore.Geometry.CartesianGlobalGeometry, ClimaCore.DataLayouts.VF{ClimaCore.Geometry.LocalGeometry{(3,), ClimaCore.Geometry.ZPoint{Float32}, Float32, ClimaCore.Geometry.Tensor{2, Float32, Tuple{ClimaCore.Geometry.Components{ClimaCore.Geometry.Orthonormal, (1, 2, 3)}, ClimaCore.Geometry.Components{ClimaCore.Geometry.Covariant, (1, 2, 3)}}, StaticArraysCore.SMatrix{3, 3, Float32, 9}}, ClimaCore.Geometry.Tensor{2, Float32, Tuple{ClimaCore.Geometry.Components{ClimaCore.Geometry.Contravariant, (1, 2, 3)}, ClimaCore.Geometry.Components{ClimaCore.Geometry.Contravariant, (1, 2, 3)}}, StaticArraysCore.SMatrix{3, 3, Float32, 9}}}, 90, Matrix{Float32}}, ClimaCore.DataLayouts.VF{ClimaCore.Geometry.LocalGeometry{(3,), ClimaCore.Geometry.ZPoint{Float32}, Float32, ClimaCore.Geometry.Tensor{2, Float32, Tuple{ClimaCore.Geometry.Components{ClimaCore.Geometry.Orthonormal, (1, 2, 3)}, ClimaCore.Geometry.Components{ClimaCore.Geometry.Covariant, (1, 2, 3)}}, StaticArraysCore.SMatrix{3, 3, Float32, 9}}, ClimaCore.Geometry.Tensor{2, Float32, Tuple{ClimaCore.Geometry.Components{ClimaCore.Geometry.Contravariant, (1, 2, 3)}, ClimaCore.Geometry.Components{ClimaCore.Geometry.Contravariant, (1, 2, 3)}}, StaticArraysCore.SMatrix{3, 3, Float32, 9}}}, 91, Matrix{Float32}}}, ClimaCore.Grids.CellCenter}}, ᶠtemp_UVW::ClimaCore.Fields.Field{ClimaCore.DataLayouts.VF{ClimaCore.Geometry.UVWVector{Float32}, 91, Matrix{Float32}}, ClimaCore.Spaces.FiniteDifferenceSpace{ClimaCore.Grids.FiniteDifferenceGrid{ClimaCore.Topologies.IntervalTopology{ClimaComms.SingletonCommsContext{ClimaComms.CPUSingleThreaded}, ClimaCore.Meshes.IntervalMesh{ClimaCore.Meshes.Uniform, ClimaCore.Domains.IntervalDomain{ClimaCore.Geometry.ZPoint{Float32}, Tuple{Symbol, Symbol}}, LinRange{ClimaCore.Geometry.ZPoint{Float32}, Int64}, Nothing}, @NamedTuple{bottom::Int64, top::Int64}}, ClimaCore.Geometry.CartesianGlobalGeometry, ClimaCore.DataLayouts.VF{ClimaCore.Geometry.LocalGeometry{(3,), ClimaCore.Geometry.ZPoint{Float32}, Float32, ClimaCore.Geometry.Tensor{2, Float32, Tuple{ClimaCore.Geometry.Components{ClimaCore.Geometry.Orthonormal, (1, 2, 3)}, ClimaCore.Geometry.Components{ClimaCore.Geometry.Covariant, (1, 2, 3)}}, StaticArraysCore.SMatrix{3, 3, Float32, 9}}, ClimaCore.Geometry.Tensor{2, Float32, Tuple{ClimaCore.Geometry.Components{ClimaCore.Geometry.Contravariant, (1, 2, 3)}, ClimaCore.Geometry.Components{ClimaCore.Geometry.Contravariant, (1, 2, 3)}}, StaticArraysCore.SMatrix{3, 3, Float32, 9}}}, 90, Matrix{Float32}}, ClimaCore.DataLayouts.VF{ClimaCore.Geometry.LocalGeometry{(3,), ClimaCore.Geometry.ZPoint{Float32}, Float32, ClimaCore.Geometry.Tensor{2, Float32, Tuple{ClimaCore.Geometry.Components{ClimaCore.Geometry.Orthonormal, (1, 2, 3)}, ClimaCore.Geometry.Components{ClimaCore.Geometry.Covariant, (1, 2, 3)}}, StaticArraysCore.SMatrix{3, 3, Float32, 9}}, ClimaCore.Geometry.Tensor{2, Float32, Tuple{ClimaCore.Geometry.Components{ClimaCore.Geometry.Contravariant, (1, 2, 3)}, ClimaCore.Geometry.Components{ClimaCore.Geometry.Contravariant, (1, 2, 3)}}, StaticArraysCore.SMatrix{3, 3, Float32, 9}}}, 91, Matrix{Float32}}}, ClimaCore.Grids.CellFace}}, ᶜtemp_UVWxUVW::ClimaCore.Fields.Field{ClimaCore.DataLayouts.VF{ClimaCore.Geometry.Tensor{2, Float32, Tuple{ClimaCore.Geometry.Components{ClimaCore.Geometry.Orthonormal, (1, 2, 3)}, ClimaCore.Geometry.Components{ClimaCore.Geometry.Orthonormal, (1, 2, 3)}}, StaticArraysCore.SMatrix{3, 3, Float32, 9}}, 90, Matrix{Float32}}, ClimaCore.Spaces.FiniteDifferenceSpace{ClimaCore.Grids.FiniteDifferenceGrid{ClimaCore.Topologies.IntervalTopology{ClimaComms.SingletonCommsContext{ClimaComms.CPUSingleThreaded}, ClimaCore.Meshes.IntervalMesh{ClimaCore.Meshes.Uniform, ClimaCore.Domains.IntervalDomain{ClimaCore.Geometry.ZPoint{Float32}, Tuple{Symbol, Symbol}}, LinRange{ClimaCore.Geometry.ZPoint{Float32}, Int64}, Nothing}, @NamedTuple{bottom::Int64, top::Int64}}, ClimaCore.Geometry.CartesianGlobalGeometry, ClimaCore.DataLayouts.VF{ClimaCore.Geometry.LocalGeometry{(3,), ClimaCore.Geometry.ZPoint{Float32}, Float32, ClimaCore.Geometry.Tensor{2, Float32, Tuple{ClimaCore.Geometry.Components{ClimaCore.Geometry.Orthonormal, (1, 2, 3)}, ClimaCore.Geometry.Components{ClimaCore.Geometry.Covariant, (1, 2, 3)}}, StaticArraysCore.SMatrix{3, 3, Float32, 9}}, ClimaCore.Geometry.Tensor{2, Float32, Tuple{ClimaCore.Geometry.Components{ClimaCore.Geometry.Contravariant, (1, 2, 3)}, ClimaCore.Geometry.Components{ClimaCore.Geometry.Contravariant, (1, 2, 3)}}, StaticArraysCore.SMatrix{3, 3, Float32, 9}}}, 90, Matrix{Float32}}, ClimaCore.DataLayouts.VF{ClimaCore.Geometry.LocalGeometry{(3,), ClimaCore.Geometry.ZPoint{Float32}, Float32, ClimaCore.Geometry.Tensor{2, Float32, Tuple{ClimaCore.Geometry.Components{ClimaCore.Geometry.Orthonormal, (1, 2, 3)}, ClimaCore.Geometry.Components{ClimaCore.Geometry.Covariant, (1, 2, 3)}}, StaticArraysCore.SMatrix{3, 3, Float32, 9}}, ClimaCore.Geometry.Tensor{2, Float32, Tuple{ClimaCore.Geometry.Components{ClimaCore.Geometry.Contravariant, (1, 2, 3)}, ClimaCore.Geometry.Components{ClimaCore.Geometry.Contravariant, (1, 2, 3)}}, StaticArraysCore.SMatrix{3, 3, Float32, 9}}}, 91, Matrix{Float32}}}, ClimaCore.Grids.CellCenter}}, ᶠtemp_UVWxUVW::ClimaCore.Fields.Field{ClimaCore.DataLayouts.VF{ClimaCore.Geometry.Tensor{2, Float32, Tuple{ClimaCore.Geometry.Components{ClimaCore.Geometry.Orthonormal, (1, 2, 3)}, ClimaCore.Geometry.Components{ClimaCore.Geometry.Orthonormal, (1, 2, 3)}}, StaticArraysCore.SMatrix{3, 3, Float32, 9}}, 91, Matrix{Float32}}, ClimaCore.Spaces.FiniteDifferenceSpace{ClimaCore.Grids.FiniteDifferenceGrid{ClimaCore.Topologies.IntervalTopology{ClimaComms.SingletonCommsContext{ClimaComms.CPUSingleThreaded}, ClimaCore.Meshes.IntervalMesh{ClimaCore.Meshes.Uniform, ClimaCore.Domains.IntervalDomain{ClimaCore.Geometry.ZPoint{Float32}, Tuple{Symbol, Symbol}}, LinRange{ClimaCore.Geometry.ZPoint{Float32}, Int64}, Nothing}, @NamedTuple{bottom::Int64, top::Int64}}, ClimaCore.Geometry.CartesianGlobalGeometry, ClimaCore.DataLayouts.VF{ClimaCore.Geometry.LocalGeometry{(3,), ClimaCore.Geometry.ZPoint{Float32}, Float32, ClimaCore.Geometry.Tensor{2, Float32, Tuple{ClimaCore.Geometry.Components{ClimaCore.Geometry.Orthonormal, (1, 2, 3)}, ClimaCore.Geometry.Components{ClimaCore.Geometry.Covariant, (1, 2, 3)}}, StaticArraysCore.SMatrix{3, 3, Float32, 9}}, ClimaCore.Geometry.Tensor{2, Float32, Tuple{ClimaCore.Geometry.Components{ClimaCore.Geometry.Contravariant, (1, 2, 3)}, ClimaCore.Geometry.Components{ClimaCore.Geometry.Contravariant, (1, 2, 3)}}, StaticArraysCore.SMatrix{3, 3, Float32, 9}}}, 90, Matrix{Float32}}, ClimaCore.DataLayouts.VF{ClimaCore.Geometry.LocalGeometry{(3,), ClimaCore.Geometry.ZPoint{Float32}, Float32, ClimaCore.Geometry.Tensor{2, Float32, Tuple{ClimaCore.Geometry.Components{ClimaCore.Geometry.Orthonormal, (1, 2, 3)}, ClimaCore.Geometry.Components{ClimaCore.Geometry.Covariant, (1, 2, 3)}}, StaticArraysCore.SMatrix{3, 3, Float32, 9}}, ClimaCore.Geometry.Tensor{2, Float32, Tuple{ClimaCore.Geometry.Components{ClimaCore.Geometry.Contravariant, (1, 2, 3)}, ClimaCore.Geometry.Components{ClimaCore.Geometry.Contravariant, (1, 2, 3)}}, StaticArraysCore.SMatrix{3, 3, Float32, 9}}}, 91, Matrix{Float32}}}, ClimaCore.Grids.CellFace}}, ᶜtemp_strain::ClimaCore.Fields.Field{ClimaCore.DataLayouts.VF{ClimaCore.Geometry.Tensor{2, Float32, Tuple{ClimaCore.Geometry.Components{ClimaCore.Geometry.Orthonormal, (1, 2, 3)}, ClimaCore.Geometry.Components{ClimaCore.Geometry.Orthonormal, (1, 2, 3)}}, StaticArraysCore.SMatrix{3, 3, Float32, 9}}, 90, Matrix{Float32}}, ClimaCore.Spaces.FiniteDifferenceSpace{ClimaCore.Grids.FiniteDifferenceGrid{ClimaCore.Topologies.IntervalTopology{ClimaComms.SingletonCommsContext{ClimaComms.CPUSingleThreaded}, ClimaCore.Meshes.IntervalMesh{ClimaCore.Meshes.Uniform, ClimaCore.Domains.IntervalDomain{ClimaCore.Geometry.ZPoint{Float32}, Tuple{Symbol, Symbol}}, LinRange{ClimaCore.Geometry.ZPoint{Float32}, Int64}, Nothing}, @NamedTuple{bottom::Int64, top::Int64}}, ClimaCore.Geometry.CartesianGlobalGeometry, ClimaCore.DataLayouts.VF{ClimaCore.Geometry.LocalGeometry{(3,), ClimaCore.Geometry.ZPoint{Float32}, Float32, ClimaCore.Geometry.Tensor{2, Float32, Tuple{ClimaCore.Geometry.Components{ClimaCore.Geometry.Orthonormal, (1, 2, 3)}, ClimaCore.Geometry.Components{ClimaCore.Geometry.Covariant, (1, 2, 3)}}, StaticArraysCore.SMatrix{3, 3, Float32, 9}}, ClimaCore.Geometry.Tensor{2, Float32, Tuple{ClimaCore.Geometry.Components{ClimaCore.Geometry.Contravariant, (1, 2, 3)}, ClimaCore.Geometry.Components{ClimaCore.Geometry.Contravariant, (1, 2, 3)}}, StaticArraysCore.SMatrix{3, 3, Float32, 9}}}, 90, Matrix{Float32}}, ClimaCore.DataLayouts.VF{ClimaCore.Geometry.LocalGeometry{(3,), ClimaCore.Geometry.ZPoint{Float32}, Float32, ClimaCore.Geometry.Tensor{2, Float32, Tuple{ClimaCore.Geometry.Components{ClimaCore.Geometry.Orthonormal, (1, 2, 3)}, ClimaCore.Geometry.Components{ClimaCore.Geometry.Covariant, (1, 2, 3)}}, StaticArraysCore.SMatrix{3, 3, Float32, 9}}, ClimaCore.Geometry.Tensor{2, Float32, Tuple{ClimaCore.Geometry.Components{ClimaCore.Geometry.Contravariant, (1, 2, 3)}, ClimaCore.Geometry.Components{ClimaCore.Geometry.Contravariant, (1, 2, 3)}}, StaticArraysCore.SMatrix{3, 3, Float32, 9}}}, 91, Matrix{Float32}}}, ClimaCore.Grids.CellCenter}}, ᶠtemp_strain::ClimaCore.Fields.Field{ClimaCore.DataLayouts.VF{ClimaCore.Geometry.Tensor{2, Float32, Tuple{ClimaCore.Geometry.Components{ClimaCore.Geometry.Orthonormal, (1, 2, 3)}, ClimaCore.Geometry.Components{ClimaCore.Geometry.Orthonormal, (1, 2, 3)}}, StaticArraysCore.SMatrix{3, 3, Float32, 9}}, 91, Matrix{Float32}}, ClimaCore.Spaces.FiniteDifferenceSpace{ClimaCore.Grids.FiniteDifferenceGrid{ClimaCore.Topologies.IntervalTopology{ClimaComms.SingletonCommsContext{ClimaComms.CPUSingleThreaded}, ClimaCore.Meshes.IntervalMesh{ClimaCore.Meshes.Uniform, ClimaCore.Domains.IntervalDomain{ClimaCore.Geometry.ZPoint{Float32}, Tuple{Symbol, Symbol}}, LinRange{ClimaCore.Geometry.ZPoint{Float32}, Int64}, Nothing}, @NamedTuple{bottom::Int64, top::Int64}}, ClimaCore.Geometry.CartesianGlobalGeometry, ClimaCore.DataLayouts.VF{ClimaCore.Geometry.LocalGeometry{(3,), ClimaCore.Geometry.ZPoint{Float32}, Float32, ClimaCore.Geometry.Tensor{2, Float32, Tuple{ClimaCore.Geometry.Components{ClimaCore.Geometry.Orthonormal, (1, 2, 3)}, ClimaCore.Geometry.Components{ClimaCore.Geometry.Covariant, (1, 2, 3)}}, StaticArraysCore.SMatrix{3, 3, Float32, 9}}, ClimaCore.Geometry.Tensor{2, Float32, Tuple{ClimaCore.Geometry.Components{ClimaCore.Geometry.Contravariant, (1, 2, 3)}, ClimaCore.Geometry.Components{ClimaCore.Geometry.Contravariant, (1, 2, 3)}}, StaticArraysCore.SMatrix{3, 3, Float32, 9}}}, 90, Matrix{Float32}}, ClimaCore.DataLayouts.VF{ClimaCore.Geometry.LocalGeometry{(3,), ClimaCore.Geometry.ZPoint{Float32}, Float32, ClimaCore.Geometry.Tensor{2, Float32, Tuple{ClimaCore.Geometry.Components{ClimaCore.Geometry.Orthonormal, (1, 2, 3)}, ClimaCore.Geometry.Components{ClimaCore.Geometry.Covariant, (1, 2, 3)}}, StaticArraysCore.SMatrix{3, 3, Float32, 9}}, ClimaCore.Geometry.Tensor{2, Float32, Tuple{ClimaCore.Geometry.Components{ClimaCore.Geometry.Contravariant, (1, 2, 3)}, ClimaCore.Geometry.Components{ClimaCore.Geometry.Contravariant, (1, 2, 3)}}, StaticArraysCore.SMatrix{3, 3, Float32, 9}}}, 91, Matrix{Float32}}}, ClimaCore.Grids.CellFace}}, sfc_temp_C3::ClimaCore.Fields.Field{ClimaCore.DataLayouts.DataF{ClimaCore.Geometry.Covariant3Vector{Float32}, Vector{Float32}}, ClimaCore.Spaces.PointSpace{ClimaComms.SingletonCommsContext{ClimaComms.CPUSingleThreaded}, ClimaCore.DataLayouts.DataF{ClimaCore.Geometry.LocalGeometry{(3,), ClimaCore.Geometry.ZPoint{Float32}, Float32, ClimaCore.Geometry.Tensor{2, Float32, Tuple{ClimaCore.Geometry.Components{ClimaCore.Geometry.Orthonormal, (1, 2, 3)}, ClimaCore.Geometry.Components{ClimaCore.Geometry.Covariant, (1, 2, 3)}}, StaticArraysCore.SMatrix{3, 3, Float32, 9}}, ClimaCore.Geometry.Tensor{2, Float32, Tuple{ClimaCore.Geometry.Components{ClimaCore.Geometry.Contravariant, (1, 2, 3)}, ClimaCore.Geometry.Components{ClimaCore.Geometry.Contravariant, (1, 2, 3)}}, StaticArraysCore.SMatrix{3, 3, Float32, 9}}}, SubArray{Float32, 1, Matrix{Float32}, Tuple{Int64, Base.Slice{Base.OneTo{Int64}}}, true}}}}, ∂ᶜK_∂ᶜuₕ::ClimaCore.Fields.Field{ClimaCore.DataLayouts.VF{ClimaCore.MatrixFields.DiagonalMatrixRow{ClimaCore.Geometry.Tensor{2, Float32, Tuple{ClimaCore.Geometry.Components{ClimaCore.Geometry.OneScalar, (nothing,)}, ClimaCore.Geometry.Components{ClimaCore.Geometry.Contravariant, (1, 2)}}, LinearAlgebra.Adjoint{Float32, StaticArraysCore.SVector{2, Float32}}}}, 90, Matrix{Float32}}, ClimaCore.Spaces.FiniteDifferenceSpace{ClimaCore.Grids.FiniteDifferenceGrid{ClimaCore.Topologies.IntervalTopology{ClimaComms.SingletonCommsContext{ClimaComms.CPUSingleThreaded}, ClimaCore.Meshes.IntervalMesh{ClimaCore.Meshes.Uniform, ClimaCore.Domains.IntervalDomain{ClimaCore.Geometry.ZPoint{Float32}, Tuple{Symbol, Symbol}}, LinRange{ClimaCore.Geometry.ZPoint{Float32}, Int64}, Nothing}, @NamedTuple{bottom::Int64, top::Int64}}, ClimaCore.Geometry.CartesianGlobalGeometry, ClimaCore.DataLayouts.VF{ClimaCore.Geometry.LocalGeometry{(3,), ClimaCore.Geometry.ZPoint{Float32}, Float32, ClimaCore.Geometry.Tensor{2, Float32, Tuple{ClimaCore.Geometry.Components{ClimaCore.Geometry.Orthonormal, (1, 2, 3)}, ClimaCore.Geometry.Components{ClimaCore.Geometry.Covariant, (1, 2, 3)}}, StaticArraysCore.SMatrix{3, 3, Float32, 9}}, ClimaCore.Geometry.Tensor{2, Float32, Tuple{ClimaCore.Geometry.Components{ClimaCore.Geometry.Contravariant, (1, 2, 3)}, ClimaCore.Geometry.Components{ClimaCore.Geometry.Contravariant, (1, 2, 3)}}, StaticArraysCore.SMatrix{3, 3, Float32, 9}}}, 90, Matrix{Float32}}, ClimaCore.DataLayouts.VF{ClimaCore.Geometry.LocalGeometry{(3,), ClimaCore.Geometry.ZPoint{Float32}, Float32, ClimaCore.Geometry.Tensor{2, Float32, Tuple{ClimaCore.Geometry.Components{ClimaCore.Geometry.Orthonormal, (1, 2, 3)}, ClimaCore.Geometry.Components{ClimaCore.Geometry.Covariant, (1, 2, 3)}}, StaticArraysCore.SMatrix{3, 3, Float32, 9}}, ClimaCore.Geometry.Tensor{2, Float32, Tuple{ClimaCore.Geometry.Components{ClimaCore.Geometry.Contravariant, (1, 2, 3)}, ClimaCore.Geometry.Components{ClimaCore.Geometry.Contravariant, (1, 2, 3)}}, StaticArraysCore.SMatrix{3, 3, Float32, 9}}}, 91, Matrix{Float32}}}, ClimaCore.Grids.CellCenter}}, ∂ᶜK_∂ᶠu₃::ClimaCore.Fields.Field{ClimaCore.DataLayouts.VF{ClimaCore.MatrixFields.BidiagonalMatrixRow{ClimaCore.Geometry.Tensor{2, Float32, Tuple{ClimaCore.Geometry.Components{ClimaCore.Geometry.OneScalar, (nothing,)}, ClimaCore.Geometry.Components{ClimaCore.Geometry.Contravariant, (3,)}}, LinearAlgebra.Adjoint{Float32, StaticArraysCore.SVector{1, Float32}}}}, 90, Matrix{Float32}}, ClimaCore.Spaces.FiniteDifferenceSpace{ClimaCore.Grids.FiniteDifferenceGrid{ClimaCore.Topologies.IntervalTopology{ClimaComms.SingletonCommsContext{ClimaComms.CPUSingleThreaded}, ClimaCore.Meshes.IntervalMesh{ClimaCore.Meshes.Uniform, ClimaCore.Domains.IntervalDomain{ClimaCore.Geometry.ZPoint{Float32}, Tuple{Symbol, Symbol}}, LinRange{ClimaCore.Geometry.ZPoint{Float32}, Int64}, Nothing}, @NamedTuple{bottom::Int64, top::Int64}}, ClimaCore.Geometry.CartesianGlobalGeometry, ClimaCore.DataLayouts.VF{ClimaCore.Geometry.LocalGeometry{(3,), ClimaCore.Geometry.ZPoint{Float32}, Float32, ClimaCore.Geometry.Tensor{2, Float32, Tuple{ClimaCore.Geometry.Components{ClimaCore.Geometry.Orthonormal, (1, 2, 3)}, ClimaCore.Geometry.Components{ClimaCore.Geometry.Covariant, (1, 2, 3)}}, StaticArraysCore.SMatrix{3, 3, Float32, 9}}, ClimaCore.Geometry.Tensor{2, Float32, Tuple{ClimaCore.Geometry.Components{ClimaCore.Geometry.Contravariant, (1, 2, 3)}, ClimaCore.Geometry.Components{ClimaCore.Geometry.Contravariant, (1, 2, 3)}}, StaticArraysCore.SMatrix{3, 3, Float32, 9}}}, 90, Matrix{Float32}}, ClimaCore.DataLayouts.VF{ClimaCore.Geometry.LocalGeometry{(3,), ClimaCore.Geometry.ZPoint{Float32}, Float32, ClimaCore.Geometry.Tensor{2, Float32, Tuple{ClimaCore.Geometry.Components{ClimaCore.Geometry.Orthonormal, (1, 2, 3)}, ClimaCore.Geometry.Components{ClimaCore.Geometry.Covariant, (1, 2, 3)}}, StaticArraysCore.SMatrix{3, 3, Float32, 9}}, ClimaCore.Geometry.Tensor{2, Float32, Tuple{ClimaCore.Geometry.Components{ClimaCore.Geometry.Contravariant, (1, 2, 3)}, ClimaCore.Geometry.Components{ClimaCore.Geometry.Contravariant, (1, 2, 3)}}, StaticArraysCore.SMatrix{3, 3, Float32, 9}}}, 91, Matrix{Float32}}}, ClimaCore.Grids.CellCenter}}, ᶠp_grad_matrix::ClimaCore.Fields.Field{ClimaCore.DataLayouts.VF{ClimaCore.MatrixFields.BidiagonalMatrixRow{ClimaCore.Geometry.Covariant3Vector{Float32}}, 91, Matrix{Float32}}, ClimaCore.Spaces.FiniteDifferenceSpace{ClimaCore.Grids.FiniteDifferenceGrid{ClimaCore.Topologies.IntervalTopology{ClimaComms.SingletonCommsContext{ClimaComms.CPUSingleThreaded}, ClimaCore.Meshes.IntervalMesh{ClimaCore.Meshes.Uniform, ClimaCore.Domains.IntervalDomain{ClimaCore.Geometry.ZPoint{Float32}, Tuple{Symbol, Symbol}}, LinRange{ClimaCore.Geometry.ZPoint{Float32}, Int64}, Nothing}, @NamedTuple{bottom::Int64, top::Int64}}, ClimaCore.Geometry.CartesianGlobalGeometry, ClimaCore.DataLayouts.VF{ClimaCore.Geometry.LocalGeometry{(3,), ClimaCore.Geometry.ZPoint{Float32}, Float32, ClimaCore.Geometry.Tensor{2, Float32, Tuple{ClimaCore.Geometry.Components{ClimaCore.Geometry.Orthonormal, (1, 2, 3)}, ClimaCore.Geometry.Components{ClimaCore.Geometry.Covariant, (1, 2, 3)}}, StaticArraysCore.SMatrix{3, 3, Float32, 9}}, ClimaCore.Geometry.Tensor{2, Float32, Tuple{ClimaCore.Geometry.Components{ClimaCore.Geometry.Contravariant, (1, 2, 3)}, ClimaCore.Geometry.Components{ClimaCore.Geometry.Contravariant, (1, 2, 3)}}, StaticArraysCore.SMatrix{3, 3, Float32, 9}}}, 90, Matrix{Float32}}, ClimaCore.DataLayouts.VF{ClimaCore.Geometry.LocalGeometry{(3,), ClimaCore.Geometry.ZPoint{Float32}, Float32, ClimaCore.Geometry.Tensor{2, Float32, Tuple{ClimaCore.Geometry.Components{ClimaCore.Geometry.Orthonormal, (1, 2, 3)}, ClimaCore.Geometry.Components{ClimaCore.Geometry.Covariant, (1, 2, 3)}}, StaticArraysCore.SMatrix{3, 3, Float32, 9}}, ClimaCore.Geometry.Tensor{2, Float32, Tuple{ClimaCore.Geometry.Components{ClimaCore.Geometry.Contravariant, (1, 2, 3)}, ClimaCore.Geometry.Components{ClimaCore.Geometry.Contravariant, (1, 2, 3)}}, StaticArraysCore.SMatrix{3, 3, Float32, 9}}}, 91, Matrix{Float32}}}, ClimaCore.Grids.CellFace}}, ᶠbidiagonal_matrix_ct3::ClimaCore.Fields.Field{ClimaCore.DataLayouts.VF{ClimaCore.MatrixFields.BidiagonalMatrixRow{ClimaCore.Geometry.Contravariant3Vector{Float32}}, 91, Matrix{Float32}}, ClimaCore.Spaces.FiniteDifferenceSpace{ClimaCore.Grids.FiniteDifferenceGrid{ClimaCore.Topologies.IntervalTopology{ClimaComms.SingletonCommsContext{ClimaComms.CPUSingleThreaded}, ClimaCore.Meshes.IntervalMesh{ClimaCore.Meshes.Uniform, ClimaCore.Domains.IntervalDomain{ClimaCore.Geometry.ZPoint{Float32}, Tuple{Symbol, Symbol}}, LinRange{ClimaCore.Geometry.ZPoint{Float32}, Int64}, Nothing}, @NamedTuple{bottom::Int64, top::Int64}}, ClimaCore.Geometry.CartesianGlobalGeometry, ClimaCore.DataLayouts.VF{ClimaCore.Geometry.LocalGeometry{(3,), ClimaCore.Geometry.ZPoint{Float32}, Float32, ClimaCore.Geometry.Tensor{2, Float32, Tuple{ClimaCore.Geometry.Components{ClimaCore.Geometry.Orthonormal, (1, 2, 3)}, ClimaCore.Geometry.Components{ClimaCore.Geometry.Covariant, (1, 2, 3)}}, StaticArraysCore.SMatrix{3, 3, Float32, 9}}, ClimaCore.Geometry.Tensor{2, Float32, Tuple{ClimaCore.Geometry.Components{ClimaCore.Geometry.Contravariant, (1, 2, 3)}, ClimaCore.Geometry.Components{ClimaCore.Geometry.Contravariant, (1, 2, 3)}}, StaticArraysCore.SMatrix{3, 3, Float32, 9}}}, 90, Matrix{Float32}}, ClimaCore.DataLayouts.VF{ClimaCore.Geometry.LocalGeometry{(3,), ClimaCore.Geometry.ZPoint{Float32}, Float32, ClimaCore.Geometry.Tensor{2, Float32, Tuple{ClimaCore.Geometry.Components{ClimaCore.Geometry.Orthonormal, (1, 2, 3)}, ClimaCore.Geometry.Components{ClimaCore.Geometry.Covariant, (1, 2, 3)}}, StaticArraysCore.SMatrix{3, 3, Float32, 9}}, ClimaCore.Geometry.Tensor{2, Float32, Tuple{ClimaCore.Geometry.Components{ClimaCore.Geometry.Contravariant, (1, 2, 3)}, ClimaCore.Geometry.Components{ClimaCore.Geometry.Contravariant, (1, 2, 3)}}, StaticArraysCore.SMatrix{3, 3, Float32, 9}}}, 91, Matrix{Float32}}}, ClimaCore.Grids.CellFace}}, ᶠband_matrix_wvec::ClimaCore.Fields.Field{ClimaCore.DataLayouts.VF{ClimaCore.MatrixFields.BandMatrixRow{ClimaCore.Utilities.PlusHalf{Int64}(0), 1, ClimaCore.Geometry.WVector{Float32}}, 91, Matrix{Float32}}, ClimaCore.Spaces.FiniteDifferenceSpace{ClimaCore.Grids.FiniteDifferenceGrid{ClimaCore.Topologies.IntervalTopology{ClimaComms.SingletonCommsContext{ClimaComms.CPUSingleThreaded}, ClimaCore.Meshes.IntervalMesh{ClimaCore.Meshes.Uniform, ClimaCore.Domains.IntervalDomain{ClimaCore.Geometry.ZPoint{Float32}, Tuple{Symbol, Symbol}}, LinRange{ClimaCore.Geometry.ZPoint{Float32}, Int64}, Nothing}, @NamedTuple{bottom::Int64, top::Int64}}, ClimaCore.Geometry.CartesianGlobalGeometry, ClimaCore.DataLayouts.VF{ClimaCore.Geometry.LocalGeometry{(3,), ClimaCore.Geometry.ZPoint{Float32}, Float32, ClimaCore.Geometry.Tensor{2, Float32, Tuple{ClimaCore.Geometry.Components{ClimaCore.Geometry.Orthonormal, (1, 2, 3)}, ClimaCore.Geometry.Components{ClimaCore.Geometry.Covariant, (1, 2, 3)}}, StaticArraysCore.SMatrix{3, 3, Float32, 9}}, ClimaCore.Geometry.Tensor{2, Float32, Tuple{ClimaCore.Geometry.Components{ClimaCore.Geometry.Contravariant, (1, 2, 3)}, ClimaCore.Geometry.Components{ClimaCore.Geometry.Contravariant, (1, 2, 3)}}, StaticArraysCore.SMatrix{3, 3, Float32, 9}}}, 90, Matrix{Float32}}, ClimaCore.DataLayouts.VF{ClimaCore.Geometry.LocalGeometry{(3,), ClimaCore.Geometry.ZPoint{Float32}, Float32, ClimaCore.Geometry.Tensor{2, Float32, Tuple{ClimaCore.Geometry.Components{ClimaCore.Geometry.Orthonormal, (1, 2, 3)}, ClimaCore.Geometry.Components{ClimaCore.Geometry.Covariant, (1, 2, 3)}}, StaticArraysCore.SMatrix{3, 3, Float32, 9}}, ClimaCore.Geometry.Tensor{2, Float32, Tuple{ClimaCore.Geometry.Components{ClimaCore.Geometry.Contravariant, (1, 2, 3)}, ClimaCore.Geometry.Components{ClimaCore.Geometry.Contravariant, (1, 2, 3)}}, StaticArraysCore.SMatrix{3, 3, Float32, 9}}}, 91, Matrix{Float32}}}, ClimaCore.Grids.CellFace}}, ᶠsed_tracer_advection::ClimaCore.Fields.Field{ClimaCore.DataLayouts.VF{ClimaCore.MatrixFields.BandMatrixRow{ClimaCore.Utilities.PlusHalf{Int64}(0), 1, ClimaCore.Geometry.WVector{Float32}}, 91, Matrix{Float32}}, ClimaCore.Spaces.FiniteDifferenceSpace{ClimaCore.Grids.FiniteDifferenceGrid{ClimaCore.Topologies.IntervalTopology{ClimaComms.SingletonCommsContext{ClimaComms.CPUSingleThreaded}, ClimaCore.Meshes.IntervalMesh{ClimaCore.Meshes.Uniform, ClimaCore.Domains.IntervalDomain{ClimaCore.Geometry.ZPoint{Float32}, Tuple{Symbol, Symbol}}, LinRange{ClimaCore.Geometry.ZPoint{Float32}, Int64}, Nothing}, @NamedTuple{bottom::Int64, top::Int64}}, ClimaCore.Geometry.CartesianGlobalGeometry, ClimaCore.DataLayouts.VF{ClimaCore.Geometry.LocalGeometry{(3,), ClimaCore.Geometry.ZPoint{Float32}, Float32, ClimaCore.Geometry.Tensor{2, Float32, Tuple{ClimaCore.Geometry.Components{ClimaCore.Geometry.Orthonormal, (1, 2, 3)}, ClimaCore.Geometry.Components{ClimaCore.Geometry.Covariant, (1, 2, 3)}}, StaticArraysCore.SMatrix{3, 3, Float32, 9}}, ClimaCore.Geometry.Tensor{2, Float32, Tuple{ClimaCore.Geometry.Components{ClimaCore.Geometry.Contravariant, (1, 2, 3)}, ClimaCore.Geometry.Components{ClimaCore.Geometry.Contravariant, (1, 2, 3)}}, StaticArraysCore.SMatrix{3, 3, Float32, 9}}}, 90, Matrix{Float32}}, ClimaCore.DataLayouts.VF{ClimaCore.Geometry.LocalGeometry{(3,), ClimaCore.Geometry.ZPoint{Float32}, Float32, ClimaCore.Geometry.Tensor{2, Float32, Tuple{ClimaCore.Geometry.Components{ClimaCore.Geometry.Orthonormal, (1, 2, 3)}, ClimaCore.Geometry.Components{ClimaCore.Geometry.Covariant, (1, 2, 3)}}, StaticArraysCore.SMatrix{3, 3, Float32, 9}}, ClimaCore.Geometry.Tensor{2, Float32, Tuple{ClimaCore.Geometry.Components{ClimaCore.Geometry.Contravariant, (1, 2, 3)}, ClimaCore.Geometry.Components{ClimaCore.Geometry.Contravariant, (1, 2, 3)}}, StaticArraysCore.SMatrix{3, 3, Float32, 9}}}, 91, Matrix{Float32}}}, ClimaCore.Grids.CellFace}}, ᶜtracer_advection_matrix::ClimaCore.Fields.Field{ClimaCore.DataLayouts.VF{ClimaCore.MatrixFields.BidiagonalMatrixRow{ClimaCore.Geometry.Tensor{2, Float32, Tuple{ClimaCore.Geometry.Components{ClimaCore.Geometry.OneScalar, (nothing,)}, ClimaCore.Geometry.Components{ClimaCore.Geometry.Covariant, (3,)}}, LinearAlgebra.Adjoint{Float32, StaticArraysCore.SVector{1, Float32}}}}, 90, Matrix{Float32}}, ClimaCore.Spaces.FiniteDifferenceSpace{ClimaCore.Grids.FiniteDifferenceGrid{ClimaCore.Topologies.IntervalTopology{ClimaComms.SingletonCommsContext{ClimaComms.CPUSingleThreaded}, ClimaCore.Meshes.IntervalMesh{ClimaCore.Meshes.Uniform, ClimaCore.Domains.IntervalDomain{ClimaCore.Geometry.ZPoint{Float32}, Tuple{Symbol, Symbol}}, LinRange{ClimaCore.Geometry.ZPoint{Float32}, Int64}, Nothing}, @NamedTuple{bottom::Int64, top::Int64}}, ClimaCore.Geometry.CartesianGlobalGeometry, ClimaCore.DataLayouts.VF{ClimaCore.Geometry.LocalGeometry{(3,), ClimaCore.Geometry.ZPoint{Float32}, Float32, ClimaCore.Geometry.Tensor{2, Float32, Tuple{ClimaCore.Geometry.Components{ClimaCore.Geometry.Orthonormal, (1, 2, 3)}, ClimaCore.Geometry.Components{ClimaCore.Geometry.Covariant, (1, 2, 3)}}, StaticArraysCore.SMatrix{3, 3, Float32, 9}}, ClimaCore.Geometry.Tensor{2, Float32, Tuple{ClimaCore.Geometry.Components{ClimaCore.Geometry.Contravariant, (1, 2, 3)}, ClimaCore.Geometry.Components{ClimaCore.Geometry.Contravariant, (1, 2, 3)}}, StaticArraysCore.SMatrix{3, 3, Float32, 9}}}, 90, Matrix{Float32}}, ClimaCore.DataLayouts.VF{ClimaCore.Geometry.LocalGeometry{(3,), ClimaCore.Geometry.ZPoint{Float32}, Float32, ClimaCore.Geometry.Tensor{2, Float32, Tuple{ClimaCore.Geometry.Components{ClimaCore.Geometry.Orthonormal, (1, 2, 3)}, ClimaCore.Geometry.Components{ClimaCore.Geometry.Covariant, (1, 2, 3)}}, StaticArraysCore.SMatrix{3, 3, Float32, 9}}, ClimaCore.Geometry.Tensor{2, Float32, Tuple{ClimaCore.Geometry.Components{ClimaCore.Geometry.Contravariant, (1, 2, 3)}, ClimaCore.Geometry.Components{ClimaCore.Geometry.Contravariant, (1, 2, 3)}}, StaticArraysCore.SMatrix{3, 3, Float32, 9}}}, 91, Matrix{Float32}}}, ClimaCore.Grids.CellCenter}}, ᶠbidiagonal_matrix_ct3_2::ClimaCore.Fields.Field{ClimaCore.DataLayouts.VF{ClimaCore.MatrixFields.BidiagonalMatrixRow{ClimaCore.Geometry.Contravariant3Vector{Float32}}, 91, Matrix{Float32}}, ClimaCore.Spaces.FiniteDifferenceSpace{ClimaCore.Grids.FiniteDifferenceGrid{ClimaCore.Topologies.IntervalTopology{ClimaComms.SingletonCommsContext{ClimaComms.CPUSingleThreaded}, ClimaCore.Meshes.IntervalMesh{ClimaCore.Meshes.Uniform, ClimaCore.Domains.IntervalDomain{ClimaCore.Geometry.ZPoint{Float32}, Tuple{Symbol, Symbol}}, LinRange{ClimaCore.Geometry.ZPoint{Float32}, Int64}, Nothing}, @NamedTuple{bottom::Int64, top::Int64}}, ClimaCore.Geometry.CartesianGlobalGeometry, ClimaCore.DataLayouts.VF{ClimaCore.Geometry.LocalGeometry{(3,), ClimaCore.Geometry.ZPoint{Float32}, Float32, ClimaCore.Geometry.Tensor{2, Float32, Tuple{ClimaCore.Geometry.Components{ClimaCore.Geometry.Orthonormal, (1, 2, 3)}, ClimaCore.Geometry.Components{ClimaCore.Geometry.Covariant, (1, 2, 3)}}, StaticArraysCore.SMatrix{3, 3, Float32, 9}}, ClimaCore.Geometry.Tensor{2, Float32, Tuple{ClimaCore.Geometry.Components{ClimaCore.Geometry.Contravariant, (1, 2, 3)}, ClimaCore.Geometry.Components{ClimaCore.Geometry.Contravariant, (1, 2, 3)}}, StaticArraysCore.SMatrix{3, 3, Float32, 9}}}, 90, Matrix{Float32}}, ClimaCore.DataLayouts.VF{ClimaCore.Geometry.LocalGeometry{(3,), ClimaCore.Geometry.ZPoint{Float32}, Float32, ClimaCore.Geometry.Tensor{2, Float32, Tuple{ClimaCore.Geometry.Components{ClimaCore.Geometry.Orthonormal, (1, 2, 3)}, ClimaCore.Geometry.Components{ClimaCore.Geometry.Covariant, (1, 2, 3)}}, StaticArraysCore.SMatrix{3, 3, Float32, 9}}, ClimaCore.Geometry.Tensor{2, Float32, Tuple{ClimaCore.Geometry.Components{ClimaCore.Geometry.Contravariant, (1, 2, 3)}, ClimaCore.Geometry.Components{ClimaCore.Geometry.Contravariant, (1, 2, 3)}}, StaticArraysCore.SMatrix{3, 3, Float32, 9}}}, 91, Matrix{Float32}}}, ClimaCore.Grids.CellFace}}, ᶠbidiagonal_matrix_ct3xct12::ClimaCore.Fields.Field{ClimaCore.DataLayouts.VF{ClimaCore.MatrixFields.BidiagonalMatrixRow{ClimaCore.Geometry.Tensor{2, Float32, Tuple{ClimaCore.Geometry.Components{ClimaCore.Geometry.Contravariant, (3,)}, ClimaCore.Geometry.Components{ClimaCore.Geometry.Contravariant, (1, 2)}}, StaticArraysCore.SMatrix{1, 2, Float32, 2}}}, 91, Matrix{Float32}}, ClimaCore.Spaces.FiniteDifferenceSpace{ClimaCore.Grids.FiniteDifferenceGrid{ClimaCore.Topologies.IntervalTopology{ClimaComms.SingletonCommsContext{ClimaComms.CPUSingleThreaded}, ClimaCore.Meshes.IntervalMesh{ClimaCore.Meshes.Uniform, ClimaCore.Domains.IntervalDomain{ClimaCore.Geometry.ZPoint{Float32}, Tuple{Symbol, Symbol}}, LinRange{ClimaCore.Geometry.ZPoint{Float32}, Int64}, Nothing}, @NamedTuple{bottom::Int64, top::Int64}}, ClimaCore.Geometry.CartesianGlobalGeometry, ClimaCore.DataLayouts.VF{ClimaCore.Geometry.LocalGeometry{(3,), ClimaCore.Geometry.ZPoint{Float32}, Float32, ClimaCore.Geometry.Tensor{2, Float32, Tuple{ClimaCore.Geometry.Components{ClimaCore.Geometry.Orthonormal, (1, 2, 3)}, ClimaCore.Geometry.Components{ClimaCore.Geometry.Covariant, (1, 2, 3)}}, StaticArraysCore.SMatrix{3, 3, Float32, 9}}, ClimaCore.Geometry.Tensor{2, Float32, Tuple{ClimaCore.Geometry.Components{ClimaCore.Geometry.Contravariant, (1, 2, 3)}, ClimaCore.Geometry.Components{ClimaCore.Geometry.Contravariant, (1, 2, 3)}}, StaticArraysCore.SMatrix{3, 3, Float32, 9}}}, 90, Matrix{Float32}}, ClimaCore.DataLayouts.VF{ClimaCore.Geometry.LocalGeometry{(3,), ClimaCore.Geometry.ZPoint{Float32}, Float32, ClimaCore.Geometry.Tensor{2, Float32, Tuple{ClimaCore.Geometry.Components{ClimaCore.Geometry.Orthonormal, (1, 2, 3)}, ClimaCore.Geometry.Components{ClimaCore.Geometry.Covariant, (1, 2, 3)}}, StaticArraysCore.SMatrix{3, 3, Float32, 9}}, ClimaCore.Geometry.Tensor{2, Float32, Tuple{ClimaCore.Geometry.Components{ClimaCore.Geometry.Contravariant, (1, 2, 3)}, ClimaCore.Geometry.Components{ClimaCore.Geometry.Contravariant, (1, 2, 3)}}, StaticArraysCore.SMatrix{3, 3, Float32, 9}}}, 91, Matrix{Float32}}}, ClimaCore.Grids.CellFace}}, ᶜadvection_matrix::ClimaCore.Fields.Field{ClimaCore.DataLayouts.VF{ClimaCore.MatrixFields.BidiagonalMatrixRow{ClimaCore.Geometry.Tensor{2, Float32, Tuple{ClimaCore.Geometry.Components{ClimaCore.Geometry.OneScalar, (nothing,)}, ClimaCore.Geometry.Components{ClimaCore.Geometry.Covariant, (3,)}}, LinearAlgebra.Adjoint{Float32, StaticArraysCore.SVector{1, Float32}}}}, 90, Matrix{Float32}}, ClimaCore.Spaces.FiniteDifferenceSpace{ClimaCore.Grids.FiniteDifferenceGrid{ClimaCore.Topologies.IntervalTopology{ClimaComms.SingletonCommsContext{ClimaComms.CPUSingleThreaded}, ClimaCore.Meshes.IntervalMesh{ClimaCore.Meshes.Uniform, ClimaCore.Domains.IntervalDomain{ClimaCore.Geometry.ZPoint{Float32}, Tuple{Symbol, Symbol}}, LinRange{ClimaCore.Geometry.ZPoint{Float32}, Int64}, Nothing}, @NamedTuple{bottom::Int64, top::Int64}}, ClimaCore.Geometry.CartesianGlobalGeometry, ClimaCore.DataLayouts.VF{ClimaCore.Geometry.LocalGeometry{(3,), ClimaCore.Geometry.ZPoint{Float32}, Float32, ClimaCore.Geometry.Tensor{2, Float32, Tuple{ClimaCore.Geometry.Components{ClimaCore.Geometry.Orthonormal, (1, 2, 3)}, ClimaCore.Geometry.Components{ClimaCore.Geometry.Covariant, (1, 2, 3)}}, StaticArraysCore.SMatrix{3, 3, Float32, 9}}, ClimaCore.Geometry.Tensor{2, Float32, Tuple{ClimaCore.Geometry.Components{ClimaCore.Geometry.Contravariant, (1, 2, 3)}, ClimaCore.Geometry.Components{ClimaCore.Geometry.Contravariant, (1, 2, 3)}}, StaticArraysCore.SMatrix{3, 3, Float32, 9}}}, 90, Matrix{Float32}}, ClimaCore.DataLayouts.VF{ClimaCore.Geometry.LocalGeometry{(3,), ClimaCore.Geometry.ZPoint{Float32}, Float32, ClimaCore.Geometry.Tensor{2, Float32, Tuple{ClimaCore.Geometry.Components{ClimaCore.Geometry.Orthonormal, (1, 2, 3)}, ClimaCore.Geometry.Components{ClimaCore.Geometry.Covariant, (1, 2, 3)}}, StaticArraysCore.SMatrix{3, 3, Float32, 9}}, ClimaCore.Geometry.Tensor{2, Float32, Tuple{ClimaCore.Geometry.Components{ClimaCore.Geometry.Contravariant, (1, 2, 3)}, ClimaCore.Geometry.Components{ClimaCore.Geometry.Contravariant, (1, 2, 3)}}, StaticArraysCore.SMatrix{3, 3, Float32, 9}}}, 91, Matrix{Float32}}}, ClimaCore.Grids.CellCenter}}, ᶜtridiagonal_matrix::ClimaCore.Fields.Field{ClimaCore.DataLayouts.VF{ClimaCore.MatrixFields.TridiagonalMatrixRow{Float32}, 90, Matrix{Float32}}, ClimaCore.Spaces.FiniteDifferenceSpace{ClimaCore.Grids.FiniteDifferenceGrid{ClimaCore.Topologies.IntervalTopology{ClimaComms.SingletonCommsContext{ClimaComms.CPUSingleThreaded}, ClimaCore.Meshes.IntervalMesh{ClimaCore.Meshes.Uniform, ClimaCore.Domains.IntervalDomain{ClimaCore.Geometry.ZPoint{Float32}, Tuple{Symbol, Symbol}}, LinRange{ClimaCore.Geometry.ZPoint{Float32}, Int64}, Nothing}, @NamedTuple{bottom::Int64, top::Int64}}, ClimaCore.Geometry.CartesianGlobalGeometry, ClimaCore.DataLayouts.VF{ClimaCore.Geometry.LocalGeometry{(3,), ClimaCore.Geometry.ZPoint{Float32}, Float32, ClimaCore.Geometry.Tensor{2, Float32, Tuple{ClimaCore.Geometry.Components{ClimaCore.Geometry.Orthonormal, (1, 2, 3)}, ClimaCore.Geometry.Components{ClimaCore.Geometry.Covariant, (1, 2, 3)}}, StaticArraysCore.SMatrix{3, 3, Float32, 9}}, ClimaCore.Geometry.Tensor{2, Float32, Tuple{ClimaCore.Geometry.Components{ClimaCore.Geometry.Contravariant, (1, 2, 3)}, ClimaCore.Geometry.Components{ClimaCore.Geometry.Contravariant, (1, 2, 3)}}, StaticArraysCore.SMatrix{3, 3, Float32, 9}}}, 90, Matrix{Float32}}, ClimaCore.DataLayouts.VF{ClimaCore.Geometry.LocalGeometry{(3,), ClimaCore.Geometry.ZPoint{Float32}, Float32, ClimaCore.Geometry.Tensor{2, Float32, Tuple{ClimaCore.Geometry.Components{ClimaCore.Geometry.Orthonormal, (1, 2, 3)}, ClimaCore.Geometry.Components{ClimaCore.Geometry.Covariant, (1, 2, 3)}}, StaticArraysCore.SMatrix{3, 3, Float32, 9}}, ClimaCore.Geometry.Tensor{2, Float32, Tuple{ClimaCore.Geometry.Components{ClimaCore.Geometry.Contravariant, (1, 2, 3)}, ClimaCore.Geometry.Components{ClimaCore.Geometry.Contravariant, (1, 2, 3)}}, StaticArraysCore.SMatrix{3, 3, Float32, 9}}}, 91, Matrix{Float32}}}, ClimaCore.Grids.CellCenter}}, ᶜdiffusion_h_matrix::ClimaCore.Fields.Field{ClimaCore.DataLayouts.VF{ClimaCore.MatrixFields.TridiagonalMatrixRow{Float32}, 90, Matrix{Float32}}, ClimaCore.Spaces.FiniteDifferenceSpace{ClimaCore.Grids.FiniteDifferenceGrid{ClimaCore.Topologies.IntervalTopology{ClimaComms.SingletonCommsContext{ClimaComms.CPUSingleThreaded}, ClimaCore.Meshes.IntervalMesh{ClimaCore.Meshes.Uniform, ClimaCore.Domains.IntervalDomain{ClimaCore.Geometry.ZPoint{Float32}, Tuple{Symbol, Symbol}}, LinRange{ClimaCore.Geometry.ZPoint{Float32}, Int64}, Nothing}, @NamedTuple{bottom::Int64, top::Int64}}, ClimaCore.Geometry.CartesianGlobalGeometry, ClimaCore.DataLayouts.VF{ClimaCore.Geometry.LocalGeometry{(3,), ClimaCore.Geometry.ZPoint{Float32}, Float32, ClimaCore.Geometry.Tensor{2, Float32, Tuple{ClimaCore.Geometry.Components{ClimaCore.Geometry.Orthonormal, (1, 2, 3)}, ClimaCore.Geometry.Components{ClimaCore.Geometry.Covariant, (1, 2, 3)}}, StaticArraysCore.SMatrix{3, 3, Float32, 9}}, ClimaCore.Geometry.Tensor{2, Float32, Tuple{ClimaCore.Geometry.Components{ClimaCore.Geometry.Contravariant, (1, 2, 3)}, ClimaCore.Geometry.Components{ClimaCore.Geometry.Contravariant, (1, 2, 3)}}, StaticArraysCore.SMatrix{3, 3, Float32, 9}}}, 90, Matrix{Float32}}, ClimaCore.DataLayouts.VF{ClimaCore.Geometry.LocalGeometry{(3,), ClimaCore.Geometry.ZPoint{Float32}, Float32, ClimaCore.Geometry.Tensor{2, Float32, Tuple{ClimaCore.Geometry.Components{ClimaCore.Geometry.Orthonormal, (1, 2, 3)}, ClimaCore.Geometry.Components{ClimaCore.Geometry.Covariant, (1, 2, 3)}}, StaticArraysCore.SMatrix{3, 3, Float32, 9}}, ClimaCore.Geometry.Tensor{2, Float32, Tuple{ClimaCore.Geometry.Components{ClimaCore.Geometry.Contravariant, (1, 2, 3)}, ClimaCore.Geometry.Components{ClimaCore.Geometry.Contravariant, (1, 2, 3)}}, StaticArraysCore.SMatrix{3, 3, Float32, 9}}}, 91, Matrix{Float32}}}, ClimaCore.Grids.CellCenter}}, ᶜdiffusion_u_matrix::ClimaCore.Fields.Field{ClimaCore.DataLayouts.VF{ClimaCore.MatrixFields.TridiagonalMatrixRow{Float32}, 90, Matrix{Float32}}, ClimaCore.Spaces.FiniteDifferenceSpace{ClimaCore.Grids.FiniteDifferenceGrid{ClimaCore.Topologies.IntervalTopology{ClimaComms.SingletonCommsContext{ClimaComms.CPUSingleThreaded}, ClimaCore.Meshes.IntervalMesh{ClimaCore.Meshes.Uniform, ClimaCore.Domains.IntervalDomain{ClimaCore.Geometry.ZPoint{Float32}, Tuple{Symbol, Symbol}}, LinRange{ClimaCore.Geometry.ZPoint{Float32}, Int64}, Nothing}, @NamedTuple{bottom::Int64, top::Int64}}, ClimaCore.Geometry.CartesianGlobalGeometry, ClimaCore.DataLayouts.VF{ClimaCore.Geometry.LocalGeometry{(3,), ClimaCore.Geometry.ZPoint{Float32}, Float32, ClimaCore.Geometry.Tensor{2, Float32, Tuple{ClimaCore.Geometry.Components{ClimaCore.Geometry.Orthonormal, (1, 2, 3)}, ClimaCore.Geometry.Components{ClimaCore.Geometry.Covariant, (1, 2, 3)}}, StaticArraysCore.SMatrix{3, 3, Float32, 9}}, ClimaCore.Geometry.Tensor{2, Float32, Tuple{ClimaCore.Geometry.Components{ClimaCore.Geometry.Contravariant, (1, 2, 3)}, ClimaCore.Geometry.Components{ClimaCore.Geometry.Contravariant, (1, 2, 3)}}, StaticArraysCore.SMatrix{3, 3, Float32, 9}}}, 90, Matrix{Float32}}, ClimaCore.DataLayouts.VF{ClimaCore.Geometry.LocalGeometry{(3,), ClimaCore.Geometry.ZPoint{Float32}, Float32, ClimaCore.Geometry.Tensor{2, Float32, Tuple{ClimaCore.Geometry.Components{ClimaCore.Geometry.Orthonormal, (1, 2, 3)}, ClimaCore.Geometry.Components{ClimaCore.Geometry.Covariant, (1, 2, 3)}}, StaticArraysCore.SMatrix{3, 3, Float32, 9}}, ClimaCore.Geometry.Tensor{2, Float32, Tuple{ClimaCore.Geometry.Components{ClimaCore.Geometry.Contravariant, (1, 2, 3)}, ClimaCore.Geometry.Components{ClimaCore.Geometry.Contravariant, (1, 2, 3)}}, StaticArraysCore.SMatrix{3, 3, Float32, 9}}}, 91, Matrix{Float32}}}, ClimaCore.Grids.CellCenter}}, ᶜtridiagonal_matrix_scalar::ClimaCore.Fields.Field{ClimaCore.DataLayouts.VF{ClimaCore.MatrixFields.TridiagonalMatrixRow{Float32}, 90, Matrix{Float32}}, ClimaCore.Spaces.FiniteDifferenceSpace{ClimaCore.Grids.FiniteDifferenceGrid{ClimaCore.Topologies.IntervalTopology{ClimaComms.SingletonCommsContext{ClimaComms.CPUSingleThreaded}, ClimaCore.Meshes.IntervalMesh{ClimaCore.Meshes.Uniform, ClimaCore.Domains.IntervalDomain{ClimaCore.Geometry.ZPoint{Float32}, Tuple{Symbol, Symbol}}, LinRange{ClimaCore.Geometry.ZPoint{Float32}, Int64}, Nothing}, @NamedTuple{bottom::Int64, top::Int64}}, ClimaCore.Geometry.CartesianGlobalGeometry, ClimaCore.DataLayouts.VF{ClimaCore.Geometry.LocalGeometry{(3,), ClimaCore.Geometry.ZPoint{Float32}, Float32, ClimaCore.Geometry.Tensor{2, Float32, Tuple{ClimaCore.Geometry.Components{ClimaCore.Geometry.Orthonormal, (1, 2, 3)}, ClimaCore.Geometry.Components{ClimaCore.Geometry.Covariant, (1, 2, 3)}}, StaticArraysCore.SMatrix{3, 3, Float32, 9}}, ClimaCore.Geometry.Tensor{2, Float32, Tuple{ClimaCore.Geometry.Components{ClimaCore.Geometry.Contravariant, (1, 2, 3)}, ClimaCore.Geometry.Components{ClimaCore.Geometry.Contravariant, (1, 2, 3)}}, StaticArraysCore.SMatrix{3, 3, Float32, 9}}}, 90, Matrix{Float32}}, ClimaCore.DataLayouts.VF{ClimaCore.Geometry.LocalGeometry{(3,), ClimaCore.Geometry.ZPoint{Float32}, Float32, ClimaCore.Geometry.Tensor{2, Float32, Tuple{ClimaCore.Geometry.Components{ClimaCore.Geometry.Orthonormal, (1, 2, 3)}, ClimaCore.Geometry.Components{ClimaCore.Geometry.Covariant, (1, 2, 3)}}, StaticArraysCore.SMatrix{3, 3, Float32, 9}}, ClimaCore.Geometry.Tensor{2, Float32, Tuple{ClimaCore.Geometry.Components{ClimaCore.Geometry.Contravariant, (1, 2, 3)}, ClimaCore.Geometry.Components{ClimaCore.Geometry.Contravariant, (1, 2, 3)}}, StaticArraysCore.SMatrix{3, 3, Float32, 9}}}, 91, Matrix{Float32}}}, ClimaCore.Grids.CellCenter}}, ᶠtridiagonal_matrix_c3::ClimaCore.Fields.Field{ClimaCore.DataLayouts.VF{ClimaCore.MatrixFields.TridiagonalMatrixRow{ClimaCore.Geometry.Covariant3Vector{Float32}}, 91, Matrix{Float32}}, ClimaCore.Spaces.FiniteDifferenceSpace{ClimaCore.Grids.FiniteDifferenceGrid{ClimaCore.Topologies.IntervalTopology{ClimaComms.SingletonCommsContext{ClimaComms.CPUSingleThreaded}, ClimaCore.Meshes.IntervalMesh{ClimaCore.Meshes.Uniform, ClimaCore.Domains.IntervalDomain{ClimaCore.Geometry.ZPoint{Float32}, Tuple{Symbol, Symbol}}, LinRange{ClimaCore.Geometry.ZPoint{Float32}, Int64}, Nothing}, @NamedTuple{bottom::Int64, top::Int64}}, ClimaCore.Geometry.CartesianGlobalGeometry, ClimaCore.DataLayouts.VF{ClimaCore.Geometry.LocalGeometry{(3,), ClimaCore.Geometry.ZPoint{Float32}, Float32, ClimaCore.Geometry.Tensor{2, Float32, Tuple{ClimaCore.Geometry.Components{ClimaCore.Geometry.Orthonormal, (1, 2, 3)}, ClimaCore.Geometry.Components{ClimaCore.Geometry.Covariant, (1, 2, 3)}}, StaticArraysCore.SMatrix{3, 3, Float32, 9}}, ClimaCore.Geometry.Tensor{2, Float32, Tuple{ClimaCore.Geometry.Components{ClimaCore.Geometry.Contravariant, (1, 2, 3)}, ClimaCore.Geometry.Components{ClimaCore.Geometry.Contravariant, (1, 2, 3)}}, StaticArraysCore.SMatrix{3, 3, Float32, 9}}}, 90, Matrix{Float32}}, ClimaCore.DataLayouts.VF{ClimaCore.Geometry.LocalGeometry{(3,), ClimaCore.Geometry.ZPoint{Float32}, Float32, ClimaCore.Geometry.Tensor{2, Float32, Tuple{ClimaCore.Geometry.Components{ClimaCore.Geometry.Orthonormal, (1, 2, 3)}, ClimaCore.Geometry.Components{ClimaCore.Geometry.Covariant, (1, 2, 3)}}, StaticArraysCore.SMatrix{3, 3, Float32, 9}}, ClimaCore.Geometry.Tensor{2, Float32, Tuple{ClimaCore.Geometry.Components{ClimaCore.Geometry.Contravariant, (1, 2, 3)}, ClimaCore.Geometry.Components{ClimaCore.Geometry.Contravariant, (1, 2, 3)}}, StaticArraysCore.SMatrix{3, 3, Float32, 9}}}, 91, Matrix{Float32}}}, ClimaCore.Grids.CellFace}}}, dt::Float32, conservation_check::@NamedTuple{col_integrated_precip_energy_tendency::ClimaCore.Fields.Field{ClimaCore.DataLayouts.DataF{Float32, Vector{Float32}}, ClimaCore.Spaces.PointSpace{ClimaComms.SingletonCommsContext{ClimaComms.CPUSingleThreaded}, ClimaCore.DataLayouts.DataF{ClimaCore.Geometry.LocalGeometry{(3,), ClimaCore.Geometry.ZPoint{Float32}, Float32, ClimaCore.Geometry.Tensor{2, Float32, Tuple{ClimaCore.Geometry.Components{ClimaCore.Geometry.Orthonormal, (1, 2, 3)}, ClimaCore.Geometry.Components{ClimaCore.Geometry.Covariant, (1, 2, 3)}}, StaticArraysCore.SMatrix{3, 3, Float32, 9}}, ClimaCore.Geometry.Tensor{2, Float32, Tuple{ClimaCore.Geometry.Components{ClimaCore.Geometry.Contravariant, (1, 2, 3)}, ClimaCore.Geometry.Components{ClimaCore.Geometry.Contravariant, (1, 2, 3)}}, StaticArraysCore.SMatrix{3, 3, Float32, 9}}}, SubArray{Float32, 1, Matrix{Float32}, Tuple{Int64, Base.Slice{Base.OneTo{Int64}}}, true}}}}}, external_forcing::@NamedTuple{}}, t::Float32)
│        @ ClimaAtmos ~/.julia/packages/NVTX/IqPon/src/macro.jl:194
│     [15] set_precomputed_quantities!(Y::ClimaCore.Fields.FieldVector{Float32, @NamedTuple{c::ClimaCore.Fields.Field{ClimaCore.DataLayouts.VF{@NamedTuple{ρ::Float32, uₕ::ClimaCore.Geometry.Covariant12Vector{Float32}, ρe_tot::Float32, ρq_tot::Float32, ρq_lcl::Float32, ρq_icl::Float32, ρn_lcl::Float32, ρn_rai::Float32, ρq_rai::Float32, ρq_sno::Float32, ρtke::Float32, sgsʲs::Tuple{@NamedTuple{ρa::Float32, mse::Float32, q_tot::Float32, q_lcl::Float32, q_icl::Float32, q_rai::Float32, q_sno::Float32, n_lcl::Float32, n_rai::Float32}}}, 90, Matrix{Float32}}, ClimaCore.Spaces.FiniteDifferenceSpace{ClimaCore.Grids.FiniteDifferenceGrid{ClimaCore.Topologies.IntervalTopology{ClimaComms.SingletonCommsContext{ClimaComms.CPUSingleThreaded}, ClimaCore.Meshes.IntervalMesh{ClimaCore.Meshes.Uniform, ClimaCore.Domains.IntervalDomain{ClimaCore.Geometry.ZPoint{Float32}, Tuple{Symbol, Symbol}}, LinRange{ClimaCore.Geometry.ZPoint{Float32}, Int64}, Nothing}, @NamedTuple{bottom::Int64, top::Int64}}, ClimaCore.Geometry.CartesianGlobalGeometry, ClimaCore.DataLayouts.VF{ClimaCore.Geometry.LocalGeometry{(3,), ClimaCore.Geometry.ZPoint{Float32}, Float32, ClimaCore.Geometry.Tensor{2, Float32, Tuple{ClimaCore.Geometry.Components{ClimaCore.Geometry.Orthonormal, (1, 2, 3)}, ClimaCore.Geometry.Components{ClimaCore.Geometry.Covariant, (1, 2, 3)}}, StaticArraysCore.SMatrix{3, 3, Float32, 9}}, ClimaCore.Geometry.Tensor{2, Float32, Tuple{ClimaCore.Geometry.Components{ClimaCore.Geometry.Contravariant, (1, 2, 3)}, ClimaCore.Geometry.Components{ClimaCore.Geometry.Contravariant, (1, 2, 3)}}, StaticArraysCore.SMatrix{3, 3, Float32, 9}}}, 90, Matrix{Float32}}, ClimaCore.DataLayouts.VF{ClimaCore.Geometry.LocalGeometry{(3,), ClimaCore.Geometry.ZPoint{Float32}, Float32, ClimaCore.Geometry.Tensor{2, Float32, Tuple{ClimaCore.Geometry.Components{ClimaCore.Geometry.Orthonormal, (1, 2, 3)}, ClimaCore.Geometry.Components{ClimaCore.Geometry.Covariant, (1, 2, 3)}}, StaticArraysCore.SMatrix{3, 3, Float32, 9}}, ClimaCore.Geometry.Tensor{2, Float32, Tuple{ClimaCore.Geometry.Components{ClimaCore.Geometry.Contravariant, (1, 2, 3)}, ClimaCore.Geometry.Components{ClimaCore.Geometry.Contravariant, (1, 2, 3)}}, StaticArraysCore.SMatrix{3, 3, Float32, 9}}}, 91, Matrix{Float32}}}, ClimaCore.Grids.CellCenter}}, f::ClimaCore.Fields.Field{ClimaCore.DataLayouts.VF{@NamedTuple{u₃::ClimaCore.Geometry.Covariant3Vector{Float32}, sgsʲs::Tuple{@NamedTuple{u₃::ClimaCore.Geometry.Covariant3Vector{Float32}}}}, 91, Matrix{Float32}}, ClimaCore.Spaces.FiniteDifferenceSpace{ClimaCore.Grids.FiniteDifferenceGrid{ClimaCore.Topologies.IntervalTopology{ClimaComms.SingletonCommsContext{ClimaComms.CPUSingleThreaded}, ClimaCore.Meshes.IntervalMesh{ClimaCore.Meshes.Uniform, ClimaCore.Domains.IntervalDomain{ClimaCore.Geometry.ZPoint{Float32}, Tuple{Symbol, Symbol}}, LinRange{ClimaCore.Geometry.ZPoint{Float32}, Int64}, Nothing}, @NamedTuple{bottom::Int64, top::Int64}}, ClimaCore.Geometry.CartesianGlobalGeometry, ClimaCore.DataLayouts.VF{ClimaCore.Geometry.LocalGeometry{(3,), ClimaCore.Geometry.ZPoint{Float32}, Float32, ClimaCore.Geometry.Tensor{2, Float32, Tuple{ClimaCore.Geometry.Components{ClimaCore.Geometry.Orthonormal, (1, 2, 3)}, ClimaCore.Geometry.Components{ClimaCore.Geometry.Covariant, (1, 2, 3)}}, StaticArraysCore.SMatrix{3, 3, Float32, 9}}, ClimaCore.Geometry.Tensor{2, Float32, Tuple{ClimaCore.Geometry.Components{ClimaCore.Geometry.Contravariant, (1, 2, 3)}, ClimaCore.Geometry.Components{ClimaCore.Geometry.Contravariant, (1, 2, 3)}}, StaticArraysCore.SMatrix{3, 3, Float32, 9}}}, 90, Matrix{Float32}}, ClimaCore.DataLayouts.VF{ClimaCore.Geometry.LocalGeometry{(3,), ClimaCore.Geometry.ZPoint{Float32}, Float32, ClimaCore.Geometry.Tensor{2, Float32, Tuple{ClimaCore.Geometry.Components{ClimaCore.Geometry.Orthonormal, (1, 2, 3)}, ClimaCore.Geometry.Components{ClimaCore.Geometry.Covariant, (1, 2, 3)}}, StaticArraysCore.SMatrix{3, 3, Float32, 9}}, ClimaCore.Geometry.Tensor{2, Float32, Tuple{ClimaCore.Geometry.Components{ClimaCore.Geometry.Contravariant, (1, 2, 3)}, ClimaCore.Geometry.Components{ClimaCore.Geometry.Contravariant, (1, 2, 3)}}, StaticArraysCore.SMatrix{3, 3, Float32, 9}}}, 91, Matrix{Float32}}}, ClimaCore.Grids.CellFace}}, sfc::ClimaCore.Fields.Field{ClimaCore.DataLayouts.DataF{@NamedTuple{T::Float32, water::Float32}, Vector{Float32}}, ClimaCore.Spaces.PointSpace{ClimaComms.SingletonCommsContext{ClimaComms.CPUSingleThreaded}, ClimaCore.DataLayouts.DataF{ClimaCore.Geometry.LocalGeometry{(3,), ClimaCore.Geometry.ZPoint{Float32}, Float32, ClimaCore.Geometry.Tensor{2, Float32, Tuple{ClimaCore.Geometry.Components{ClimaCore.Geometry.Orthonormal, (1, 2, 3)}, ClimaCore.Geometry.Components{ClimaCore.Geometry.Covariant, (1, 2, 3)}}, StaticArraysCore.SMatrix{3, 3, Float32, 9}}, ClimaCore.Geometry.Tensor{2, Float32, Tuple{ClimaCore.Geometry.Components{ClimaCore.Geometry.Contravariant, (1, 2, 3)}, ClimaCore.Geometry.Components{ClimaCore.Geometry.Contravariant, (1, 2, 3)}}, StaticArraysCore.SMatrix{3, 3, Float32, 9}}}, SubArray{Float32, 1, Matrix{Float32}, Tuple{Int64, Base.Slice{Base.OneTo{Int64}}}, true}}}}}}, p::@NamedTuple{atmos::ClimaAtmos.AtmosModel{ClimaAtmos.AtmosWater{ClimaAtmos.NonEquilibriumMicrophysics2M, ClimaAtmos.QuadratureCloud, ClimaAtmos.Implicit, Nothing, ClimaAtmos.SGSQuadrature{3, StaticArraysCore.SVector{3, Float32}, StaticArraysCore.SVector{3, Float32}, ClimaAtmos.GaussianSGS, Float32}, ClimaAtmos.FixedTerminalVelocity{Float32}}, ClimaAtmos.SCMSetup{Nothing, Nothing, Nothing, Bool, @NamedTuple{prof_ug::AtmosphericProfilesLibrary.ZProfile{AtmosphericProfilesLibrary.var"#Larcform1_geostrophic_u##0#Larcform1_geostrophic_u##1"{Float32}}, prof_vg::AtmosphericProfilesLibrary.ZProfile{Returns{Float32}}, coriolis_param::Float32}}, ClimaAtmos.AtmosRadiation{ClimaAtmos.RRTMGPInterface.AllSkyRadiationWithClearSkyDiagnostics{ClimaAtmos.InteractiveCloudInRadiation}, ClimaAtmos.Larcform1Insolation}, ClimaAtmos.AtmosTurbconv{ClimaAtmos.EDMFXModel{ClimaAtmos.InvZEntrainment, ClimaAtmos.BuoyancyVelocityDetrainment, Val{true}, Val{true}, Val{true}, Val{true}, Val{true}, ClimaAtmos.SmoothMinimumBlending}, ClimaAtmos.PrognosticEDMFX{1, true, Float32}, Nothing, Nothing, Nothing}, Nothing, ClimaAtmos.AtmosGravityWave{Nothing, Nothing}, Nothing, ClimaAtmos.AtmosSponge{Nothing, Nothing}, ClimaAtmos.AtmosSurface{ClimaAtmos.SurfaceConditions.MoninObukhov{Float32, Nothing, Nothing}, ClimaAtmos.SurfaceConditions.SlabOceanTemperature{Float32}, ClimaAtmos.SurfaceConditions.SurfaceBoundaryOverrides{Float32, Float32, Nothing, Nothing, Nothing, Nothing}, ClimaAtmos.ConstantAlbedo{Float32}}, ClimaAtmos.AtmosNumerics{Val{:vanleer_limiter}, Val{:vanleer_limiter}, Val{:first_order}, Val{:none}, Val{:first_order}, Nothing, Nothing, Nothing, ClimaAtmos.Implicit, Nothing}, ClimaAtmos.AtmosChem{Nothing}}, core::@NamedTuple{ᶜΦ::ClimaCore.Fields.Field{ClimaCore.DataLayouts.VF{Float32, 90, Matrix{Float32}}, ClimaCore.Spaces.FiniteDifferenceSpace{ClimaCore.Grids.FiniteDifferenceGrid{ClimaCore.Topologies.IntervalTopology{ClimaComms.SingletonCommsContext{ClimaComms.CPUSingleThreaded}, ClimaCore.Meshes.IntervalMesh{ClimaCore.Meshes.Uniform, ClimaCore.Domains.IntervalDomain{ClimaCore.Geometry.ZPoint{Float32}, Tuple{Symbol, Symbol}}, LinRange{ClimaCore.Geometry.ZPoint{Float32}, Int64}, Nothing}, @NamedTuple{bottom::Int64, top::Int64}}, ClimaCore.Geometry.CartesianGlobalGeometry, ClimaCore.DataLayouts.VF{ClimaCore.Geometry.LocalGeometry{(3,), ClimaCore.Geometry.ZPoint{Float32}, Float32, ClimaCore.Geometry.Tensor{2, Float32, Tuple{ClimaCore.Geometry.Components{ClimaCore.Geometry.Orthonormal, (1, 2, 3)}, ClimaCore.Geometry.Components{ClimaCore.Geometry.Covariant, (1, 2, 3)}}, StaticArraysCore.SMatrix{3, 3, Float32, 9}}, ClimaCore.Geometry.Tensor{2, Float32, Tuple{ClimaCore.Geometry.Components{ClimaCore.Geometry.Contravariant, (1, 2, 3)}, ClimaCore.Geometry.Components{ClimaCore.Geometry.Contravariant, (1, 2, 3)}}, StaticArraysCore.SMatrix{3, 3, Float32, 9}}}, 90, Matrix{Float32}}, ClimaCore.DataLayouts.VF{ClimaCore.Geometry.LocalGeometry{(3,), ClimaCore.Geometry.ZPoint{Float32}, Float32, ClimaCore.Geometry.Tensor{2, Float32, Tuple{ClimaCore.Geometry.Components{ClimaCore.Geometry.Orthonormal, (1, 2, 3)}, ClimaCore.Geometry.Components{ClimaCore.Geometry.Covariant, (1, 2, 3)}}, StaticArraysCore.SMatrix{3, 3, Float32, 9}}, ClimaCore.Geometry.Tensor{2, Float32, Tuple{ClimaCore.Geometry.Components{ClimaCore.Geometry.Contravariant, (1, 2, 3)}, ClimaCore.Geometry.Components{ClimaCore.Geometry.Contravariant, (1, 2, 3)}}, StaticArraysCore.SMatrix{3, 3, Float32, 9}}}, 91, Matrix{Float32}}}, ClimaCore.Grids.CellCenter}}, ᶠgradᵥ_ᶜΦ::ClimaCore.Fields.Field{ClimaCore.DataLayouts.VF{ClimaCore.Geometry.Covariant3Vector{Float32}, 91, Matrix{Float32}}, ClimaCore.Spaces.FiniteDifferenceSpace{ClimaCore.Grids.FiniteDifferenceGrid{ClimaCore.Topologies.IntervalTopology{ClimaComms.SingletonCommsContext{ClimaComms.CPUSingleThreaded}, ClimaCore.Meshes.IntervalMesh{ClimaCore.Meshes.Uniform, ClimaCore.Domains.IntervalDomain{ClimaCore.Geometry.ZPoint{Float32}, Tuple{Symbol, Symbol}}, LinRange{ClimaCore.Geometry.ZPoint{Float32}, Int64}, Nothing}, @NamedTuple{bottom::Int64, top::Int64}}, ClimaCore.Geometry.CartesianGlobalGeometry, ClimaCore.DataLayouts.VF{ClimaCore.Geometry.LocalGeometry{(3,), ClimaCore.Geometry.ZPoint{Float32}, Float32, ClimaCore.Geometry.Tensor{2, Float32, Tuple{ClimaCore.Geometry.Components{ClimaCore.Geometry.Orthonormal, (1, 2, 3)}, ClimaCore.Geometry.Components{ClimaCore.Geometry.Covariant, (1, 2, 3)}}, StaticArraysCore.SMatrix{3, 3, Float32, 9}}, ClimaCore.Geometry.Tensor{2, Float32, Tuple{ClimaCore.Geometry.Components{ClimaCore.Geometry.Contravariant, (1, 2, 3)}, ClimaCore.Geometry.Components{ClimaCore.Geometry.Contravariant, (1, 2, 3)}}, StaticArraysCore.SMatrix{3, 3, Float32, 9}}}, 90, Matrix{Float32}}, ClimaCore.DataLayouts.VF{ClimaCore.Geometry.LocalGeometry{(3,), ClimaCore.Geometry.ZPoint{Float32}, Float32, ClimaCore.Geometry.Tensor{2, Float32, Tuple{ClimaCore.Geometry.Components{ClimaCore.Geometry.Orthonormal, (1, 2, 3)}, ClimaCore.Geometry.Components{ClimaCore.Geometry.Covariant, (1, 2, 3)}}, StaticArraysCore.SMatrix{3, 3, Float32, 9}}, ClimaCore.Geometry.Tensor{2, Float32, Tuple{ClimaCore.Geometry.Components{ClimaCore.Geometry.Contravariant, (1, 2, 3)}, ClimaCore.Geometry.Components{ClimaCore.Geometry.Contravariant, (1, 2, 3)}}, StaticArraysCore.SMatrix{3, 3, Float32, 9}}}, 91, Matrix{Float32}}}, ClimaCore.Grids.CellFace}}, ᶜgradᵥ_ᶠΦ::ClimaCore.Fields.Field{ClimaCore.DataLayouts.VF{ClimaCore.Geometry.Covariant3Vector{Float32}, 90, Matrix{Float32}}, ClimaCore.Spaces.FiniteDifferenceSpace{ClimaCore.Grids.FiniteDifferenceGrid{ClimaCore.Topologies.IntervalTopology{ClimaComms.SingletonCommsContext{ClimaComms.CPUSingleThreaded}, ClimaCore.Meshes.IntervalMesh{ClimaCore.Meshes.Uniform, ClimaCore.Domains.IntervalDomain{ClimaCore.Geometry.ZPoint{Float32}, Tuple{Symbol, Symbol}}, LinRange{ClimaCore.Geometry.ZPoint{Float32}, Int64}, Nothing}, @NamedTuple{bottom::Int64, top::Int64}}, ClimaCore.Geometry.CartesianGlobalGeometry, ClimaCore.DataLayouts.VF{ClimaCore.Geometry.LocalGeometry{(3,), ClimaCore.Geometry.ZPoint{Float32}, Float32, ClimaCore.Geometry.Tensor{2, Float32, Tuple{ClimaCore.Geometry.Components{ClimaCore.Geometry.Orthonormal, (1, 2, 3)}, ClimaCore.Geometry.Components{ClimaCore.Geometry.Covariant, (1, 2, 3)}}, StaticArraysCore.SMatrix{3, 3, Float32, 9}}, ClimaCore.Geometry.Tensor{2, Float32, Tuple{ClimaCore.Geometry.Components{ClimaCore.Geometry.Contravariant, (1, 2, 3)}, ClimaCore.Geometry.Components{ClimaCore.Geometry.Contravariant, (1, 2, 3)}}, StaticArraysCore.SMatrix{3, 3, Float32, 9}}}, 90, Matrix{Float32}}, ClimaCore.DataLayouts.VF{ClimaCore.Geometry.LocalGeometry{(3,), ClimaCore.Geometry.ZPoint{Float32}, Float32, ClimaCore.Geometry.Tensor{2, Float32, Tuple{ClimaCore.Geometry.Components{ClimaCore.Geometry.Orthonormal, (1, 2, 3)}, ClimaCore.Geometry.Components{ClimaCore.Geometry.Covariant, (1, 2, 3)}}, StaticArraysCore.SMatrix{3, 3, Float32, 9}}, ClimaCore.Geometry.Tensor{2, Float32, Tuple{ClimaCore.Geometry.Components{ClimaCore.Geometry.Contravariant, (1, 2, 3)}, ClimaCore.Geometry.Components{ClimaCore.Geometry.Contravariant, (1, 2, 3)}}, StaticArraysCore.SMatrix{3, 3, Float32, 9}}}, 91, Matrix{Float32}}}, ClimaCore.Grids.CellCenter}}, ᶜf³::ClimaCore.Fields.Field{ClimaCore.DataLayouts.VF{ClimaCore.Geometry.Contravariant3Vector{Float32}, 90, Matrix{Float32}}, ClimaCore.Spaces.FiniteDifferenceSpace{ClimaCore.Grids.FiniteDifferenceGrid{ClimaCore.Topologies.IntervalTopology{ClimaComms.SingletonCommsContext{ClimaComms.CPUSingleThreaded}, ClimaCore.Meshes.IntervalMesh{ClimaCore.Meshes.Uniform, ClimaCore.Domains.IntervalDomain{ClimaCore.Geometry.ZPoint{Float32}, Tuple{Symbol, Symbol}}, LinRange{ClimaCore.Geometry.ZPoint{Float32}, Int64}, Nothing}, @NamedTuple{bottom::Int64, top::Int64}}, ClimaCore.Geometry.CartesianGlobalGeometry, ClimaCore.DataLayouts.VF{ClimaCore.Geometry.LocalGeometry{(3,), ClimaCore.Geometry.ZPoint{Float32}, Float32, ClimaCore.Geometry.Tensor{2, Float32, Tuple{ClimaCore.Geometry.Components{ClimaCore.Geometry.Orthonormal, (1, 2, 3)}, ClimaCore.Geometry.Components{ClimaCore.Geometry.Covariant, (1, 2, 3)}}, StaticArraysCore.SMatrix{3, 3, Float32, 9}}, ClimaCore.Geometry.Tensor{2, Float32, Tuple{ClimaCore.Geometry.Components{ClimaCore.Geometry.Contravariant, (1, 2, 3)}, ClimaCore.Geometry.Components{ClimaCore.Geometry.Contravariant, (1, 2, 3)}}, StaticArraysCore.SMatrix{3, 3, Float32, 9}}}, 90, Matrix{Float32}}, ClimaCore.DataLayouts.VF{ClimaCore.Geometry.LocalGeometry{(3,), ClimaCore.Geometry.ZPoint{Float32}, Float32, ClimaCore.Geometry.Tensor{2, Float32, Tuple{ClimaCore.Geometry.Components{ClimaCore.Geometry.Orthonormal, (1, 2, 3)}, ClimaCore.Geometry.Components{ClimaCore.Geometry.Covariant, (1, 2, 3)}}, StaticArraysCore.SMatrix{3, 3, Float32, 9}}, ClimaCore.Geometry.Tensor{2, Float32, Tuple{ClimaCore.Geometry.Components{ClimaCore.Geometry.Contravariant, (1, 2, 3)}, ClimaCore.Geometry.Components{ClimaCore.Geometry.Contravariant, (1, 2, 3)}}, StaticArraysCore.SMatrix{3, 3, Float32, 9}}}, 91, Matrix{Float32}}}, ClimaCore.Grids.CellCenter}}, ᶠf¹²::Nothing, surface_ct3_unit::ClimaCore.Fields.Field{ClimaCore.DataLayouts.DataF{ClimaCore.Geometry.Contravariant3Vector{Float32}, Vector{Float32}}, ClimaCore.Spaces.PointSpace{ClimaComms.SingletonCommsContext{ClimaComms.CPUSingleThreaded}, ClimaCore.DataLayouts.DataF{ClimaCore.Geometry.LocalGeometry{(3,), ClimaCore.Geometry.ZPoint{Float32}, Float32, ClimaCore.Geometry.Tensor{2, Float32, Tuple{ClimaCore.Geometry.Components{ClimaCore.Geometry.Orthonormal, (1, 2, 3)}, ClimaCore.Geometry.Components{ClimaCore.Geometry.Covariant, (1, 2, 3)}}, StaticArraysCore.SMatrix{3, 3, Float32, 9}}, ClimaCore.Geometry.Tensor{2, Float32, Tuple{ClimaCore.Geometry.Components{ClimaCore.Geometry.Contravariant, (1, 2, 3)}, ClimaCore.Geometry.Components{ClimaCore.Geometry.Contravariant, (1, 2, 3)}}, StaticArraysCore.SMatrix{3, 3, Float32, 9}}}, SubArray{Float32, 1, Matrix{Float32}, Tuple{Int64, Base.Slice{Base.OneTo{Int64}}}, true}}}}}, params::ClimaAtmos.Parameters.ClimaAtmosParameters{Float32, Thermodynamics.Parameters.ThermodynamicsParameters{Float32}, RRTMGP.Parameters.RRTMGPParameters{Float32}, @NamedTuple{N2O_fixed_value::Float32, CH4_fixed_value::Float32, CFC12_fixed_value::Float32, CO2_fixed_value::Float32, CF4_fixed_value::Float32, HFC32_fixed_value::Float32, HFC125_fixed_value::Float32, NO2_fixed_value::Float32, N2_fixed_value::Float32, CCL4_fixed_value::Float32, CO_fixed_value::Float32, CFC11_fixed_value::Float32, HFC143A_fixed_value::Float32, HFC23_fixed_value::Float32, HFC134A_fixed_value::Float32, O2_fixed_value::Float32, CFC22_fixed_value::Float32}, Insolation.Parameters.InsolationParameters{Float32}, @NamedTuple{liquid::CloudMicrophysics.Parameters.CloudLiquid{Float32}, ice::CloudMicrophysics.Parameters.CloudIce{Float32, CloudMicrophysics.Parameters.ParticlePDFIceRain{Float32}, CloudMicrophysics.Parameters.ParticleMass{Float32}}, stokes::CloudMicrophysics.Parameters.StokesRegimeVelType{Float32}, Ch2022::CloudMicrophysics.Parameters.Chen2022VelType{CloudMicrophysics.Parameters.Chen2022VelTypeRain{Float32, 3}, CloudMicrophysics.Parameters.Chen2022VelTypeSmallIce{Float32, 3, 4}, CloudMicrophysics.Parameters.Chen2022VelTypeLargeIce{Float32, 3}}, N_cloud_liquid_droplets::Float32, aml::@NamedTuple{c₀_dust::Float32, α_dust::Float32, N₀::Float32, α_seasalt::Float32, c₀_SO4::Float32, α_q_liq::Float32, q₀_liq::Float32, c₀_seasalt::Float32, α_SO4::Float32}, activation::CloudMicrophysics.Parameters.AerosolActivationParameters{Float32}}, Nothing, CloudMicrophysics.Parameters.Microphysics1MParams{CloudMicrophysics.Parameters.Microphysics1MOptions{CloudMicrophysics.Parameters.CloudLiquidFormation{Float32}, CloudMicrophysics.Parameters.ConstantTimescale{Float32}, CloudMicrophysics.Parameters.CloudIceMelt, CloudMicrophysics.Parameters.Kessler1M{CloudMicrophysics.Parameters.Acnv1M{Float32}}, CloudMicrophysics.Parameters.NoSupersaturation{CloudMicrophysics.Parameters.Acnv1M{Float32}}, CloudMicrophysics.Parameters.RainEvaporation, CloudMicrophysics.Parameters.DepositionAndSublimation, CloudMicrophysics.Parameters.SnowMelt, CloudMicrophysics.Parameters.CloudLiquidRainAccretion{Float32}, CloudMicrophysics.Parameters.CloudLiquidSnowAccretion{Float32}, CloudMicrophysics.Parameters.CloudIceRainAccretion{Float32}, CloudMicrophysics.Parameters.CloudIceSnowAccretion{Float32}, CloudMicrophysics.Parameters.RainSnowAccretion{Float32}}, CloudMicrophysics.Parameters.CloudPhaseParams1M{CloudMicrophysics.Parameters.CloudLiquid{Float32}, CloudMicrophysics.Parameters.CloudIce{Float32, CloudMicrophysics.Parameters.ParticlePDFIceRain{Float32}, CloudMicrophysics.Parameters.ParticleMass{Float32}}}, CloudMicrophysics.Parameters.PrecipPhaseParams1M{CloudMicrophysics.Parameters.Rain{CloudMicrophysics.Parameters.ParticlePDFIceRain{Float32}, CloudMicrophysics.Parameters.ParticleMass{Float32}, CloudMicrophysics.Parameters.ParticleArea{Float32}, CloudMicrophysics.Parameters.Ventilation{Float32}}, CloudMicrophysics.Parameters.Snow{Float32, CloudMicrophysics.Parameters.ParticlePDFSnow{Float32}, CloudMicrophysics.Parameters.ParticleMass{Float32}, CloudMicrophysics.Parameters.ParticleArea{Float32}, CloudMicrophysics.Parameters.Ventilation{Float32}, CloudMicrophysics.Parameters.SnowAspectRatio{Float32}}}, CloudMicrophysics.Parameters.AirProperties{Float32}, CloudMicrophysics.Parameters.Blk1MVelType{CloudMicrophysics.Parameters.Blk1MVelTypeRain{Float32}, CloudMicrophysics.Parameters.Blk1MVelTypeSnow{Float32}}}, CloudMicrophysics.Parameters.Microphysics2MParams{CloudMicrophysics.Parameters.WarmRainParams2M{CloudMicrophysics.Parameters.SB2006{CloudMicrophysics.Parameters.CloudParticlePDF_SB2006{Float32}, CloudMicrophysics.Parameters.RainParticlePDF_SB2006_limited{Float32}, CloudMicrophysics.Parameters.AcnvSB2006{Float32}, CloudMicrophysics.Parameters.AccrSB2006{Float32}, CloudMicrophysics.Parameters.SelfColSB2006{Float32}, CloudMicrophysics.Parameters.BreakupSB2006{Float32}, CloudMicrophysics.Parameters.EvaporationSB2006{Float32}, CloudMicrophysics.Parameters.NumberAdjustmentHorn2012{Float32}}, CloudMicrophysics.Parameters.AirProperties{Float32}, CloudMicrophysics.Parameters.CondEvap2M{Float32}}, Nothing}, Nothing, SurfaceFluxes.Parameters.SurfaceFluxesParameters{Float32, SurfaceFluxes.UniversalFunctions.GryanikParams{Float32}, Thermodynamics.Parameters.ThermodynamicsParameters{Float32}}, ClimaAtmos.Parameters.TurbulenceConvectionParameters{Float32, StaticArraysCore.SVector{12, Float32}, StaticArraysCore.SVector{3, Float32}, StaticArraysCore.SVector{5, Float32}}, ClimaAtmos.Parameters.SurfaceTemperatureParameters{Float32}, @NamedTuple{D₀::Float32, H::Float32, C_E::Float32}, @NamedTuple{gcmdriven_momentum_relaxation_timescale::Float32, gcmdriven_scalar_relaxation_timescale::Float32, gcmdriven_relaxation_minimum_height::Float32, gcmdriven_relaxation_maximum_height::Float32}, @NamedTuple{seasalt_std::Float32, SSLT04_radius::Float32, sulfate_kappa::Float32, sulfate_radius::Float32, SSLT05_radius::Float32, seasalt_density::Float32, SSLT02_radius::Float32, sulfate_std::Float32, SSLT03_radius::Float32, seasalt_kappa::Float32, SSLT01_radius::Float32, sulfate_density::Float32}, Nothing, Nothing}, sfc_setup::ClimaAtmos.SurfaceConditions.SurfaceBoundaryOverrides{Float32, Float32, Nothing, Nothing, Nothing, Nothing}, precomputed::@NamedTuple{ᶜu::ClimaCore.Fields.Field{ClimaCore.DataLayouts.VF{ClimaCore.Geometry.Covariant123Vector{Float32}, 90, Matrix{Float32}}, ClimaCore.Spaces.FiniteDifferenceSpace{ClimaCore.Grids.FiniteDifferenceGrid{ClimaCore.Topologies.IntervalTopology{ClimaComms.SingletonCommsContext{ClimaComms.CPUSingleThreaded}, ClimaCore.Meshes.IntervalMesh{ClimaCore.Meshes.Uniform, ClimaCore.Domains.IntervalDomain{ClimaCore.Geometry.ZPoint{Float32}, Tuple{Symbol, Symbol}}, LinRange{ClimaCore.Geometry.ZPoint{Float32}, Int64}, Nothing}, @NamedTuple{bottom::Int64, top::Int64}}, ClimaCore.Geometry.CartesianGlobalGeometry, ClimaCore.DataLayouts.VF{ClimaCore.Geometry.LocalGeometry{(3,), ClimaCore.Geometry.ZPoint{Float32}, Float32, ClimaCore.Geometry.Tensor{2, Float32, Tuple{ClimaCore.Geometry.Components{ClimaCore.Geometry.Orthonormal, (1, 2, 3)}, ClimaCore.Geometry.Components{ClimaCore.Geometry.Covariant, (1, 2, 3)}}, StaticArraysCore.SMatrix{3, 3, Float32, 9}}, ClimaCore.Geometry.Tensor{2, Float32, Tuple{ClimaCore.Geometry.Components{ClimaCore.Geometry.Contravariant, (1, 2, 3)}, ClimaCore.Geometry.Components{ClimaCore.Geometry.Contravariant, (1, 2, 3)}}, StaticArraysCore.SMatrix{3, 3, Float32, 9}}}, 90, Matrix{Float32}}, ClimaCore.DataLayouts.VF{ClimaCore.Geometry.LocalGeometry{(3,), ClimaCore.Geometry.ZPoint{Float32}, Float32, ClimaCore.Geometry.Tensor{2, Float32, Tuple{ClimaCore.Geometry.Components{ClimaCore.Geometry.Orthonormal, (1, 2, 3)}, ClimaCore.Geometry.Components{ClimaCore.Geometry.Covariant, (1, 2, 3)}}, StaticArraysCore.SMatrix{3, 3, Float32, 9}}, ClimaCore.Geometry.Tensor{2, Float32, Tuple{ClimaCore.Geometry.Components{ClimaCore.Geometry.Contravariant, (1, 2, 3)}, ClimaCore.Geometry.Components{ClimaCore.Geometry.Contravariant, (1, 2, 3)}}, StaticArraysCore.SMatrix{3, 3, Float32, 9}}}, 91, Matrix{Float32}}}, ClimaCore.Grids.CellCenter}}, ᶠu³::ClimaCore.Fields.Field{ClimaCore.DataLayouts.VF{ClimaCore.Geometry.Contravariant3Vector{Float32}, 91, Matrix{Float32}}, ClimaCore.Spaces.FiniteDifferenceSpace{ClimaCore.Grids.FiniteDifferenceGrid{ClimaCore.Topologies.IntervalTopology{ClimaComms.SingletonCommsContext{ClimaComms.CPUSingleThreaded}, ClimaCore.Meshes.IntervalMesh{ClimaCore.Meshes.Uniform, ClimaCore.Domains.IntervalDomain{ClimaCore.Geometry.ZPoint{Float32}, Tuple{Symbol, Symbol}}, LinRange{ClimaCore.Geometry.ZPoint{Float32}, Int64}, Nothing}, @NamedTuple{bottom::Int64, top::Int64}}, ClimaCore.Geometry.CartesianGlobalGeometry, ClimaCore.DataLayouts.VF{ClimaCore.Geometry.LocalGeometry{(3,), ClimaCore.Geometry.ZPoint{Float32}, Float32, ClimaCore.Geometry.Tensor{2, Float32, Tuple{ClimaCore.Geometry.Components{ClimaCore.Geometry.Orthonormal, (1, 2, 3)}, ClimaCore.Geometry.Components{ClimaCore.Geometry.Covariant, (1, 2, 3)}}, StaticArraysCore.SMatrix{3, 3, Float32, 9}}, ClimaCore.Geometry.Tensor{2, Float32, Tuple{ClimaCore.Geometry.Components{ClimaCore.Geometry.Contravariant, (1, 2, 3)}, ClimaCore.Geometry.Components{ClimaCore.Geometry.Contravariant, (1, 2, 3)}}, StaticArraysCore.SMatrix{3, 3, Float32, 9}}}, 90, Matrix{Float32}}, ClimaCore.DataLayouts.VF{ClimaCore.Geometry.LocalGeometry{(3,), ClimaCore.Geometry.ZPoint{Float32}, Float32, ClimaCore.Geometry.Tensor{2, Float32, Tuple{ClimaCore.Geometry.Components{ClimaCore.Geometry.Orthonormal, (1, 2, 3)}, ClimaCore.Geometry.Components{ClimaCore.Geometry.Covariant, (1, 2, 3)}}, StaticArraysCore.SMatrix{3, 3, Float32, 9}}, ClimaCore.Geometry.Tensor{2, Float32, Tuple{ClimaCore.Geometry.Components{ClimaCore.Geometry.Contravariant, (1, 2, 3)}, ClimaCore.Geometry.Components{ClimaCore.Geometry.Contravariant, (1, 2, 3)}}, StaticArraysCore.SMatrix{3, 3, Float32, 9}}}, 91, Matrix{Float32}}}, ClimaCore.Grids.CellFace}}, ᶠu::ClimaCore.Fields.Field{ClimaCore.DataLayouts.VF{ClimaCore.Geometry.Contravariant123Vector{Float32}, 91, Matrix{Float32}}, ClimaCore.Spaces.FiniteDifferenceSpace{ClimaCore.Grids.FiniteDifferenceGrid{ClimaCore.Topologies.IntervalTopology{ClimaComms.SingletonCommsContext{ClimaComms.CPUSingleThreaded}, ClimaCore.Meshes.IntervalMesh{ClimaCore.Meshes.Uniform, ClimaCore.Domains.IntervalDomain{ClimaCore.Geometry.ZPoint{Float32}, Tuple{Symbol, Symbol}}, LinRange{ClimaCore.Geometry.ZPoint{Float32}, Int64}, Nothing}, @NamedTuple{bottom::Int64, top::Int64}}, ClimaCore.Geometry.CartesianGlobalGeometry, ClimaCore.DataLayouts.VF{ClimaCore.Geometry.LocalGeometry{(3,), ClimaCore.Geometry.ZPoint{Float32}, Float32, ClimaCore.Geometry.Tensor{2, Float32, Tuple{ClimaCore.Geometry.Components{ClimaCore.Geometry.Orthonormal, (1, 2, 3)}, ClimaCore.Geometry.Components{ClimaCore.Geometry.Covariant, (1, 2, 3)}}, StaticArraysCore.SMatrix{3, 3, Float32, 9}}, ClimaCore.Geometry.Tensor{2, Float32, Tuple{ClimaCore.Geometry.Components{ClimaCore.Geometry.Contravariant, (1, 2, 3)}, ClimaCore.Geometry.Components{ClimaCore.Geometry.Contravariant, (1, 2, 3)}}, StaticArraysCore.SMatrix{3, 3, Float32, 9}}}, 90, Matrix{Float32}}, ClimaCore.DataLayouts.VF{ClimaCore.Geometry.LocalGeometry{(3,), ClimaCore.Geometry.ZPoint{Float32}, Float32, ClimaCore.Geometry.Tensor{2, Float32, Tuple{ClimaCore.Geometry.Components{ClimaCore.Geometry.Orthonormal, (1, 2, 3)}, ClimaCore.Geometry.Components{ClimaCore.Geometry.Covariant, (1, 2, 3)}}, StaticArraysCore.SMatrix{3, 3, Float32, 9}}, ClimaCore.Geometry.Tensor{2, Float32, Tuple{ClimaCore.Geometry.Components{ClimaCore.Geometry.Contravariant, (1, 2, 3)}, ClimaCore.Geometry.Components{ClimaCore.Geometry.Contravariant, (1, 2, 3)}}, StaticArraysCore.SMatrix{3, 3, Float32, 9}}}, 91, Matrix{Float32}}}, ClimaCore.Grids.CellFace}}, ᶜK::ClimaCore.Fields.Field{ClimaCore.DataLayouts.VF{Float32, 90, Matrix{Float32}}, ClimaCore.Spaces.FiniteDifferenceSpace{ClimaCore.Grids.FiniteDifferenceGrid{ClimaCore.Topologies.IntervalTopology{ClimaComms.SingletonCommsContext{ClimaComms.CPUSingleThreaded}, ClimaCore.Meshes.IntervalMesh{ClimaCore.Meshes.Uniform, ClimaCore.Domains.IntervalDomain{ClimaCore.Geometry.ZPoint{Float32}, Tuple{Symbol, Symbol}}, LinRange{ClimaCore.Geometry.ZPoint{Float32}, Int64}, Nothing}, @NamedTuple{bottom::Int64, top::Int64}}, ClimaCore.Geometry.CartesianGlobalGeometry, ClimaCore.DataLayouts.VF{ClimaCore.Geometry.LocalGeometry{(3,), ClimaCore.Geometry.ZPoint{Float32}, Float32, ClimaCore.Geometry.Tensor{2, Float32, Tuple{ClimaCore.Geometry.Components{ClimaCore.Geometry.Orthonormal, (1, 2, 3)}, ClimaCore.Geometry.Components{ClimaCore.Geometry.Covariant, (1, 2, 3)}}, StaticArraysCore.SMatrix{3, 3, Float32, 9}}, ClimaCore.Geometry.Tensor{2, Float32, Tuple{ClimaCore.Geometry.Components{ClimaCore.Geometry.Contravariant, (1, 2, 3)}, ClimaCore.Geometry.Components{ClimaCore.Geometry.Contravariant, (1, 2, 3)}}, StaticArraysCore.SMatrix{3, 3, Float32, 9}}}, 90, Matrix{Float32}}, ClimaCore.DataLayouts.VF{ClimaCore.Geometry.LocalGeometry{(3,), ClimaCore.Geometry.ZPoint{Float32}, Float32, ClimaCore.Geometry.Tensor{2, Float32, Tuple{ClimaCore.Geometry.Components{ClimaCore.Geometry.Orthonormal, (1, 2, 3)}, ClimaCore.Geometry.Components{ClimaCore.Geometry.Covariant, (1, 2, 3)}}, StaticArraysCore.SMatrix{3, 3, Float32, 9}}, ClimaCore.Geometry.Tensor{2, Float32, Tuple{ClimaCore.Geometry.Components{ClimaCore.Geometry.Contravariant, (1, 2, 3)}, ClimaCore.Geometry.Components{ClimaCore.Geometry.Contravariant, (1, 2, 3)}}, StaticArraysCore.SMatrix{3, 3, Float32, 9}}}, 91, Matrix{Float32}}}, ClimaCore.Grids.CellCenter}}, ᶜT::ClimaCore.Fields.Field{ClimaCore.DataLayouts.VF{Float32, 90, Matrix{Float32}}, ClimaCore.Spaces.FiniteDifferenceSpace{ClimaCore.Grids.FiniteDifferenceGrid{ClimaCore.Topologies.IntervalTopology{ClimaComms.SingletonCommsContext{ClimaComms.CPUSingleThreaded}, ClimaCore.Meshes.IntervalMesh{ClimaCore.Meshes.Uniform, ClimaCore.Domains.IntervalDomain{ClimaCore.Geometry.ZPoint{Float32}, Tuple{Symbol, Symbol}}, LinRange{ClimaCore.Geometry.ZPoint{Float32}, Int64}, Nothing}, @NamedTuple{bottom::Int64, top::Int64}}, ClimaCore.Geometry.CartesianGlobalGeometry, ClimaCore.DataLayouts.VF{ClimaCore.Geometry.LocalGeometry{(3,), ClimaCore.Geometry.ZPoint{Float32}, Float32, ClimaCore.Geometry.Tensor{2, Float32, Tuple{ClimaCore.Geometry.Components{ClimaCore.Geometry.Orthonormal, (1, 2, 3)}, ClimaCore.Geometry.Components{ClimaCore.Geometry.Covariant, (1, 2, 3)}}, StaticArraysCore.SMatrix{3, 3, Float32, 9}}, ClimaCore.Geometry.Tensor{2, Float32, Tuple{ClimaCore.Geometry.Components{ClimaCore.Geometry.Contravariant, (1, 2, 3)}, ClimaCore.Geometry.Components{ClimaCore.Geometry.Contravariant, (1, 2, 3)}}, StaticArraysCore.SMatrix{3, 3, Float32, 9}}}, 90, Matrix{Float32}}, ClimaCore.DataLayouts.VF{ClimaCore.Geometry.LocalGeometry{(3,), ClimaCore.Geometry.ZPoint{Float32}, Float32, ClimaCore.Geometry.Tensor{2, Float32, Tuple{ClimaCore.Geometry.Components{ClimaCore.Geometry.Orthonormal, (1, 2, 3)}, ClimaCore.Geometry.Components{ClimaCore.Geometry.Covariant, (1, 2, 3)}}, StaticArraysCore.SMatrix{3, 3, Float32, 9}}, ClimaCore.Geometry.Tensor{2, Float32, Tuple{ClimaCore.Geometry.Components{ClimaCore.Geometry.Contravariant, (1, 2, 3)}, ClimaCore.Geometry.Components{ClimaCore.Geometry.Contravariant, (1, 2, 3)}}, StaticArraysCore.SMatrix{3, 3, Float32, 9}}}, 91, Matrix{Float32}}}, ClimaCore.Grids.CellCenter}}, ᶜh_tot::ClimaCore.Fields.Field{ClimaCore.DataLayouts.VF{Float32, 90, Matrix{Float32}}, ClimaCore.Spaces.FiniteDifferenceSpace{ClimaCore.Grids.FiniteDifferenceGrid{ClimaCore.Topologies.IntervalTopology{ClimaComms.SingletonCommsContext{ClimaComms.CPUSingleThreaded}, ClimaCore.Meshes.IntervalMesh{ClimaCore.Meshes.Uniform, ClimaCore.Domains.IntervalDomain{ClimaCore.Geometry.ZPoint{Float32}, Tuple{Symbol, Symbol}}, LinRange{ClimaCore.Geometry.ZPoint{Float32}, Int64}, Nothing}, @NamedTuple{bottom::Int64, top::Int64}}, ClimaCore.Geometry.CartesianGlobalGeometry, ClimaCore.DataLayouts.VF{ClimaCore.Geometry.LocalGeometry{(3,), ClimaCore.Geometry.ZPoint{Float32}, Float32, ClimaCore.Geometry.Tensor{2, Float32, Tuple{ClimaCore.Geometry.Components{ClimaCore.Geometry.Orthonormal, (1, 2, 3)}, ClimaCore.Geometry.Components{ClimaCore.Geometry.Covariant, (1, 2, 3)}}, StaticArraysCore.SMatrix{3, 3, Float32, 9}}, ClimaCore.Geometry.Tensor{2, Float32, Tuple{ClimaCore.Geometry.Components{ClimaCore.Geometry.Contravariant, (1, 2, 3)}, ClimaCore.Geometry.Components{ClimaCore.Geometry.Contravariant, (1, 2, 3)}}, StaticArraysCore.SMatrix{3, 3, Float32, 9}}}, 90, Matrix{Float32}}, ClimaCore.DataLayouts.VF{ClimaCore.Geometry.LocalGeometry{(3,), ClimaCore.Geometry.ZPoint{Float32}, Float32, ClimaCore.Geometry.Tensor{2, Float32, Tuple{ClimaCore.Geometry.Components{ClimaCore.Geometry.Orthonormal, (1, 2, 3)}, ClimaCore.Geometry.Components{ClimaCore.Geometry.Covariant, (1, 2, 3)}}, StaticArraysCore.SMatrix{3, 3, Float32, 9}}, ClimaCore.Geometry.Tensor{2, Float32, Tuple{ClimaCore.Geometry.Components{ClimaCore.Geometry.Contravariant, (1, 2, 3)}, ClimaCore.Geometry.Components{ClimaCore.Geometry.Contravariant, (1, 2, 3)}}, StaticArraysCore.SMatrix{3, 3, Float32, 9}}}, 91, Matrix{Float32}}}, ClimaCore.Grids.CellCenter}}, ᶜp::ClimaCore.Fields.Field{ClimaCore.DataLayouts.VF{Float32, 90, Matrix{Float32}}, ClimaCore.Spaces.FiniteDifferenceSpace{ClimaCore.Grids.FiniteDifferenceGrid{ClimaCore.Topologies.IntervalTopology{ClimaComms.SingletonCommsContext{ClimaComms.CPUSingleThreaded}, ClimaCore.Meshes.IntervalMesh{ClimaCore.Meshes.Uniform, ClimaCore.Domains.IntervalDomain{ClimaCore.Geometry.ZPoint{Float32}, Tuple{Symbol, Symbol}}, LinRange{ClimaCore.Geometry.ZPoint{Float32}, Int64}, Nothing}, @NamedTuple{bottom::Int64, top::Int64}}, ClimaCore.Geometry.CartesianGlobalGeometry, ClimaCore.DataLayouts.VF{ClimaCore.Geometry.LocalGeometry{(3,), ClimaCore.Geometry.ZPoint{Float32}, Float32, ClimaCore.Geometry.Tensor{2, Float32, Tuple{ClimaCore.Geometry.Components{ClimaCore.Geometry.Orthonormal, (1, 2, 3)}, ClimaCore.Geometry.Components{ClimaCore.Geometry.Covariant, (1, 2, 3)}}, StaticArraysCore.SMatrix{3, 3, Float32, 9}}, ClimaCore.Geometry.Tensor{2, Float32, Tuple{ClimaCore.Geometry.Components{ClimaCore.Geometry.Contravariant, (1, 2, 3)}, ClimaCore.Geometry.Components{ClimaCore.Geometry.Contravariant, (1, 2, 3)}}, StaticArraysCore.SMatrix{3, 3, Float32, 9}}}, 90, Matrix{Float32}}, ClimaCore.DataLayouts.VF{ClimaCore.Geometry.LocalGeometry{(3,), ClimaCore.Geometry.ZPoint{Float32}, Float32, ClimaCore.Geometry.Tensor{2, Float32, Tuple{ClimaCore.Geometry.Components{ClimaCore.Geometry.Orthonormal, (1, 2, 3)}, ClimaCore.Geometry.Components{ClimaCore.Geometry.Covariant, (1, 2, 3)}}, StaticArraysCore.SMatrix{3, 3, Float32, 9}}, ClimaCore.Geometry.Tensor{2, Float32, Tuple{ClimaCore.Geometry.Components{ClimaCore.Geometry.Contravariant, (1, 2, 3)}, ClimaCore.Geometry.Components{ClimaCore.Geometry.Contravariant, (1, 2, 3)}}, StaticArraysCore.SMatrix{3, 3, Float32, 9}}}, 91, Matrix{Float32}}}, ClimaCore.Grids.CellCenter}}, ᶜq_tot_nonneg::ClimaCore.Fields.Field{ClimaCore.DataLayouts.VF{Float32, 90, Matrix{Float32}}, ClimaCore.Spaces.FiniteDifferenceSpace{ClimaCore.Grids.FiniteDifferenceGrid{ClimaCore.Topologies.IntervalTopology{ClimaComms.SingletonCommsContext{ClimaComms.CPUSingleThreaded}, ClimaCore.Meshes.IntervalMesh{ClimaCore.Meshes.Uniform, ClimaCore.Domains.IntervalDomain{ClimaCore.Geometry.ZPoint{Float32}, Tuple{Symbol, Symbol}}, LinRange{ClimaCore.Geometry.ZPoint{Float32}, Int64}, Nothing}, @NamedTuple{bottom::Int64, top::Int64}}, ClimaCore.Geometry.CartesianGlobalGeometry, ClimaCore.DataLayouts.VF{ClimaCore.Geometry.LocalGeometry{(3,), ClimaCore.Geometry.ZPoint{Float32}, Float32, ClimaCore.Geometry.Tensor{2, Float32, Tuple{ClimaCore.Geometry.Components{ClimaCore.Geometry.Orthonormal, (1, 2, 3)}, ClimaCore.Geometry.Components{ClimaCore.Geometry.Covariant, (1, 2, 3)}}, StaticArraysCore.SMatrix{3, 3, Float32, 9}}, ClimaCore.Geometry.Tensor{2, Float32, Tuple{ClimaCore.Geometry.Components{ClimaCore.Geometry.Contravariant, (1, 2, 3)}, ClimaCore.Geometry.Components{ClimaCore.Geometry.Contravariant, (1, 2, 3)}}, StaticArraysCore.SMatrix{3, 3, Float32, 9}}}, 90, Matrix{Float32}}, ClimaCore.DataLayouts.VF{ClimaCore.Geometry.LocalGeometry{(3,), ClimaCore.Geometry.ZPoint{Float32}, Float32, ClimaCore.Geometry.Tensor{2, Float32, Tuple{ClimaCore.Geometry.Components{ClimaCore.Geometry.Orthonormal, (1, 2, 3)}, ClimaCore.Geometry.Components{ClimaCore.Geometry.Covariant, (1, 2, 3)}}, StaticArraysCore.SMatrix{3, 3, Float32, 9}}, ClimaCore.Geometry.Tensor{2, Float32, Tuple{ClimaCore.Geometry.Components{ClimaCore.Geometry.Contravariant, (1, 2, 3)}, ClimaCore.Geometry.Components{ClimaCore.Geometry.Contravariant, (1, 2, 3)}}, StaticArraysCore.SMatrix{3, 3, Float32, 9}}}, 91, Matrix{Float32}}}, ClimaCore.Grids.CellCenter}}, ᶜq_liq::ClimaCore.Fields.Field{ClimaCore.DataLayouts.VF{Float32, 90, Matrix{Float32}}, ClimaCore.Spaces.FiniteDifferenceSpace{ClimaCore.Grids.FiniteDifferenceGrid{ClimaCore.Topologies.IntervalTopology{ClimaComms.SingletonCommsContext{ClimaComms.CPUSingleThreaded}, ClimaCore.Meshes.IntervalMesh{ClimaCore.Meshes.Uniform, ClimaCore.Domains.IntervalDomain{ClimaCore.Geometry.ZPoint{Float32}, Tuple{Symbol, Symbol}}, LinRange{ClimaCore.Geometry.ZPoint{Float32}, Int64}, Nothing}, @NamedTuple{bottom::Int64, top::Int64}}, ClimaCore.Geometry.CartesianGlobalGeometry, ClimaCore.DataLayouts.VF{ClimaCore.Geometry.LocalGeometry{(3,), ClimaCore.Geometry.ZPoint{Float32}, Float32, ClimaCore.Geometry.Tensor{2, Float32, Tuple{ClimaCore.Geometry.Components{ClimaCore.Geometry.Orthonormal, (1, 2, 3)}, ClimaCore.Geometry.Components{ClimaCore.Geometry.Covariant, (1, 2, 3)}}, StaticArraysCore.SMatrix{3, 3, Float32, 9}}, ClimaCore.Geometry.Tensor{2, Float32, Tuple{ClimaCore.Geometry.Components{ClimaCore.Geometry.Contravariant, (1, 2, 3)}, ClimaCore.Geometry.Components{ClimaCore.Geometry.Contravariant, (1, 2, 3)}}, StaticArraysCore.SMatrix{3, 3, Float32, 9}}}, 90, Matrix{Float32}}, ClimaCore.DataLayouts.VF{ClimaCore.Geometry.LocalGeometry{(3,), ClimaCore.Geometry.ZPoint{Float32}, Float32, ClimaCore.Geometry.Tensor{2, Float32, Tuple{ClimaCore.Geometry.Components{ClimaCore.Geometry.Orthonormal, (1, 2, 3)}, ClimaCore.Geometry.Components{ClimaCore.Geometry.Covariant, (1, 2, 3)}}, StaticArraysCore.SMatrix{3, 3, Float32, 9}}, ClimaCore.Geometry.Tensor{2, Float32, Tuple{ClimaCore.Geometry.Components{ClimaCore.Geometry.Contravariant, (1, 2, 3)}, ClimaCore.Geometry.Components{ClimaCore.Geometry.Contravariant, (1, 2, 3)}}, StaticArraysCore.SMatrix{3, 3, Float32, 9}}}, 91, Matrix{Float32}}}, ClimaCore.Grids.CellCenter}}, ᶜq_ice::ClimaCore.Fields.Field{ClimaCore.DataLayouts.VF{Float32, 90, Matrix{Float32}}, ClimaCore.Spaces.FiniteDifferenceSpace{ClimaCore.Grids.FiniteDifferenceGrid{ClimaCore.Topologies.IntervalTopology{ClimaComms.SingletonCommsContext{ClimaComms.CPUSingleThreaded}, ClimaCore.Meshes.IntervalMesh{ClimaCore.Meshes.Uniform, ClimaCore.Domains.IntervalDomain{ClimaCore.Geometry.ZPoint{Float32}, Tuple{Symbol, Symbol}}, LinRange{ClimaCore.Geometry.ZPoint{Float32}, Int64}, Nothing}, @NamedTuple{bottom::Int64, top::Int64}}, ClimaCore.Geometry.CartesianGlobalGeometry, ClimaCore.DataLayouts.VF{ClimaCore.Geometry.LocalGeometry{(3,), ClimaCore.Geometry.ZPoint{Float32}, Float32, ClimaCore.Geometry.Tensor{2, Float32, Tuple{ClimaCore.Geometry.Components{ClimaCore.Geometry.Orthonormal, (1, 2, 3)}, ClimaCore.Geometry.Components{ClimaCore.Geometry.Covariant, (1, 2, 3)}}, StaticArraysCore.SMatrix{3, 3, Float32, 9}}, ClimaCore.Geometry.Tensor{2, Float32, Tuple{ClimaCore.Geometry.Components{ClimaCore.Geometry.Contravariant, (1, 2, 3)}, ClimaCore.Geometry.Components{ClimaCore.Geometry.Contravariant, (1, 2, 3)}}, StaticArraysCore.SMatrix{3, 3, Float32, 9}}}, 90, Matrix{Float32}}, ClimaCore.DataLayouts.VF{ClimaCore.Geometry.LocalGeometry{(3,), ClimaCore.Geometry.ZPoint{Float32}, Float32, ClimaCore.Geometry.Tensor{2, Float32, Tuple{ClimaCore.Geometry.Components{ClimaCore.Geometry.Orthonormal, (1, 2, 3)}, ClimaCore.Geometry.Components{ClimaCore.Geometry.Covariant, (1, 2, 3)}}, StaticArraysCore.SMatrix{3, 3, Float32, 9}}, ClimaCore.Geometry.Tensor{2, Float32, Tuple{ClimaCore.Geometry.Components{ClimaCore.Geometry.Contravariant, (1, 2, 3)}, ClimaCore.Geometry.Components{ClimaCore.Geometry.Contravariant, (1, 2, 3)}}, StaticArraysCore.SMatrix{3, 3, Float32, 9}}}, 91, Matrix{Float32}}}, ClimaCore.Grids.CellCenter}}, ᶠu₃⁰::ClimaCore.Fields.Field{ClimaCore.DataLayouts.VF{ClimaCore.Geometry.Covariant3Vector{Float32}, 91, Matrix{Float32}}, ClimaCore.Spaces.FiniteDifferenceSpace{ClimaCore.Grids.FiniteDifferenceGrid{ClimaCore.Topologies.IntervalTopology{ClimaComms.SingletonCommsContext{ClimaComms.CPUSingleThreaded}, ClimaCore.Meshes.IntervalMesh{ClimaCore.Meshes.Uniform, ClimaCore.Domains.IntervalDomain{ClimaCore.Geometry.ZPoint{Float32}, Tuple{Symbol, Symbol}}, LinRange{ClimaCore.Geometry.ZPoint{Float32}, Int64}, Nothing}, @NamedTuple{bottom::Int64, top::Int64}}, ClimaCore.Geometry.CartesianGlobalGeometry, ClimaCore.DataLayouts.VF{ClimaCore.Geometry.LocalGeometry{(3,), ClimaCore.Geometry.ZPoint{Float32}, Float32, ClimaCore.Geometry.Tensor{2, Float32, Tuple{ClimaCore.Geometry.Components{ClimaCore.Geometry.Orthonormal, (1, 2, 3)}, ClimaCore.Geometry.Components{ClimaCore.Geometry.Covariant, (1, 2, 3)}}, StaticArraysCore.SMatrix{3, 3, Float32, 9}}, ClimaCore.Geometry.Tensor{2, Float32, Tuple{ClimaCore.Geometry.Components{ClimaCore.Geometry.Contravariant, (1, 2, 3)}, ClimaCore.Geometry.Components{ClimaCore.Geometry.Contravariant, (1, 2, 3)}}, StaticArraysCore.SMatrix{3, 3, Float32, 9}}}, 90, Matrix{Float32}}, ClimaCore.DataLayouts.VF{ClimaCore.Geometry.LocalGeometry{(3,), ClimaCore.Geometry.ZPoint{Float32}, Float32, ClimaCore.Geometry.Tensor{2, Float32, Tuple{ClimaCore.Geometry.Components{ClimaCore.Geometry.Orthonormal, (1, 2, 3)}, ClimaCore.Geometry.Components{ClimaCore.Geometry.Covariant, (1, 2, 3)}}, StaticArraysCore.SMatrix{3, 3, Float32, 9}}, ClimaCore.Geometry.Tensor{2, Float32, Tuple{ClimaCore.Geometry.Components{ClimaCore.Geometry.Contravariant, (1, 2, 3)}, ClimaCore.Geometry.Components{ClimaCore.Geometry.Contravariant, (1, 2, 3)}}, StaticArraysCore.SMatrix{3, 3, Float32, 9}}}, 91, Matrix{Float32}}}, ClimaCore.Grids.CellFace}}, ᶜu⁰::ClimaCore.Fields.Field{ClimaCore.DataLayouts.VF{ClimaCore.Geometry.Covariant123Vector{Float32}, 90, Matrix{Float32}}, ClimaCore.Spaces.FiniteDifferenceSpace{ClimaCore.Grids.FiniteDifferenceGrid{ClimaCore.Topologies.IntervalTopology{ClimaComms.SingletonCommsContext{ClimaComms.CPUSingleThreaded}, ClimaCore.Meshes.IntervalMesh{ClimaCore.Meshes.Uniform, ClimaCore.Domains.IntervalDomain{ClimaCore.Geometry.ZPoint{Float32}, Tuple{Symbol, Symbol}}, LinRange{ClimaCore.Geometry.ZPoint{Float32}, Int64}, Nothing}, @NamedTuple{bottom::Int64, top::Int64}}, ClimaCore.Geometry.CartesianGlobalGeometry, ClimaCore.DataLayouts.VF{ClimaCore.Geometry.LocalGeometry{(3,), ClimaCore.Geometry.ZPoint{Float32}, Float32, ClimaCore.Geometry.Tensor{2, Float32, Tuple{ClimaCore.Geometry.Components{ClimaCore.Geometry.Orthonormal, (1, 2, 3)}, ClimaCore.Geometry.Components{ClimaCore.Geometry.Covariant, (1, 2, 3)}}, StaticArraysCore.SMatrix{3, 3, Float32, 9}}, ClimaCore.Geometry.Tensor{2, Float32, Tuple{ClimaCore.Geometry.Components{ClimaCore.Geometry.Contravariant, (1, 2, 3)}, ClimaCore.Geometry.Components{ClimaCore.Geometry.Contravariant, (1, 2, 3)}}, StaticArraysCore.SMatrix{3, 3, Float32, 9}}}, 90, Matrix{Float32}}, ClimaCore.DataLayouts.VF{ClimaCore.Geometry.LocalGeometry{(3,), ClimaCore.Geometry.ZPoint{Float32}, Float32, ClimaCore.Geometry.Tensor{2, Float32, Tuple{ClimaCore.Geometry.Components{ClimaCore.Geometry.Orthonormal, (1, 2, 3)}, ClimaCore.Geometry.Components{ClimaCore.Geometry.Covariant, (1, 2, 3)}}, StaticArraysCore.SMatrix{3, 3, Float32, 9}}, ClimaCore.Geometry.Tensor{2, Float32, Tuple{ClimaCore.Geometry.Components{ClimaCore.Geometry.Contravariant, (1, 2, 3)}, ClimaCore.Geometry.Components{ClimaCore.Geometry.Contravariant, (1, 2, 3)}}, StaticArraysCore.SMatrix{3, 3, Float32, 9}}}, 91, Matrix{Float32}}}, ClimaCore.Grids.CellCenter}}, ᶠu³⁰::ClimaCore.Fields.Field{ClimaCore.DataLayouts.VF{ClimaCore.Geometry.Contravariant3Vector{Float32}, 91, Matrix{Float32}}, ClimaCore.Spaces.FiniteDifferenceSpace{ClimaCore.Grids.FiniteDifferenceGrid{ClimaCore.Topologies.IntervalTopology{ClimaComms.SingletonCommsContext{ClimaComms.CPUSingleThreaded}, ClimaCore.Meshes.IntervalMesh{ClimaCore.Meshes.Uniform, ClimaCore.Domains.IntervalDomain{ClimaCore.Geometry.ZPoint{Float32}, Tuple{Symbol, Symbol}}, LinRange{ClimaCore.Geometry.ZPoint{Float32}, Int64}, Nothing}, @NamedTuple{bottom::Int64, top::Int64}}, ClimaCore.Geometry.CartesianGlobalGeometry, ClimaCore.DataLayouts.VF{ClimaCore.Geometry.LocalGeometry{(3,), ClimaCore.Geometry.ZPoint{Float32}, Float32, ClimaCore.Geometry.Tensor{2, Float32, Tuple{ClimaCore.Geometry.Components{ClimaCore.Geometry.Orthonormal, (1, 2, 3)}, ClimaCore.Geometry.Components{ClimaCore.Geometry.Covariant, (1, 2, 3)}}, StaticArraysCore.SMatrix{3, 3, Float32, 9}}, ClimaCore.Geometry.Tensor{2, Float32, Tuple{ClimaCore.Geometry.Components{ClimaCore.Geometry.Contravariant, (1, 2, 3)}, ClimaCore.Geometry.Components{ClimaCore.Geometry.Contravariant, (1, 2, 3)}}, StaticArraysCore.SMatrix{3, 3, Float32, 9}}}, 90, Matrix{Float32}}, ClimaCore.DataLayouts.VF{ClimaCore.Geometry.LocalGeometry{(3,), ClimaCore.Geometry.ZPoint{Float32}, Float32, ClimaCore.Geometry.Tensor{2, Float32, Tuple{ClimaCore.Geometry.Components{ClimaCore.Geometry.Orthonormal, (1, 2, 3)}, ClimaCore.Geometry.Components{ClimaCore.Geometry.Covariant, (1, 2, 3)}}, StaticArraysCore.SMatrix{3, 3, Float32, 9}}, ClimaCore.Geometry.Tensor{2, Float32, Tuple{ClimaCore.Geometry.Components{ClimaCore.Geometry.Contravariant, (1, 2, 3)}, ClimaCore.Geometry.Components{ClimaCore.Geometry.Contravariant, (1, 2, 3)}}, StaticArraysCore.SMatrix{3, 3, Float32, 9}}}, 91, Matrix{Float32}}}, ClimaCore.Grids.CellFace}}, ᶜK⁰::ClimaCore.Fields.Field{ClimaCore.DataLayouts.VF{Float32, 90, Matrix{Float32}}, ClimaCore.Spaces.FiniteDifferenceSpace{ClimaCore.Grids.FiniteDifferenceGrid{ClimaCore.Topologies.IntervalTopology{ClimaComms.SingletonCommsContext{ClimaComms.CPUSingleThreaded}, ClimaCore.Meshes.IntervalMesh{ClimaCore.Meshes.Uniform, ClimaCore.Domains.IntervalDomain{ClimaCore.Geometry.ZPoint{Float32}, Tuple{Symbol, Symbol}}, LinRange{ClimaCore.Geometry.ZPoint{Float32}, Int64}, Nothing}, @NamedTuple{bottom::Int64, top::Int64}}, ClimaCore.Geometry.CartesianGlobalGeometry, ClimaCore.DataLayouts.VF{ClimaCore.Geometry.LocalGeometry{(3,), ClimaCore.Geometry.ZPoint{Float32}, Float32, ClimaCore.Geometry.Tensor{2, Float32, Tuple{ClimaCore.Geometry.Components{ClimaCore.Geometry.Orthonormal, (1, 2, 3)}, ClimaCore.Geometry.Components{ClimaCore.Geometry.Covariant, (1, 2, 3)}}, StaticArraysCore.SMatrix{3, 3, Float32, 9}}, ClimaCore.Geometry.Tensor{2, Float32, Tuple{ClimaCore.Geometry.Components{ClimaCore.Geometry.Contravariant, (1, 2, 3)}, ClimaCore.Geometry.Components{ClimaCore.Geometry.Contravariant, (1, 2, 3)}}, StaticArraysCore.SMatrix{3, 3, Float32, 9}}}, 90, Matrix{Float32}}, ClimaCore.DataLayouts.VF{ClimaCore.Geometry.LocalGeometry{(3,), ClimaCore.Geometry.ZPoint{Float32}, Float32, ClimaCore.Geometry.Tensor{2, Float32, Tuple{ClimaCore.Geometry.Components{ClimaCore.Geometry.Orthonormal, (1, 2, 3)}, ClimaCore.Geometry.Components{ClimaCore.Geometry.Covariant, (1, 2, 3)}}, StaticArraysCore.SMatrix{3, 3, Float32, 9}}, ClimaCore.Geometry.Tensor{2, Float32, Tuple{ClimaCore.Geometry.Components{ClimaCore.Geometry.Contravariant, (1, 2, 3)}, ClimaCore.Geometry.Components{ClimaCore.Geometry.Contravariant, (1, 2, 3)}}, StaticArraysCore.SMatrix{3, 3, Float32, 9}}}, 91, Matrix{Float32}}}, ClimaCore.Grids.CellCenter}}, ᶜT⁰::ClimaCore.Fields.Field{ClimaCore.DataLayouts.VF{Float32, 90, Matrix{Float32}}, ClimaCore.Spaces.FiniteDifferenceSpace{ClimaCore.Grids.FiniteDifferenceGrid{ClimaCore.Topologies.IntervalTopology{ClimaComms.SingletonCommsContext{ClimaComms.CPUSingleThreaded}, ClimaCore.Meshes.IntervalMesh{ClimaCore.Meshes.Uniform, ClimaCore.Domains.IntervalDomain{ClimaCore.Geometry.ZPoint{Float32}, Tuple{Symbol, Symbol}}, LinRange{ClimaCore.Geometry.ZPoint{Float32}, Int64}, Nothing}, @NamedTuple{bottom::Int64, top::Int64}}, ClimaCore.Geometry.CartesianGlobalGeometry, ClimaCore.DataLayouts.VF{ClimaCore.Geometry.LocalGeometry{(3,), ClimaCore.Geometry.ZPoint{Float32}, Float32, ClimaCore.Geometry.Tensor{2, Float32, Tuple{ClimaCore.Geometry.Components{ClimaCore.Geometry.Orthonormal, (1, 2, 3)}, ClimaCore.Geometry.Components{ClimaCore.Geometry.Covariant, (1, 2, 3)}}, StaticArraysCore.SMatrix{3, 3, Float32, 9}}, ClimaCore.Geometry.Tensor{2, Float32, Tuple{ClimaCore.Geometry.Components{ClimaCore.Geometry.Contravariant, (1, 2, 3)}, ClimaCore.Geometry.Components{ClimaCore.Geometry.Contravariant, (1, 2, 3)}}, StaticArraysCore.SMatrix{3, 3, Float32, 9}}}, 90, Matrix{Float32}}, ClimaCore.DataLayouts.VF{ClimaCore.Geometry.LocalGeometry{(3,), ClimaCore.Geometry.ZPoint{Float32}, Float32, ClimaCore.Geometry.Tensor{2, Float32, Tuple{ClimaCore.Geometry.Components{ClimaCore.Geometry.Orthonormal, (1, 2, 3)}, ClimaCore.Geometry.Components{ClimaCore.Geometry.Covariant, (1, 2, 3)}}, StaticArraysCore.SMatrix{3, 3, Float32, 9}}, ClimaCore.Geometry.Tensor{2, Float32, Tuple{ClimaCore.Geometry.Components{ClimaCore.Geometry.Contravariant, (1, 2, 3)}, ClimaCore.Geometry.Components{ClimaCore.Geometry.Contravariant, (1, 2, 3)}}, StaticArraysCore.SMatrix{3, 3, Float32, 9}}}, 91, Matrix{Float32}}}, ClimaCore.Grids.CellCenter}}, ᶜq_tot_nonneg⁰::ClimaCore.Fields.Field{ClimaCore.DataLayouts.VF{Float32, 90, Matrix{Float32}}, ClimaCore.Spaces.FiniteDifferenceSpace{ClimaCore.Grids.FiniteDifferenceGrid{ClimaCore.Topologies.IntervalTopology{ClimaComms.SingletonCommsContext{ClimaComms.CPUSingleThreaded}, ClimaCore.Meshes.IntervalMesh{ClimaCore.Meshes.Uniform, ClimaCore.Domains.IntervalDomain{ClimaCore.Geometry.ZPoint{Float32}, Tuple{Symbol, Symbol}}, LinRange{ClimaCore.Geometry.ZPoint{Float32}, Int64}, Nothing}, @NamedTuple{bottom::Int64, top::Int64}}, ClimaCore.Geometry.CartesianGlobalGeometry, ClimaCore.DataLayouts.VF{ClimaCore.Geometry.LocalGeometry{(3,), ClimaCore.Geometry.ZPoint{Float32}, Float32, ClimaCore.Geometry.Tensor{2, Float32, Tuple{ClimaCore.Geometry.Components{ClimaCore.Geometry.Orthonormal, (1, 2, 3)}, ClimaCore.Geometry.Components{ClimaCore.Geometry.Covariant, (1, 2, 3)}}, StaticArraysCore.SMatrix{3, 3, Float32, 9}}, ClimaCore.Geometry.Tensor{2, Float32, Tuple{ClimaCore.Geometry.Components{ClimaCore.Geometry.Contravariant, (1, 2, 3)}, ClimaCore.Geometry.Components{ClimaCore.Geometry.Contravariant, (1, 2, 3)}}, StaticArraysCore.SMatrix{3, 3, Float32, 9}}}, 90, Matrix{Float32}}, ClimaCore.DataLayouts.VF{ClimaCore.Geometry.LocalGeometry{(3,), ClimaCore.Geometry.ZPoint{Float32}, Float32, ClimaCore.Geometry.Tensor{2, Float32, Tuple{ClimaCore.Geometry.Components{ClimaCore.Geometry.Orthonormal, (1, 2, 3)}, ClimaCore.Geometry.Components{ClimaCore.Geometry.Covariant, (1, 2, 3)}}, StaticArraysCore.SMatrix{3, 3, Float32, 9}}, ClimaCore.Geometry.Tensor{2, Float32, Tuple{ClimaCore.Geometry.Components{ClimaCore.Geometry.Contravariant, (1, 2, 3)}, ClimaCore.Geometry.Components{ClimaCore.Geometry.Contravariant, (1, 2, 3)}}, StaticArraysCore.SMatrix{3, 3, Float32, 9}}}, 91, Matrix{Float32}}}, ClimaCore.Grids.CellCenter}}, ᶜq_liq⁰::ClimaCore.Fields.Field{ClimaCore.DataLayouts.VF{Float32, 90, Matrix{Float32}}, ClimaCore.Spaces.FiniteDifferenceSpace{ClimaCore.Grids.FiniteDifferenceGrid{ClimaCore.Topologies.IntervalTopology{ClimaComms.SingletonCommsContext{ClimaComms.CPUSingleThreaded}, ClimaCore.Meshes.IntervalMesh{ClimaCore.Meshes.Uniform, ClimaCore.Domains.IntervalDomain{ClimaCore.Geometry.ZPoint{Float32}, Tuple{Symbol, Symbol}}, LinRange{ClimaCore.Geometry.ZPoint{Float32}, Int64}, Nothing}, @NamedTuple{bottom::Int64, top::Int64}}, ClimaCore.Geometry.CartesianGlobalGeometry, ClimaCore.DataLayouts.VF{ClimaCore.Geometry.LocalGeometry{(3,), ClimaCore.Geometry.ZPoint{Float32}, Float32, ClimaCore.Geometry.Tensor{2, Float32, Tuple{ClimaCore.Geometry.Components{ClimaCore.Geometry.Orthonormal, (1, 2, 3)}, ClimaCore.Geometry.Components{ClimaCore.Geometry.Covariant, (1, 2, 3)}}, StaticArraysCore.SMatrix{3, 3, Float32, 9}}, ClimaCore.Geometry.Tensor{2, Float32, Tuple{ClimaCore.Geometry.Components{ClimaCore.Geometry.Contravariant, (1, 2, 3)}, ClimaCore.Geometry.Components{ClimaCore.Geometry.Contravariant, (1, 2, 3)}}, StaticArraysCore.SMatrix{3, 3, Float32, 9}}}, 90, Matrix{Float32}}, ClimaCore.DataLayouts.VF{ClimaCore.Geometry.LocalGeometry{(3,), ClimaCore.Geometry.ZPoint{Float32}, Float32, ClimaCore.Geometry.Tensor{2, Float32, Tuple{ClimaCore.Geometry.Components{ClimaCore.Geometry.Orthonormal, (1, 2, 3)}, ClimaCore.Geometry.Components{ClimaCore.Geometry.Covariant, (1, 2, 3)}}, StaticArraysCore.SMatrix{3, 3, Float32, 9}}, ClimaCore.Geometry.Tensor{2, Float32, Tuple{ClimaCore.Geometry.Components{ClimaCore.Geometry.Contravariant, (1, 2, 3)}, ClimaCore.Geometry.Components{ClimaCore.Geometry.Contravariant, (1, 2, 3)}}, StaticArraysCore.SMatrix{3, 3, Float32, 9}}}, 91, Matrix{Float32}}}, ClimaCore.Grids.CellCenter}}, ᶜq_ice⁰::ClimaCore.Fields.Field{ClimaCore.DataLayouts.VF{Float32, 90, Matrix{Float32}}, ClimaCore.Spaces.FiniteDifferenceSpace{ClimaCore.Grids.FiniteDifferenceGrid{ClimaCore.Topologies.IntervalTopology{ClimaComms.SingletonCommsContext{ClimaComms.CPUSingleThreaded}, ClimaCore.Meshes.IntervalMesh{ClimaCore.Meshes.Uniform, ClimaCore.Domains.IntervalDomain{ClimaCore.Geometry.ZPoint{Float32}, Tuple{Symbol, Symbol}}, LinRange{ClimaCore.Geometry.ZPoint{Float32}, Int64}, Nothing}, @NamedTuple{bottom::Int64, top::Int64}}, ClimaCore.Geometry.CartesianGlobalGeometry, ClimaCore.DataLayouts.VF{ClimaCore.Geometry.LocalGeometry{(3,), ClimaCore.Geometry.ZPoint{Float32}, Float32, ClimaCore.Geometry.Tensor{2, Float32, Tuple{ClimaCore.Geometry.Components{ClimaCore.Geometry.Orthonormal, (1, 2, 3)}, ClimaCore.Geometry.Components{ClimaCore.Geometry.Covariant, (1, 2, 3)}}, StaticArraysCore.SMatrix{3, 3, Float32, 9}}, ClimaCore.Geometry.Tensor{2, Float32, Tuple{ClimaCore.Geometry.Components{ClimaCore.Geometry.Contravariant, (1, 2, 3)}, ClimaCore.Geometry.Components{ClimaCore.Geometry.Contravariant, (1, 2, 3)}}, StaticArraysCore.SMatrix{3, 3, Float32, 9}}}, 90, Matrix{Float32}}, ClimaCore.DataLayouts.VF{ClimaCore.Geometry.LocalGeometry{(3,), ClimaCore.Geometry.ZPoint{Float32}, Float32, ClimaCore.Geometry.Tensor{2, Float32, Tuple{ClimaCore.Geometry.Components{ClimaCore.Geometry.Orthonormal, (1, 2, 3)}, ClimaCore.Geometry.Components{ClimaCore.Geometry.Covariant, (1, 2, 3)}}, StaticArraysCore.SMatrix{3, 3, Float32, 9}}, ClimaCore.Geometry.Tensor{2, Float32, Tuple{ClimaCore.Geometry.Components{ClimaCore.Geometry.Contravariant, (1, 2, 3)}, ClimaCore.Geometry.Components{ClimaCore.Geometry.Contravariant, (1, 2, 3)}}, StaticArraysCore.SMatrix{3, 3, Float32, 9}}}, 91, Matrix{Float32}}}, ClimaCore.Grids.CellCenter}}, ᶜuʲs::ClimaCore.Fields.Field{ClimaCore.DataLayouts.VF{Tuple{ClimaCore.Geometry.Covariant123Vector{Float32}}, 90, Matrix{Float32}}, ClimaCore.Spaces.FiniteDifferenceSpace{ClimaCore.Grids.FiniteDifferenceGrid{ClimaCore.Topologies.IntervalTopology{ClimaComms.SingletonCommsContext{ClimaComms.CPUSingleThreaded}, ClimaCore.Meshes.IntervalMesh{ClimaCore.Meshes.Uniform, ClimaCore.Domains.IntervalDomain{ClimaCore.Geometry.ZPoint{Float32}, Tuple{Symbol, Symbol}}, LinRange{ClimaCore.Geometry.ZPoint{Float32}, Int64}, Nothing}, @NamedTuple{bottom::Int64, top::Int64}}, ClimaCore.Geometry.CartesianGlobalGeometry, ClimaCore.DataLayouts.VF{ClimaCore.Geometry.LocalGeometry{(3,), ClimaCore.Geometry.ZPoint{Float32}, Float32, ClimaCore.Geometry.Tensor{2, Float32, Tuple{ClimaCore.Geometry.Components{ClimaCore.Geometry.Orthonormal, (1, 2, 3)}, ClimaCore.Geometry.Components{ClimaCore.Geometry.Covariant, (1, 2, 3)}}, StaticArraysCore.SMatrix{3, 3, Float32, 9}}, ClimaCore.Geometry.Tensor{2, Float32, Tuple{ClimaCore.Geometry.Components{ClimaCore.Geometry.Contravariant, (1, 2, 3)}, ClimaCore.Geometry.Components{ClimaCore.Geometry.Contravariant, (1, 2, 3)}}, StaticArraysCore.SMatrix{3, 3, Float32, 9}}}, 90, Matrix{Float32}}, ClimaCore.DataLayouts.VF{ClimaCore.Geometry.LocalGeometry{(3,), ClimaCore.Geometry.ZPoint{Float32}, Float32, ClimaCore.Geometry.Tensor{2, Float32, Tuple{ClimaCore.Geometry.Components{ClimaCore.Geometry.Orthonormal, (1, 2, 3)}, ClimaCore.Geometry.Components{ClimaCore.Geometry.Covariant, (1, 2, 3)}}, StaticArraysCore.SMatrix{3, 3, Float32, 9}}, ClimaCore.Geometry.Tensor{2, Float32, Tuple{ClimaCore.Geometry.Components{ClimaCore.Geometry.Contravariant, (1, 2, 3)}, ClimaCore.Geometry.Components{ClimaCore.Geometry.Contravariant, (1, 2, 3)}}, StaticArraysCore.SMatrix{3, 3, Float32, 9}}}, 91, Matrix{Float32}}}, ClimaCore.Grids.CellCenter}}, ᶠu³ʲs::ClimaCore.Fields.Field{ClimaCore.DataLayouts.VF{Tuple{ClimaCore.Geometry.Contravariant3Vector{Float32}}, 91, Matrix{Float32}}, ClimaCore.Spaces.FiniteDifferenceSpace{ClimaCore.Grids.FiniteDifferenceGrid{ClimaCore.Topologies.IntervalTopology{ClimaComms.SingletonCommsContext{ClimaComms.CPUSingleThreaded}, ClimaCore.Meshes.IntervalMesh{ClimaCore.Meshes.Uniform, ClimaCore.Domains.IntervalDomain{ClimaCore.Geometry.ZPoint{Float32}, Tuple{Symbol, Symbol}}, LinRange{ClimaCore.Geometry.ZPoint{Float32}, Int64}, Nothing}, @NamedTuple{bottom::Int64, top::Int64}}, ClimaCore.Geometry.CartesianGlobalGeometry, ClimaCore.DataLayouts.VF{ClimaCore.Geometry.LocalGeometry{(3,), ClimaCore.Geometry.ZPoint{Float32}, Float32, ClimaCore.Geometry.Tensor{2, Float32, Tuple{ClimaCore.Geometry.Components{ClimaCore.Geometry.Orthonormal, (1, 2, 3)}, ClimaCore.Geometry.Components{ClimaCore.Geometry.Covariant, (1, 2, 3)}}, StaticArraysCore.SMatrix{3, 3, Float32, 9}}, ClimaCore.Geometry.Tensor{2, Float32, Tuple{ClimaCore.Geometry.Components{ClimaCore.Geometry.Contravariant, (1, 2, 3)}, ClimaCore.Geometry.Components{ClimaCore.Geometry.Contravariant, (1, 2, 3)}}, StaticArraysCore.SMatrix{3, 3, Float32, 9}}}, 90, Matrix{Float32}}, ClimaCore.DataLayouts.VF{ClimaCore.Geometry.LocalGeometry{(3,), ClimaCore.Geometry.ZPoint{Float32}, Float32, ClimaCore.Geometry.Tensor{2, Float32, Tuple{ClimaCore.Geometry.Components{ClimaCore.Geometry.Orthonormal, (1, 2, 3)}, ClimaCore.Geometry.Components{ClimaCore.Geometry.Covariant, (1, 2, 3)}}, StaticArraysCore.SMatrix{3, 3, Float32, 9}}, ClimaCore.Geometry.Tensor{2, Float32, Tuple{ClimaCore.Geometry.Components{ClimaCore.Geometry.Contravariant, (1, 2, 3)}, ClimaCore.Geometry.Components{ClimaCore.Geometry.Contravariant, (1, 2, 3)}}, StaticArraysCore.SMatrix{3, 3, Float32, 9}}}, 91, Matrix{Float32}}}, ClimaCore.Grids.CellFace}}, ᶜKʲs::ClimaCore.Fields.Field{ClimaCore.DataLayouts.VF{Tuple{Float32}, 90, Matrix{Float32}}, ClimaCore.Spaces.FiniteDifferenceSpace{ClimaCore.Grids.FiniteDifferenceGrid{ClimaCore.Topologies.IntervalTopology{ClimaComms.SingletonCommsContext{ClimaComms.CPUSingleThreaded}, ClimaCore.Meshes.IntervalMesh{ClimaCore.Meshes.Uniform, ClimaCore.Domains.IntervalDomain{ClimaCore.Geometry.ZPoint{Float32}, Tuple{Symbol, Symbol}}, LinRange{ClimaCore.Geometry.ZPoint{Float32}, Int64}, Nothing}, @NamedTuple{bottom::Int64, top::Int64}}, ClimaCore.Geometry.CartesianGlobalGeometry, ClimaCore.DataLayouts.VF{ClimaCore.Geometry.LocalGeometry{(3,), ClimaCore.Geometry.ZPoint{Float32}, Float32, ClimaCore.Geometry.Tensor{2, Float32, Tuple{ClimaCore.Geometry.Components{ClimaCore.Geometry.Orthonormal, (1, 2, 3)}, ClimaCore.Geometry.Components{ClimaCore.Geometry.Covariant, (1, 2, 3)}}, StaticArraysCore.SMatrix{3, 3, Float32, 9}}, ClimaCore.Geometry.Tensor{2, Float32, Tuple{ClimaCore.Geometry.Components{ClimaCore.Geometry.Contravariant, (1, 2, 3)}, ClimaCore.Geometry.Components{ClimaCore.Geometry.Contravariant, (1, 2, 3)}}, StaticArraysCore.SMatrix{3, 3, Float32, 9}}}, 90, Matrix{Float32}}, ClimaCore.DataLayouts.VF{ClimaCore.Geometry.LocalGeometry{(3,), ClimaCore.Geometry.ZPoint{Float32}, Float32, ClimaCore.Geometry.Tensor{2, Float32, Tuple{ClimaCore.Geometry.Components{ClimaCore.Geometry.Orthonormal, (1, 2, 3)}, ClimaCore.Geometry.Components{ClimaCore.Geometry.Covariant, (1, 2, 3)}}, StaticArraysCore.SMatrix{3, 3, Float32, 9}}, ClimaCore.Geometry.Tensor{2, Float32, Tuple{ClimaCore.Geometry.Components{ClimaCore.Geometry.Contravariant, (1, 2, 3)}, ClimaCore.Geometry.Components{ClimaCore.Geometry.Contravariant, (1, 2, 3)}}, StaticArraysCore.SMatrix{3, 3, Float32, 9}}}, 91, Matrix{Float32}}}, ClimaCore.Grids.CellCenter}}, ᶠKᵥʲs::ClimaCore.Fields.Field{ClimaCore.DataLayouts.VF{Tuple{Float32}, 91, Matrix{Float32}}, ClimaCore.Spaces.FiniteDifferenceSpace{ClimaCore.Grids.FiniteDifferenceGrid{ClimaCore.Topologies.IntervalTopology{ClimaComms.SingletonCommsContext{ClimaComms.CPUSingleThreaded}, ClimaCore.Meshes.IntervalMesh{ClimaCore.Meshes.Uniform, ClimaCore.Domains.IntervalDomain{ClimaCore.Geometry.ZPoint{Float32}, Tuple{Symbol, Symbol}}, LinRange{ClimaCore.Geometry.ZPoint{Float32}, Int64}, Nothing}, @NamedTuple{bottom::Int64, top::Int64}}, ClimaCore.Geometry.CartesianGlobalGeometry, ClimaCore.DataLayouts.VF{ClimaCore.Geometry.LocalGeometry{(3,), ClimaCore.Geometry.ZPoint{Float32}, Float32, ClimaCore.Geometry.Tensor{2, Float32, Tuple{ClimaCore.Geometry.Components{ClimaCore.Geometry.Orthonormal, (1, 2, 3)}, ClimaCore.Geometry.Components{ClimaCore.Geometry.Covariant, (1, 2, 3)}}, StaticArraysCore.SMatrix{3, 3, Float32, 9}}, ClimaCore.Geometry.Tensor{2, Float32, Tuple{ClimaCore.Geometry.Components{ClimaCore.Geometry.Contravariant, (1, 2, 3)}, ClimaCore.Geometry.Components{ClimaCore.Geometry.Contravariant, (1, 2, 3)}}, StaticArraysCore.SMatrix{3, 3, Float32, 9}}}, 90, Matrix{Float32}}, ClimaCore.DataLayouts.VF{ClimaCore.Geometry.LocalGeometry{(3,), ClimaCore.Geometry.ZPoint{Float32}, Float32, ClimaCore.Geometry.Tensor{2, Float32, Tuple{ClimaCore.Geometry.Components{ClimaCore.Geometry.Orthonormal, (1, 2, 3)}, ClimaCore.Geometry.Components{ClimaCore.Geometry.Covariant, (1, 2, 3)}}, StaticArraysCore.SMatrix{3, 3, Float32, 9}}, ClimaCore.Geometry.Tensor{2, Float32, Tuple{ClimaCore.Geometry.Components{ClimaCore.Geometry.Contravariant, (1, 2, 3)}, ClimaCore.Geometry.Components{ClimaCore.Geometry.Contravariant, (1, 2, 3)}}, StaticArraysCore.SMatrix{3, 3, Float32, 9}}}, 91, Matrix{Float32}}}, ClimaCore.Grids.CellFace}}, ᶜTʲs::ClimaCore.Fields.Field{ClimaCore.DataLayouts.VF{Tuple{Float32}, 90, Matrix{Float32}}, ClimaCore.Spaces.FiniteDifferenceSpace{ClimaCore.Grids.FiniteDifferenceGrid{ClimaCore.Topologies.IntervalTopology{ClimaComms.SingletonCommsContext{ClimaComms.CPUSingleThreaded}, ClimaCore.Meshes.IntervalMesh{ClimaCore.Meshes.Uniform, ClimaCore.Domains.IntervalDomain{ClimaCore.Geometry.ZPoint{Float32}, Tuple{Symbol, Symbol}}, LinRange{ClimaCore.Geometry.ZPoint{Float32}, Int64}, Nothing}, @NamedTuple{bottom::Int64, top::Int64}}, ClimaCore.Geometry.CartesianGlobalGeometry, ClimaCore.DataLayouts.VF{ClimaCore.Geometry.LocalGeometry{(3,), ClimaCore.Geometry.ZPoint{Float32}, Float32, ClimaCore.Geometry.Tensor{2, Float32, Tuple{ClimaCore.Geometry.Components{ClimaCore.Geometry.Orthonormal, (1, 2, 3)}, ClimaCore.Geometry.Components{ClimaCore.Geometry.Covariant, (1, 2, 3)}}, StaticArraysCore.SMatrix{3, 3, Float32, 9}}, ClimaCore.Geometry.Tensor{2, Float32, Tuple{ClimaCore.Geometry.Components{ClimaCore.Geometry.Contravariant, (1, 2, 3)}, ClimaCore.Geometry.Components{ClimaCore.Geometry.Contravariant, (1, 2, 3)}}, StaticArraysCore.SMatrix{3, 3, Float32, 9}}}, 90, Matrix{Float32}}, ClimaCore.DataLayouts.VF{ClimaCore.Geometry.LocalGeometry{(3,), ClimaCore.Geometry.ZPoint{Float32}, Float32, ClimaCore.Geometry.Tensor{2, Float32, Tuple{ClimaCore.Geometry.Components{ClimaCore.Geometry.Orthonormal, (1, 2, 3)}, ClimaCore.Geometry.Components{ClimaCore.Geometry.Covariant, (1, 2, 3)}}, StaticArraysCore.SMatrix{3, 3, Float32, 9}}, ClimaCore.Geometry.Tensor{2, Float32, Tuple{ClimaCore.Geometry.Components{ClimaCore.Geometry.Contravariant, (1, 2, 3)}, ClimaCore.Geometry.Components{ClimaCore.Geometry.Contravariant, (1, 2, 3)}}, StaticArraysCore.SMatrix{3, 3, Float32, 9}}}, 91, Matrix{Float32}}}, ClimaCore.Grids.CellCenter}}, ᶜq_tot_nonnegʲs::ClimaCore.Fields.Field{ClimaCore.DataLayouts.VF{Tuple{Float32}, 90, Matrix{Float32}}, ClimaCore.Spaces.FiniteDifferenceSpace{ClimaCore.Grids.FiniteDifferenceGrid{ClimaCore.Topologies.IntervalTopology{ClimaComms.SingletonCommsContext{ClimaComms.CPUSingleThreaded}, ClimaCore.Meshes.IntervalMesh{ClimaCore.Meshes.Uniform, ClimaCore.Domains.IntervalDomain{ClimaCore.Geometry.ZPoint{Float32}, Tuple{Symbol, Symbol}}, LinRange{ClimaCore.Geometry.ZPoint{Float32}, Int64}, Nothing}, @NamedTuple{bottom::Int64, top::Int64}}, ClimaCore.Geometry.CartesianGlobalGeometry, ClimaCore.DataLayouts.VF{ClimaCore.Geometry.LocalGeometry{(3,), ClimaCore.Geometry.ZPoint{Float32}, Float32, ClimaCore.Geometry.Tensor{2, Float32, Tuple{ClimaCore.Geometry.Components{ClimaCore.Geometry.Orthonormal, (1, 2, 3)}, ClimaCore.Geometry.Components{ClimaCore.Geometry.Covariant, (1, 2, 3)}}, StaticArraysCore.SMatrix{3, 3, Float32, 9}}, ClimaCore.Geometry.Tensor{2, Float32, Tuple{ClimaCore.Geometry.Components{ClimaCore.Geometry.Contravariant, (1, 2, 3)}, ClimaCore.Geometry.Components{ClimaCore.Geometry.Contravariant, (1, 2, 3)}}, StaticArraysCore.SMatrix{3, 3, Float32, 9}}}, 90, Matrix{Float32}}, ClimaCore.DataLayouts.VF{ClimaCore.Geometry.LocalGeometry{(3,), ClimaCore.Geometry.ZPoint{Float32}, Float32, ClimaCore.Geometry.Tensor{2, Float32, Tuple{ClimaCore.Geometry.Components{ClimaCore.Geometry.Orthonormal, (1, 2, 3)}, ClimaCore.Geometry.Components{ClimaCore.Geometry.Covariant, (1, 2, 3)}}, StaticArraysCore.SMatrix{3, 3, Float32, 9}}, ClimaCore.Geometry.Tensor{2, Float32, Tuple{ClimaCore.Geometry.Components{ClimaCore.Geometry.Contravariant, (1, 2, 3)}, ClimaCore.Geometry.Components{ClimaCore.Geometry.Contravariant, (1, 2, 3)}}, StaticArraysCore.SMatrix{3, 3, Float32, 9}}}, 91, Matrix{Float32}}}, ClimaCore.Grids.CellCenter}}, ᶜq_liqʲs::ClimaCore.Fields.Field{ClimaCore.DataLayouts.VF{Tuple{Float32}, 90, Matrix{Float32}}, ClimaCore.Spaces.FiniteDifferenceSpace{ClimaCore.Grids.FiniteDifferenceGrid{ClimaCore.Topologies.IntervalTopology{ClimaComms.SingletonCommsContext{ClimaComms.CPUSingleThreaded}, ClimaCore.Meshes.IntervalMesh{ClimaCore.Meshes.Uniform, ClimaCore.Domains.IntervalDomain{ClimaCore.Geometry.ZPoint{Float32}, Tuple{Symbol, Symbol}}, LinRange{ClimaCore.Geometry.ZPoint{Float32}, Int64}, Nothing}, @NamedTuple{bottom::Int64, top::Int64}}, ClimaCore.Geometry.CartesianGlobalGeometry, ClimaCore.DataLayouts.VF{ClimaCore.Geometry.LocalGeometry{(3,), ClimaCore.Geometry.ZPoint{Float32}, Float32, ClimaCore.Geometry.Tensor{2, Float32, Tuple{ClimaCore.Geometry.Components{ClimaCore.Geometry.Orthonormal, (1, 2, 3)}, ClimaCore.Geometry.Components{ClimaCore.Geometry.Covariant, (1, 2, 3)}}, StaticArraysCore.SMatrix{3, 3, Float32, 9}}, ClimaCore.Geometry.Tensor{2, Float32, Tuple{ClimaCore.Geometry.Components{ClimaCore.Geometry.Contravariant, (1, 2, 3)}, ClimaCore.Geometry.Components{ClimaCore.Geometry.Contravariant, (1, 2, 3)}}, StaticArraysCore.SMatrix{3, 3, Float32, 9}}}, 90, Matrix{Float32}}, ClimaCore.DataLayouts.VF{ClimaCore.Geometry.LocalGeometry{(3,), ClimaCore.Geometry.ZPoint{Float32}, Float32, ClimaCore.Geometry.Tensor{2, Float32, Tuple{ClimaCore.Geometry.Components{ClimaCore.Geometry.Orthonormal, (1, 2, 3)}, ClimaCore.Geometry.Components{ClimaCore.Geometry.Covariant, (1, 2, 3)}}, StaticArraysCore.SMatrix{3, 3, Float32, 9}}, ClimaCore.Geometry.Tensor{2, Float32, Tuple{ClimaCore.Geometry.Components{ClimaCore.Geometry.Contravariant, (1, 2, 3)}, ClimaCore.Geometry.Components{ClimaCore.Geometry.Contravariant, (1, 2, 3)}}, StaticArraysCore.SMatrix{3, 3, Float32, 9}}}, 91, Matrix{Float32}}}, ClimaCore.Grids.CellCenter}}, ᶜq_iceʲs::ClimaCore.Fields.Field{ClimaCore.DataLayouts.VF{Tuple{Float32}, 90, Matrix{Float32}}, ClimaCore.Spaces.FiniteDifferenceSpace{ClimaCore.Grids.FiniteDifferenceGrid{ClimaCore.Topologies.IntervalTopology{ClimaComms.SingletonCommsContext{ClimaComms.CPUSingleThreaded}, ClimaCore.Meshes.IntervalMesh{ClimaCore.Meshes.Uniform, ClimaCore.Domains.IntervalDomain{ClimaCore.Geometry.ZPoint{Float32}, Tuple{Symbol, Symbol}}, LinRange{ClimaCore.Geometry.ZPoint{Float32}, Int64}, Nothing}, @NamedTuple{bottom::Int64, top::Int64}}, ClimaCore.Geometry.CartesianGlobalGeometry, ClimaCore.DataLayouts.VF{ClimaCore.Geometry.LocalGeometry{(3,), ClimaCore.Geometry.ZPoint{Float32}, Float32, ClimaCore.Geometry.Tensor{2, Float32, Tuple{ClimaCore.Geometry.Components{ClimaCore.Geometry.Orthonormal, (1, 2, 3)}, ClimaCore.Geometry.Components{ClimaCore.Geometry.Covariant, (1, 2, 3)}}, StaticArraysCore.SMatrix{3, 3, Float32, 9}}, ClimaCore.Geometry.Tensor{2, Float32, Tuple{ClimaCore.Geometry.Components{ClimaCore.Geometry.Contravariant, (1, 2, 3)}, ClimaCore.Geometry.Components{ClimaCore.Geometry.Contravariant, (1, 2, 3)}}, StaticArraysCore.SMatrix{3, 3, Float32, 9}}}, 90, Matrix{Float32}}, ClimaCore.DataLayouts.VF{ClimaCore.Geometry.LocalGeometry{(3,), ClimaCore.Geometry.ZPoint{Float32}, Float32, ClimaCore.Geometry.Tensor{2, Float32, Tuple{ClimaCore.Geometry.Components{ClimaCore.Geometry.Orthonormal, (1, 2, 3)}, ClimaCore.Geometry.Components{ClimaCore.Geometry.Covariant, (1, 2, 3)}}, StaticArraysCore.SMatrix{3, 3, Float32, 9}}, ClimaCore.Geometry.Tensor{2, Float32, Tuple{ClimaCore.Geometry.Components{ClimaCore.Geometry.Contravariant, (1, 2, 3)}, ClimaCore.Geometry.Components{ClimaCore.Geometry.Contravariant, (1, 2, 3)}}, StaticArraysCore.SMatrix{3, 3, Float32, 9}}}, 91, Matrix{Float32}}}, ClimaCore.Grids.CellCenter}}, ᶜρʲs::ClimaCore.Fields.Field{ClimaCore.DataLayouts.VF{Tuple{Float32}, 90, Matrix{Float32}}, ClimaCore.Spaces.FiniteDifferenceSpace{ClimaCore.Grids.FiniteDifferenceGrid{ClimaCore.Topologies.IntervalTopology{ClimaComms.SingletonCommsContext{ClimaComms.CPUSingleThreaded}, ClimaCore.Meshes.IntervalMesh{ClimaCore.Meshes.Uniform, ClimaCore.Domains.IntervalDomain{ClimaCore.Geometry.ZPoint{Float32}, Tuple{Symbol, Symbol}}, LinRange{ClimaCore.Geometry.ZPoint{Float32}, Int64}, Nothing}, @NamedTuple{bottom::Int64, top::Int64}}, ClimaCore.Geometry.CartesianGlobalGeometry, ClimaCore.DataLayouts.VF{ClimaCore.Geometry.LocalGeometry{(3,), ClimaCore.Geometry.ZPoint{Float32}, Float32, ClimaCore.Geometry.Tensor{2, Float32, Tuple{ClimaCore.Geometry.Components{ClimaCore.Geometry.Orthonormal, (1, 2, 3)}, ClimaCore.Geometry.Components{ClimaCore.Geometry.Covariant, (1, 2, 3)}}, StaticArraysCore.SMatrix{3, 3, Float32, 9}}, ClimaCore.Geometry.Tensor{2, Float32, Tuple{ClimaCore.Geometry.Components{ClimaCore.Geometry.Contravariant, (1, 2, 3)}, ClimaCore.Geometry.Components{ClimaCore.Geometry.Contravariant, (1, 2, 3)}}, StaticArraysCore.SMatrix{3, 3, Float32, 9}}}, 90, Matrix{Float32}}, ClimaCore.DataLayouts.VF{ClimaCore.Geometry.LocalGeometry{(3,), ClimaCore.Geometry.ZPoint{Float32}, Float32, ClimaCore.Geometry.Tensor{2, Float32, Tuple{ClimaCore.Geometry.Components{ClimaCore.Geometry.Orthonormal, (1, 2, 3)}, ClimaCore.Geometry.Components{ClimaCore.Geometry.Covariant, (1, 2, 3)}}, StaticArraysCore.SMatrix{3, 3, Float32, 9}}, ClimaCore.Geometry.Tensor{2, Float32, Tuple{ClimaCore.Geometry.Components{ClimaCore.Geometry.Contravariant, (1, 2, 3)}, ClimaCore.Geometry.Components{ClimaCore.Geometry.Contravariant, (1, 2, 3)}}, StaticArraysCore.SMatrix{3, 3, Float32, 9}}}, 91, Matrix{Float32}}}, ClimaCore.Grids.CellCenter}}, surface_rain_flux::ClimaCore.Fields.Field{ClimaCore.DataLayouts.DataF{Float32, Vector{Float32}}, ClimaCore.Spaces.PointSpace{ClimaComms.SingletonCommsContext{ClimaComms.CPUSingleThreaded}, ClimaCore.DataLayouts.DataF{ClimaCore.Geometry.LocalGeometry{(3,), ClimaCore.Geometry.ZPoint{Float32}, Float32, ClimaCore.Geometry.Tensor{2, Float32, Tuple{ClimaCore.Geometry.Components{ClimaCore.Geometry.Orthonormal, (1, 2, 3)}, ClimaCore.Geometry.Components{ClimaCore.Geometry.Covariant, (1, 2, 3)}}, StaticArraysCore.SMatrix{3, 3, Float32, 9}}, ClimaCore.Geometry.Tensor{2, Float32, Tuple{ClimaCore.Geometry.Components{ClimaCore.Geometry.Contravariant, (1, 2, 3)}, ClimaCore.Geometry.Components{ClimaCore.Geometry.Contravariant, (1, 2, 3)}}, StaticArraysCore.SMatrix{3, 3, Float32, 9}}}, SubArray{Float32, 1, Matrix{Float32}, Tuple{Int64, Base.Slice{Base.OneTo{Int64}}}, true}}}}, surface_snow_flux::ClimaCore.Fields.Field{ClimaCore.DataLayouts.DataF{Float32, Vector{Float32}}, ClimaCore.Spaces.PointSpace{ClimaComms.SingletonCommsContext{ClimaComms.CPUSingleThreaded}, ClimaCore.DataLayouts.DataF{ClimaCore.Geometry.LocalGeometry{(3,), ClimaCore.Geometry.ZPoint{Float32}, Float32, ClimaCore.Geometry.Tensor{2, Float32, Tuple{ClimaCore.Geometry.Components{ClimaCore.Geometry.Orthonormal, (1, 2, 3)}, ClimaCore.Geometry.Components{ClimaCore.Geometry.Covariant, (1, 2, 3)}}, StaticArraysCore.SMatrix{3, 3, Float32, 9}}, ClimaCore.Geometry.Tensor{2, Float32, Tuple{ClimaCore.Geometry.Components{ClimaCore.Geometry.Contravariant, (1, 2, 3)}, ClimaCore.Geometry.Components{ClimaCore.Geometry.Contravariant, (1, 2, 3)}}, StaticArraysCore.SMatrix{3, 3, Float32, 9}}}, SubArray{Float32, 1, Matrix{Float32}, Tuple{Int64, Base.Slice{Base.OneTo{Int64}}}, true}}}}, col_integrated_precip_energy_tendency::ClimaCore.Fields.Field{ClimaCore.DataLayouts.DataF{Float32, Vector{Float32}}, ClimaCore.Spaces.PointSpace{ClimaComms.SingletonCommsContext{ClimaComms.CPUSingleThreaded}, ClimaCore.DataLayouts.DataF{ClimaCore.Geometry.LocalGeometry{(3,), ClimaCore.Geometry.ZPoint{Float32}, Float32, ClimaCore.Geometry.Tensor{2, Float32, Tuple{ClimaCore.Geometry.Components{ClimaCore.Geometry.Orthonormal, (1, 2, 3)}, ClimaCore.Geometry.Components{ClimaCore.Geometry.Covariant, (1, 2, 3)}}, StaticArraysCore.SMatrix{3, 3, Float32, 9}}, ClimaCore.Geometry.Tensor{2, Float32, Tuple{ClimaCore.Geometry.Components{ClimaCore.Geometry.Contravariant, (1, 2, 3)}, ClimaCore.Geometry.Components{ClimaCore.Geometry.Contravariant, (1, 2, 3)}}, StaticArraysCore.SMatrix{3, 3, Float32, 9}}}, SubArray{Float32, 1, Matrix{Float32}, Tuple{Int64, Base.Slice{Base.OneTo{Int64}}}, true}}}}, ᶜwₜqₜ::ClimaCore.Fields.Field{ClimaCore.DataLayouts.VF{ClimaCore.Geometry.WVector{Float32}, 90, Matrix{Float32}}, ClimaCore.Spaces.FiniteDifferenceSpace{ClimaCore.Grids.FiniteDifferenceGrid{ClimaCore.Topologies.IntervalTopology{ClimaComms.SingletonCommsContext{ClimaComms.CPUSingleThreaded}, ClimaCore.Meshes.IntervalMesh{ClimaCore.Meshes.Uniform, ClimaCore.Domains.IntervalDomain{ClimaCore.Geometry.ZPoint{Float32}, Tuple{Symbol, Symbol}}, LinRange{ClimaCore.Geometry.ZPoint{Float32}, Int64}, Nothing}, @NamedTuple{bottom::Int64, top::Int64}}, ClimaCore.Geometry.CartesianGlobalGeometry, ClimaCore.DataLayouts.VF{ClimaCore.Geometry.LocalGeometry{(3,), ClimaCore.Geometry.ZPoint{Float32}, Float32, ClimaCore.Geometry.Tensor{2, Float32, Tuple{ClimaCore.Geometry.Components{ClimaCore.Geometry.Orthonormal, (1, 2, 3)}, ClimaCore.Geometry.Components{ClimaCore.Geometry.Covariant, (1, 2, 3)}}, StaticArraysCore.SMatrix{3, 3, Float32, 9}}, ClimaCore.Geometry.Tensor{2, Float32, Tuple{ClimaCore.Geometry.Components{ClimaCore.Geometry.Contravariant, (1, 2, 3)}, ClimaCore.Geometry.Components{ClimaCore.Geometry.Contravariant, (1, 2, 3)}}, StaticArraysCore.SMatrix{3, 3, Float32, 9}}}, 90, Matrix{Float32}}, ClimaCore.DataLayouts.VF{ClimaCore.Geometry.LocalGeometry{(3,), ClimaCore.Geometry.ZPoint{Float32}, Float32, ClimaCore.Geometry.Tensor{2, Float32, Tuple{ClimaCore.Geometry.Components{ClimaCore.Geometry.Orthonormal, (1, 2, 3)}, ClimaCore.Geometry.Components{ClimaCore.Geometry.Covariant, (1, 2, 3)}}, StaticArraysCore.SMatrix{3, 3, Float32, 9}}, ClimaCore.Geometry.Tensor{2, Float32, Tuple{ClimaCore.Geometry.Components{ClimaCore.Geometry.Contravariant, (1, 2, 3)}, ClimaCore.Geometry.Components{ClimaCore.Geometry.Contravariant, (1, 2, 3)}}, StaticArraysCore.SMatrix{3, 3, Float32, 9}}}, 91, Matrix{Float32}}}, ClimaCore.Grids.CellCenter}}, ᶜwₕhₜ::ClimaCore.Fields.Field{ClimaCore.DataLayouts.VF{ClimaCore.Geometry.WVector{Float32}, 90, Matrix{Float32}}, ClimaCore.Spaces.FiniteDifferenceSpace{ClimaCore.Grids.FiniteDifferenceGrid{ClimaCore.Topologies.IntervalTopology{ClimaComms.SingletonCommsContext{ClimaComms.CPUSingleThreaded}, ClimaCore.Meshes.IntervalMesh{ClimaCore.Meshes.Uniform, ClimaCore.Domains.IntervalDomain{ClimaCore.Geometry.ZPoint{Float32}, Tuple{Symbol, Symbol}}, LinRange{ClimaCore.Geometry.ZPoint{Float32}, Int64}, Nothing}, @NamedTuple{bottom::Int64, top::Int64}}, ClimaCore.Geometry.CartesianGlobalGeometry, ClimaCore.DataLayouts.VF{ClimaCore.Geometry.LocalGeometry{(3,), ClimaCore.Geometry.ZPoint{Float32}, Float32, ClimaCore.Geometry.Tensor{2, Float32, Tuple{ClimaCore.Geometry.Components{ClimaCore.Geometry.Orthonormal, (1, 2, 3)}, ClimaCore.Geometry.Components{ClimaCore.Geometry.Covariant, (1, 2, 3)}}, StaticArraysCore.SMatrix{3, 3, Float32, 9}}, ClimaCore.Geometry.Tensor{2, Float32, Tuple{ClimaCore.Geometry.Components{ClimaCore.Geometry.Contravariant, (1, 2, 3)}, ClimaCore.Geometry.Components{ClimaCore.Geometry.Contravariant, (1, 2, 3)}}, StaticArraysCore.SMatrix{3, 3, Float32, 9}}}, 90, Matrix{Float32}}, ClimaCore.DataLayouts.VF{ClimaCore.Geometry.LocalGeometry{(3,), ClimaCore.Geometry.ZPoint{Float32}, Float32, ClimaCore.Geometry.Tensor{2, Float32, Tuple{ClimaCore.Geometry.Components{ClimaCore.Geometry.Orthonormal, (1, 2, 3)}, ClimaCore.Geometry.Components{ClimaCore.Geometry.Covariant, (1, 2, 3)}}, StaticArraysCore.SMatrix{3, 3, Float32, 9}}, ClimaCore.Geometry.Tensor{2, Float32, Tuple{ClimaCore.Geometry.Components{ClimaCore.Geometry.Contravariant, (1, 2, 3)}, ClimaCore.Geometry.Components{ClimaCore.Geometry.Contravariant, (1, 2, 3)}}, StaticArraysCore.SMatrix{3, 3, Float32, 9}}}, 91, Matrix{Float32}}}, ClimaCore.Grids.CellCenter}}, ᶜlinear_buoygrad::ClimaCore.Fields.Field{ClimaCore.DataLayouts.VF{Float32, 90, Matrix{Float32}}, ClimaCore.Spaces.FiniteDifferenceSpace{ClimaCore.Grids.FiniteDifferenceGrid{ClimaCore.Topologies.IntervalTopology{ClimaComms.SingletonCommsContext{ClimaComms.CPUSingleThreaded}, ClimaCore.Meshes.IntervalMesh{ClimaCore.Meshes.Uniform, ClimaCore.Domains.IntervalDomain{ClimaCore.Geometry.ZPoint{Float32}, Tuple{Symbol, Symbol}}, LinRange{ClimaCore.Geometry.ZPoint{Float32}, Int64}, Nothing}, @NamedTuple{bottom::Int64, top::Int64}}, ClimaCore.Geometry.CartesianGlobalGeometry, ClimaCore.DataLayouts.VF{ClimaCore.Geometry.LocalGeometry{(3,), ClimaCore.Geometry.ZPoint{Float32}, Float32, ClimaCore.Geometry.Tensor{2, Float32, Tuple{ClimaCore.Geometry.Components{ClimaCore.Geometry.Orthonormal, (1, 2, 3)}, ClimaCore.Geometry.Components{ClimaCore.Geometry.Covariant, (1, 2, 3)}}, StaticArraysCore.SMatrix{3, 3, Float32, 9}}, ClimaCore.Geometry.Tensor{2, Float32, Tuple{ClimaCore.Geometry.Components{ClimaCore.Geometry.Contravariant, (1, 2, 3)}, ClimaCore.Geometry.Components{ClimaCore.Geometry.Contravariant, (1, 2, 3)}}, StaticArraysCore.SMatrix{3, 3, Float32, 9}}}, 90, Matrix{Float32}}, ClimaCore.DataLayouts.VF{ClimaCore.Geometry.LocalGeometry{(3,), ClimaCore.Geometry.ZPoint{Float32}, Float32, ClimaCore.Geometry.Tensor{2, Float32, Tuple{ClimaCore.Geometry.Components{ClimaCore.Geometry.Orthonormal, (1, 2, 3)}, ClimaCore.Geometry.Components{ClimaCore.Geometry.Covariant, (1, 2, 3)}}, StaticArraysCore.SMatrix{3, 3, Float32, 9}}, ClimaCore.Geometry.Tensor{2, Float32, Tuple{ClimaCore.Geometry.Components{ClimaCore.Geometry.Contravariant, (1, 2, 3)}, ClimaCore.Geometry.Components{ClimaCore.Geometry.Contravariant, (1, 2, 3)}}, StaticArraysCore.SMatrix{3, 3, Float32, 9}}}, 91, Matrix{Float32}}}, ClimaCore.Grids.CellCenter}}, ᶜstrain_rate_norm::ClimaCore.Fields.Field{ClimaCore.DataLayouts.VF{Float32, 90, Matrix{Float32}}, ClimaCore.Spaces.FiniteDifferenceSpace{ClimaCore.Grids.FiniteDifferenceGrid{ClimaCore.Topologies.IntervalTopology{ClimaComms.SingletonCommsContext{ClimaComms.CPUSingleThreaded}, ClimaCore.Meshes.IntervalMesh{ClimaCore.Meshes.Uniform, ClimaCore.Domains.IntervalDomain{ClimaCore.Geometry.ZPoint{Float32}, Tuple{Symbol, Symbol}}, LinRange{ClimaCore.Geometry.ZPoint{Float32}, Int64}, Nothing}, @NamedTuple{bottom::Int64, top::Int64}}, ClimaCore.Geometry.CartesianGlobalGeometry, ClimaCore.DataLayouts.VF{ClimaCore.Geometry.LocalGeometry{(3,), ClimaCore.Geometry.ZPoint{Float32}, Float32, ClimaCore.Geometry.Tensor{2, Float32, Tuple{ClimaCore.Geometry.Components{ClimaCore.Geometry.Orthonormal, (1, 2, 3)}, ClimaCore.Geometry.Components{ClimaCore.Geometry.Covariant, (1, 2, 3)}}, StaticArraysCore.SMatrix{3, 3, Float32, 9}}, ClimaCore.Geometry.Tensor{2, Float32, Tuple{ClimaCore.Geometry.Components{ClimaCore.Geometry.Contravariant, (1, 2, 3)}, ClimaCore.Geometry.Components{ClimaCore.Geometry.Contravariant, (1, 2, 3)}}, StaticArraysCore.SMatrix{3, 3, Float32, 9}}}, 90, Matrix{Float32}}, ClimaCore.DataLayouts.VF{ClimaCore.Geometry.LocalGeometry{(3,), ClimaCore.Geometry.ZPoint{Float32}, Float32, ClimaCore.Geometry.Tensor{2, Float32, Tuple{ClimaCore.Geometry.Components{ClimaCore.Geometry.Orthonormal, (1, 2, 3)}, ClimaCore.Geometry.Components{ClimaCore.Geometry.Covariant, (1, 2, 3)}}, StaticArraysCore.SMatrix{3, 3, Float32, 9}}, ClimaCore.Geometry.Tensor{2, Float32, Tuple{ClimaCore.Geometry.Components{ClimaCore.Geometry.Contravariant, (1, 2, 3)}, ClimaCore.Geometry.Components{ClimaCore.Geometry.Contravariant, (1, 2, 3)}}, StaticArraysCore.SMatrix{3, 3, Float32, 9}}}, 91, Matrix{Float32}}}, ClimaCore.Grids.CellCenter}}, sfc_conditions::ClimaCore.Fields.Field{ClimaCore.DataLayouts.DataF{@NamedTuple{T_sfc::Float32, q_vap_sfc::Float32, ustar::Float32, obukhov_length::Float32, buoyancy_flux::Float32, ρ_flux_uₕ::ClimaCore.Geometry.Tensor{2, Float32, Tuple{ClimaCore.Geometry.Components{ClimaCore.Geometry.Covariant, (3,)}, ClimaCore.Geometry.Components{ClimaCore.Geometry.Covariant, (1, 2)}}, StaticArraysCore.SMatrix{1, 2, Float32, 2}}, ρ_flux_h_tot::ClimaCore.Geometry.Covariant3Vector{Float32}, ρ_flux_q_tot::ClimaCore.Geometry.Covariant3Vector{Float32}}, Vector{Float32}}, ClimaCore.Spaces.PointSpace{ClimaComms.SingletonCommsContext{ClimaComms.CPUSingleThreaded}, ClimaCore.DataLayouts.DataF{ClimaCore.Geometry.LocalGeometry{(3,), ClimaCore.Geometry.ZPoint{Float32}, Float32, ClimaCore.Geometry.Tensor{2, Float32, Tuple{ClimaCore.Geometry.Components{ClimaCore.Geometry.Orthonormal, (1, 2, 3)}, ClimaCore.Geometry.Components{ClimaCore.Geometry.Covariant, (1, 2, 3)}}, StaticArraysCore.SMatrix{3, 3, Float32, 9}}, ClimaCore.Geometry.Tensor{2, Float32, Tuple{ClimaCore.Geometry.Components{ClimaCore.Geometry.Contravariant, (1, 2, 3)}, ClimaCore.Geometry.Components{ClimaCore.Geometry.Contravariant, (1, 2, 3)}}, StaticArraysCore.SMatrix{3, 3, Float32, 9}}}, SubArray{Float32, 1, Matrix{Float32}, Tuple{Int64, Base.Slice{Base.OneTo{Int64}}}, true}}}}, ᶜgradᵥ_q_tot::ClimaCore.Fields.Field{ClimaCore.DataLayouts.VF{ClimaCore.Geometry.Covariant3Vector{Float32}, 90, Matrix{Float32}}, ClimaCore.Spaces.FiniteDifferenceSpace{ClimaCore.Grids.FiniteDifferenceGrid{ClimaCore.Topologies.IntervalTopology{ClimaComms.SingletonCommsContext{ClimaComms.CPUSingleThreaded}, ClimaCore.Meshes.IntervalMesh{ClimaCore.Meshes.Uniform, ClimaCore.Domains.IntervalDomain{ClimaCore.Geometry.ZPoint{Float32}, Tuple{Symbol, Symbol}}, LinRange{ClimaCore.Geometry.ZPoint{Float32}, Int64}, Nothing}, @NamedTuple{bottom::Int64, top::Int64}}, ClimaCore.Geometry.CartesianGlobalGeometry, ClimaCore.DataLayouts.VF{ClimaCore.Geometry.LocalGeometry{(3,), ClimaCore.Geometry.ZPoint{Float32}, Float32, ClimaCore.Geometry.Tensor{2, Float32, Tuple{ClimaCore.Geometry.Components{ClimaCore.Geometry.Orthonormal, (1, 2, 3)}, ClimaCore.Geometry.Components{ClimaCore.Geometry.Covariant, (1, 2, 3)}}, StaticArraysCore.SMatrix{3, 3, Float32, 9}}, ClimaCore.Geometry.Tensor{2, Float32, Tuple{ClimaCore.Geometry.Components{ClimaCore.Geometry.Contravariant, (1, 2, 3)}, ClimaCore.Geometry.Components{ClimaCore.Geometry.Contravariant, (1, 2, 3)}}, StaticArraysCore.SMatrix{3, 3, Float32, 9}}}, 90, Matrix{Float32}}, ClimaCore.DataLayouts.VF{ClimaCore.Geometry.LocalGeometry{(3,), ClimaCore.Geometry.ZPoint{Float32}, Float32, ClimaCore.Geometry.Tensor{2, Float32, Tuple{ClimaCore.Geometry.Components{ClimaCore.Geometry.Orthonormal, (1, 2, 3)}, ClimaCore.Geometry.Components{ClimaCore.Geometry.Covariant, (1, 2, 3)}}, StaticArraysCore.SMatrix{3, 3, Float32, 9}}, ClimaCore.Geometry.Tensor{2, Float32, Tuple{ClimaCore.Geometry.Components{ClimaCore.Geometry.Contravariant, (1, 2, 3)}, ClimaCore.Geometry.Components{ClimaCore.Geometry.Contravariant, (1, 2, 3)}}, StaticArraysCore.SMatrix{3, 3, Float32, 9}}}, 91, Matrix{Float32}}}, ClimaCore.Grids.CellCenter}}, ᶜgradᵥ_θ_liq_ice::ClimaCore.Fields.Field{ClimaCore.DataLayouts.VF{ClimaCore.Geometry.Covariant3Vector{Float32}, 90, Matrix{Float32}}, ClimaCore.Spaces.FiniteDifferenceSpace{ClimaCore.Grids.FiniteDifferenceGrid{ClimaCore.Topologies.IntervalTopology{ClimaComms.SingletonCommsContext{ClimaComms.CPUSingleThreaded}, ClimaCore.Meshes.IntervalMesh{ClimaCore.Meshes.Uniform, ClimaCore.Domains.IntervalDomain{ClimaCore.Geometry.ZPoint{Float32}, Tuple{Symbol, Symbol}}, LinRange{ClimaCore.Geometry.ZPoint{Float32}, Int64}, Nothing}, @NamedTuple{bottom::Int64, top::Int64}}, ClimaCore.Geometry.CartesianGlobalGeometry, ClimaCore.DataLayouts.VF{ClimaCore.Geometry.LocalGeometry{(3,), ClimaCore.Geometry.ZPoint{Float32}, Float32, ClimaCore.Geometry.Tensor{2, Float32, Tuple{ClimaCore.Geometry.Components{ClimaCore.Geometry.Orthonormal, (1, 2, 3)}, ClimaCore.Geometry.Components{ClimaCore.Geometry.Covariant, (1, 2, 3)}}, StaticArraysCore.SMatrix{3, 3, Float32, 9}}, ClimaCore.Geometry.Tensor{2, Float32, Tuple{ClimaCore.Geometry.Components{ClimaCore.Geometry.Contravariant, (1, 2, 3)}, ClimaCore.Geometry.Components{ClimaCore.Geometry.Contravariant, (1, 2, 3)}}, StaticArraysCore.SMatrix{3, 3, Float32, 9}}}, 90, Matrix{Float32}}, ClimaCore.DataLayouts.VF{ClimaCore.Geometry.LocalGeometry{(3,), ClimaCore.Geometry.ZPoint{Float32}, Float32, ClimaCore.Geometry.Tensor{2, Float32, Tuple{ClimaCore.Geometry.Components{ClimaCore.Geometry.Orthonormal, (1, 2, 3)}, ClimaCore.Geometry.Components{ClimaCore.Geometry.Covariant, (1, 2, 3)}}, StaticArraysCore.SMatrix{3, 3, Float32, 9}}, ClimaCore.Geometry.Tensor{2, Float32, Tuple{ClimaCore.Geometry.Components{ClimaCore.Geometry.Contravariant, (1, 2, 3)}, ClimaCore.Geometry.Components{ClimaCore.Geometry.Contravariant, (1, 2, 3)}}, StaticArraysCore.SMatrix{3, 3, Float32, 9}}}, 91, Matrix{Float32}}}, ClimaCore.Grids.CellCenter}}, ρtke_flux::ClimaCore.Fields.Field{ClimaCore.DataLayouts.DataF{ClimaCore.Geometry.Covariant3Vector{Float32}, Vector{Float32}}, ClimaCore.Spaces.PointSpace{ClimaComms.SingletonCommsContext{ClimaComms.CPUSingleThreaded}, ClimaCore.DataLayouts.DataF{ClimaCore.Geometry.LocalGeometry{(3,), ClimaCore.Geometry.ZPoint{Float32}, Float32, ClimaCore.Geometry.Tensor{2, Float32, Tuple{ClimaCore.Geometry.Components{ClimaCore.Geometry.Orthonormal, (1, 2, 3)}, ClimaCore.Geometry.Components{ClimaCore.Geometry.Covariant, (1, 2, 3)}}, StaticArraysCore.SMatrix{3, 3, Float32, 9}}, ClimaCore.Geometry.Tensor{2, Float32, Tuple{ClimaCore.Geometry.Components{ClimaCore.Geometry.Contravariant, (1, 2, 3)}, ClimaCore.Geometry.Components{ClimaCore.Geometry.Contravariant, (1, 2, 3)}}, StaticArraysCore.SMatrix{3, 3, Float32, 9}}}, SubArray{Float32, 1, Matrix{Float32}, Tuple{Int64, Base.Slice{Base.OneTo{Int64}}}, true}}}}, ᶜentr_vel_scaleʲs::ClimaCore.Fields.Field{ClimaCore.DataLayouts.VF{Tuple{Float32}, 90, Matrix{Float32}}, ClimaCore.Spaces.FiniteDifferenceSpace{ClimaCore.Grids.FiniteDifferenceGrid{ClimaCore.Topologies.IntervalTopology{ClimaComms.SingletonCommsContext{ClimaComms.CPUSingleThreaded}, ClimaCore.Meshes.IntervalMesh{ClimaCore.Meshes.Uniform, ClimaCore.Domains.IntervalDomain{ClimaCore.Geometry.ZPoint{Float32}, Tuple{Symbol, Symbol}}, LinRange{ClimaCore.Geometry.ZPoint{Float32}, Int64}, Nothing}, @NamedTuple{bottom::Int64, top::Int64}}, ClimaCore.Geometry.CartesianGlobalGeometry, ClimaCore.DataLayouts.VF{ClimaCore.Geometry.LocalGeometry{(3,), ClimaCore.Geometry.ZPoint{Float32}, Float32, ClimaCore.Geometry.Tensor{2, Float32, Tuple{ClimaCore.Geometry.Components{ClimaCore.Geometry.Orthonormal, (1, 2, 3)}, ClimaCore.Geometry.Components{ClimaCore.Geometry.Covariant, (1, 2, 3)}}, StaticArraysCore.SMatrix{3, 3, Float32, 9}}, ClimaCore.Geometry.Tensor{2, Float32, Tuple{ClimaCore.Geometry.Components{ClimaCore.Geometry.Contravariant, (1, 2, 3)}, ClimaCore.Geometry.Components{ClimaCore.Geometry.Contravariant, (1, 2, 3)}}, StaticArraysCore.SMatrix{3, 3, Float32, 9}}}, 90, Matrix{Float32}}, ClimaCore.DataLayouts.VF{ClimaCore.Geometry.LocalGeometry{(3,), ClimaCore.Geometry.ZPoint{Float32}, Float32, ClimaCore.Geometry.Tensor{2, Float32, Tuple{ClimaCore.Geometry.Components{ClimaCore.Geometry.Orthonormal, (1, 2, 3)}, ClimaCore.Geometry.Components{ClimaCore.Geometry.Covariant, (1, 2, 3)}}, StaticArraysCore.SMatrix{3, 3, Float32, 9}}, ClimaCore.Geometry.Tensor{2, Float32, Tuple{ClimaCore.Geometry.Components{ClimaCore.Geometry.Contravariant, (1, 2, 3)}, ClimaCore.Geometry.Components{ClimaCore.Geometry.Contravariant, (1, 2, 3)}}, StaticArraysCore.SMatrix{3, 3, Float32, 9}}}, 91, Matrix{Float32}}}, ClimaCore.Grids.CellCenter}}, ᶜturb_entrʲs::ClimaCore.Fields.Field{ClimaCore.DataLayouts.VF{Tuple{Float32}, 90, Matrix{Float32}}, ClimaCore.Spaces.FiniteDifferenceSpace{ClimaCore.Grids.FiniteDifferenceGrid{ClimaCore.Topologies.IntervalTopology{ClimaComms.SingletonCommsContext{ClimaComms.CPUSingleThreaded}, ClimaCore.Meshes.IntervalMesh{ClimaCore.Meshes.Uniform, ClimaCore.Domains.IntervalDomain{ClimaCore.Geometry.ZPoint{Float32}, Tuple{Symbol, Symbol}}, LinRange{ClimaCore.Geometry.ZPoint{Float32}, Int64}, Nothing}, @NamedTuple{bottom::Int64, top::Int64}}, ClimaCore.Geometry.CartesianGlobalGeometry, ClimaCore.DataLayouts.VF{ClimaCore.Geometry.LocalGeometry{(3,), ClimaCore.Geometry.ZPoint{Float32}, Float32, ClimaCore.Geometry.Tensor{2, Float32, Tuple{ClimaCore.Geometry.Components{ClimaCore.Geometry.Orthonormal, (1, 2, 3)}, ClimaCore.Geometry.Components{ClimaCore.Geometry.Covariant, (1, 2, 3)}}, StaticArraysCore.SMatrix{3, 3, Float32, 9}}, ClimaCore.Geometry.Tensor{2, Float32, Tuple{ClimaCore.Geometry.Components{ClimaCore.Geometry.Contravariant, (1, 2, 3)}, ClimaCore.Geometry.Components{ClimaCore.Geometry.Contravariant, (1, 2, 3)}}, StaticArraysCore.SMatrix{3, 3, Float32, 9}}}, 90, Matrix{Float32}}, ClimaCore.DataLayouts.VF{ClimaCore.Geometry.LocalGeometry{(3,), ClimaCore.Geometry.ZPoint{Float32}, Float32, ClimaCore.Geometry.Tensor{2, Float32, Tuple{ClimaCore.Geometry.Components{ClimaCore.Geometry.Orthonormal, (1, 2, 3)}, ClimaCore.Geometry.Components{ClimaCore.Geometry.Covariant, (1, 2, 3)}}, StaticArraysCore.SMatrix{3, 3, Float32, 9}}, ClimaCore.Geometry.Tensor{2, Float32, Tuple{ClimaCore.Geometry.Components{ClimaCore.Geometry.Contravariant, (1, 2, 3)}, ClimaCore.Geometry.Components{ClimaCore.Geometry.Contravariant, (1, 2, 3)}}, StaticArraysCore.SMatrix{3, 3, Float32, 9}}}, 91, Matrix{Float32}}}, ClimaCore.Grids.CellCenter}}, ᶜarea_bounding_entr_detrʲs::ClimaCore.Fields.Field{ClimaCore.DataLayouts.VF{Tuple{Float32}, 90, Matrix{Float32}}, ClimaCore.Spaces.FiniteDifferenceSpace{ClimaCore.Grids.FiniteDifferenceGrid{ClimaCore.Topologies.IntervalTopology{ClimaComms.SingletonCommsContext{ClimaComms.CPUSingleThreaded}, ClimaCore.Meshes.IntervalMesh{ClimaCore.Meshes.Uniform, ClimaCore.Domains.IntervalDomain{ClimaCore.Geometry.ZPoint{Float32}, Tuple{Symbol, Symbol}}, LinRange{ClimaCore.Geometry.ZPoint{Float32}, Int64}, Nothing}, @NamedTuple{bottom::Int64, top::Int64}}, ClimaCore.Geometry.CartesianGlobalGeometry, ClimaCore.DataLayouts.VF{ClimaCore.Geometry.LocalGeometry{(3,), ClimaCore.Geometry.ZPoint{Float32}, Float32, ClimaCore.Geometry.Tensor{2, Float32, Tuple{ClimaCore.Geometry.Components{ClimaCore.Geometry.Orthonormal, (1, 2, 3)}, ClimaCore.Geometry.Components{ClimaCore.Geometry.Covariant, (1, 2, 3)}}, StaticArraysCore.SMatrix{3, 3, Float32, 9}}, ClimaCore.Geometry.Tensor{2, Float32, Tuple{ClimaCore.Geometry.Components{ClimaCore.Geometry.Contravariant, (1, 2, 3)}, ClimaCore.Geometry.Components{ClimaCore.Geometry.Contravariant, (1, 2, 3)}}, StaticArraysCore.SMatrix{3, 3, Float32, 9}}}, 90, Matrix{Float32}}, ClimaCore.DataLayouts.VF{ClimaCore.Geometry.LocalGeometry{(3,), ClimaCore.Geometry.ZPoint{Float32}, Float32, ClimaCore.Geometry.Tensor{2, Float32, Tuple{ClimaCore.Geometry.Components{ClimaCore.Geometry.Orthonormal, (1, 2, 3)}, ClimaCore.Geometry.Components{ClimaCore.Geometry.Covariant, (1, 2, 3)}}, StaticArraysCore.SMatrix{3, 3, Float32, 9}}, ClimaCore.Geometry.Tensor{2, Float32, Tuple{ClimaCore.Geometry.Components{ClimaCore.Geometry.Contravariant, (1, 2, 3)}, ClimaCore.Geometry.Components{ClimaCore.Geometry.Contravariant, (1, 2, 3)}}, StaticArraysCore.SMatrix{3, 3, Float32, 9}}}, 91, Matrix{Float32}}}, ClimaCore.Grids.CellCenter}}, ᶜρ_diffʲs::ClimaCore.Fields.Field{ClimaCore.DataLayouts.VF{Tuple{Float32}, 90, Matrix{Float32}}, ClimaCore.Spaces.FiniteDifferenceSpace{ClimaCore.Grids.FiniteDifferenceGrid{ClimaCore.Topologies.IntervalTopology{ClimaComms.SingletonCommsContext{ClimaComms.CPUSingleThreaded}, ClimaCore.Meshes.IntervalMesh{ClimaCore.Meshes.Uniform, ClimaCore.Domains.IntervalDomain{ClimaCore.Geometry.ZPoint{Float32}, Tuple{Symbol, Symbol}}, LinRange{ClimaCore.Geometry.ZPoint{Float32}, Int64}, Nothing}, @NamedTuple{bottom::Int64, top::Int64}}, ClimaCore.Geometry.CartesianGlobalGeometry, ClimaCore.DataLayouts.VF{ClimaCore.Geometry.LocalGeometry{(3,), ClimaCore.Geometry.ZPoint{Float32}, Float32, ClimaCore.Geometry.Tensor{2, Float32, Tuple{ClimaCore.Geometry.Components{ClimaCore.Geometry.Orthonormal, (1, 2, 3)}, ClimaCore.Geometry.Components{ClimaCore.Geometry.Covariant, (1, 2, 3)}}, StaticArraysCore.SMatrix{3, 3, Float32, 9}}, ClimaCore.Geometry.Tensor{2, Float32, Tuple{ClimaCore.Geometry.Components{ClimaCore.Geometry.Contravariant, (1, 2, 3)}, ClimaCore.Geometry.Components{ClimaCore.Geometry.Contravariant, (1, 2, 3)}}, StaticArraysCore.SMatrix{3, 3, Float32, 9}}}, 90, Matrix{Float32}}, ClimaCore.DataLayouts.VF{ClimaCore.Geometry.LocalGeometry{(3,), ClimaCore.Geometry.ZPoint{Float32}, Float32, ClimaCore.Geometry.Tensor{2, Float32, Tuple{ClimaCore.Geometry.Components{ClimaCore.Geometry.Orthonormal, (1, 2, 3)}, ClimaCore.Geometry.Components{ClimaCore.Geometry.Covariant, (1, 2, 3)}}, StaticArraysCore.SMatrix{3, 3, Float32, 9}}, ClimaCore.Geometry.Tensor{2, Float32, Tuple{ClimaCore.Geometry.Components{ClimaCore.Geometry.Contravariant, (1, 2, 3)}, ClimaCore.Geometry.Components{ClimaCore.Geometry.Contravariant, (1, 2, 3)}}, StaticArraysCore.SMatrix{3, 3, Float32, 9}}}, 91, Matrix{Float32}}}, ClimaCore.Grids.CellCenter}}, ᶠu₃_tendencyʲs::ClimaCore.Fields.Field{ClimaCore.DataLayouts.VF{Tuple{ClimaCore.Geometry.Covariant3Vector{Float32}}, 91, Matrix{Float32}}, ClimaCore.Spaces.FiniteDifferenceSpace{ClimaCore.Grids.FiniteDifferenceGrid{ClimaCore.Topologies.IntervalTopology{ClimaComms.SingletonCommsContext{ClimaComms.CPUSingleThreaded}, ClimaCore.Meshes.IntervalMesh{ClimaCore.Meshes.Uniform, ClimaCore.Domains.IntervalDomain{ClimaCore.Geometry.ZPoint{Float32}, Tuple{Symbol, Symbol}}, LinRange{ClimaCore.Geometry.ZPoint{Float32}, Int64}, Nothing}, @NamedTuple{bottom::Int64, top::Int64}}, ClimaCore.Geometry.CartesianGlobalGeometry, ClimaCore.DataLayouts.VF{ClimaCore.Geometry.LocalGeometry{(3,), ClimaCore.Geometry.ZPoint{Float32}, Float32, ClimaCore.Geometry.Tensor{2, Float32, Tuple{ClimaCore.Geometry.Components{ClimaCore.Geometry.Orthonormal, (1, 2, 3)}, ClimaCore.Geometry.Components{ClimaCore.Geometry.Covariant, (1, 2, 3)}}, StaticArraysCore.SMatrix{3, 3, Float32, 9}}, ClimaCore.Geometry.Tensor{2, Float32, Tuple{ClimaCore.Geometry.Components{ClimaCore.Geometry.Contravariant, (1, 2, 3)}, ClimaCore.Geometry.Components{ClimaCore.Geometry.Contravariant, (1, 2, 3)}}, StaticArraysCore.SMatrix{3, 3, Float32, 9}}}, 90, Matrix{Float32}}, ClimaCore.DataLayouts.VF{ClimaCore.Geometry.LocalGeometry{(3,), ClimaCore.Geometry.ZPoint{Float32}, Float32, ClimaCore.Geometry.Tensor{2, Float32, Tuple{ClimaCore.Geometry.Components{ClimaCore.Geometry.Orthonormal, (1, 2, 3)}, ClimaCore.Geometry.Components{ClimaCore.Geometry.Covariant, (1, 2, 3)}}, StaticArraysCore.SMatrix{3, 3, Float32, 9}}, ClimaCore.Geometry.Tensor{2, Float32, Tuple{ClimaCore.Geometry.Components{ClimaCore.Geometry.Contravariant, (1, 2, 3)}, ClimaCore.Geometry.Components{ClimaCore.Geometry.Contravariant, (1, 2, 3)}}, StaticArraysCore.SMatrix{3, 3, Float32, 9}}}, 91, Matrix{Float32}}}, ClimaCore.Grids.CellFace}}, ᶜρa_tendencyʲs::ClimaCore.Fields.Field{ClimaCore.DataLayouts.VF{Tuple{Float32}, 90, Matrix{Float32}}, ClimaCore.Spaces.FiniteDifferenceSpace{ClimaCore.Grids.FiniteDifferenceGrid{ClimaCore.Topologies.IntervalTopology{ClimaComms.SingletonCommsContext{ClimaComms.CPUSingleThreaded}, ClimaCore.Meshes.IntervalMesh{ClimaCore.Meshes.Uniform, ClimaCore.Domains.IntervalDomain{ClimaCore.Geometry.ZPoint{Float32}, Tuple{Symbol, Symbol}}, LinRange{ClimaCore.Geometry.ZPoint{Float32}, Int64}, Nothing}, @NamedTuple{bottom::Int64, top::Int64}}, ClimaCore.Geometry.CartesianGlobalGeometry, ClimaCore.DataLayouts.VF{ClimaCore.Geometry.LocalGeometry{(3,), ClimaCore.Geometry.ZPoint{Float32}, Float32, ClimaCore.Geometry.Tensor{2, Float32, Tuple{ClimaCore.Geometry.Components{ClimaCore.Geometry.Orthonormal, (1, 2, 3)}, ClimaCore.Geometry.Components{ClimaCore.Geometry.Covariant, (1, 2, 3)}}, StaticArraysCore.SMatrix{3, 3, Float32, 9}}, ClimaCore.Geometry.Tensor{2, Float32, Tuple{ClimaCore.Geometry.Components{ClimaCore.Geometry.Contravariant, (1, 2, 3)}, ClimaCore.Geometry.Components{ClimaCore.Geometry.Contravariant, (1, 2, 3)}}, StaticArraysCore.SMatrix{3, 3, Float32, 9}}}, 90, Matrix{Float32}}, ClimaCore.DataLayouts.VF{ClimaCore.Geometry.LocalGeometry{(3,), ClimaCore.Geometry.ZPoint{Float32}, Float32, ClimaCore.Geometry.Tensor{2, Float32, Tuple{ClimaCore.Geometry.Components{ClimaCore.Geometry.Orthonormal, (1, 2, 3)}, ClimaCore.Geometry.Components{ClimaCore.Geometry.Covariant, (1, 2, 3)}}, StaticArraysCore.SMatrix{3, 3, Float32, 9}}, ClimaCore.Geometry.Tensor{2, Float32, Tuple{ClimaCore.Geometry.Components{ClimaCore.Geometry.Contravariant, (1, 2, 3)}, ClimaCore.Geometry.Components{ClimaCore.Geometry.Contravariant, (1, 2, 3)}}, StaticArraysCore.SMatrix{3, 3, Float32, 9}}}, 91, Matrix{Float32}}}, ClimaCore.Grids.CellCenter}}, sfc_mass_flux_sourceʲs::ClimaCore.Fields.Field{ClimaCore.DataLayouts.DataF{Tuple{Float32}, Vector{Float32}}, ClimaCore.Spaces.PointSpace{ClimaComms.SingletonCommsContext{ClimaComms.CPUSingleThreaded}, ClimaCore.DataLayouts.DataF{ClimaCore.Geometry.LocalGeometry{(3,), ClimaCore.Geometry.ZPoint{Float32}, Float32, ClimaCore.Geometry.Tensor{2, Float32, Tuple{ClimaCore.Geometry.Components{ClimaCore.Geometry.Orthonormal, (1, 2, 3)}, ClimaCore.Geometry.Components{ClimaCore.Geometry.Covariant, (1, 2, 3)}}, StaticArraysCore.SMatrix{3, 3, Float32, 9}}, ClimaCore.Geometry.Tensor{2, Float32, Tuple{ClimaCore.Geometry.Components{ClimaCore.Geometry.Contravariant, (1, 2, 3)}, ClimaCore.Geometry.Components{ClimaCore.Geometry.Contravariant, (1, 2, 3)}}, StaticArraysCore.SMatrix{3, 3, Float32, 9}}}, SubArray{Float32, 1, Matrix{Float32}, Tuple{Int64, Base.Slice{Base.OneTo{Int64}}}, true}}}}, sfc_mse_buoyantʲs::ClimaCore.Fields.Field{ClimaCore.DataLayouts.DataF{Tuple{Float32}, Vector{Float32}}, ClimaCore.Spaces.PointSpace{ClimaComms.SingletonCommsContext{ClimaComms.CPUSingleThreaded}, ClimaCore.DataLayouts.DataF{ClimaCore.Geometry.LocalGeometry{(3,), ClimaCore.Geometry.ZPoint{Float32}, Float32, ClimaCore.Geometry.Tensor{2, Float32, Tuple{ClimaCore.Geometry.Components{ClimaCore.Geometry.Orthonormal, (1, 2, 3)}, ClimaCore.Geometry.Components{ClimaCore.Geometry.Covariant, (1, 2, 3)}}, StaticArraysCore.SMatrix{3, 3, Float32, 9}}, ClimaCore.Geometry.Tensor{2, Float32, Tuple{ClimaCore.Geometry.Components{ClimaCore.Geometry.Contravariant, (1, 2, 3)}, ClimaCore.Geometry.Components{ClimaCore.Geometry.Contravariant, (1, 2, 3)}}, StaticArraysCore.SMatrix{3, 3, Float32, 9}}}, SubArray{Float32, 1, Matrix{Float32}, Tuple{Int64, Base.Slice{Base.OneTo{Int64}}}, true}}}}, sfc_q_tot_buoyantʲs::ClimaCore.Fields.Field{ClimaCore.DataLayouts.DataF{Tuple{Float32}, Vector{Float32}}, ClimaCore.Spaces.PointSpace{ClimaComms.SingletonCommsContext{ClimaComms.CPUSingleThreaded}, ClimaCore.DataLayouts.DataF{ClimaCore.Geometry.LocalGeometry{(3,), ClimaCore.Geometry.ZPoint{Float32}, Float32, ClimaCore.Geometry.Tensor{2, Float32, Tuple{ClimaCore.Geometry.Components{ClimaCore.Geometry.Orthonormal, (1, 2, 3)}, ClimaCore.Geometry.Components{ClimaCore.Geometry.Covariant, (1, 2, 3)}}, StaticArraysCore.SMatrix{3, 3, Float32, 9}}, ClimaCore.Geometry.Tensor{2, Float32, Tuple{ClimaCore.Geometry.Components{ClimaCore.Geometry.Contravariant, (1, 2, 3)}, ClimaCore.Geometry.Components{ClimaCore.Geometry.Contravariant, (1, 2, 3)}}, StaticArraysCore.SMatrix{3, 3, Float32, 9}}}, SubArray{Float32, 1, Matrix{Float32}, Tuple{Int64, Base.Slice{Base.OneTo{Int64}}}, true}}}}, ᶜmp_tendencyʲs::ClimaCore.Fields.Field{ClimaCore.DataLayouts.VF{Tuple{@NamedTuple{dq_lcl_dt::Float32, dn_lcl_dt::Float32, dq_rai_dt::Float32, dn_rai_dt::Float32, dq_ice_dt::Float32, dq_rim_dt::Float32, db_rim_dt::Float32}}, 90, Matrix{Float32}}, ClimaCore.Spaces.FiniteDifferenceSpace{ClimaCore.Grids.FiniteDifferenceGrid{ClimaCore.Topologies.IntervalTopology{ClimaComms.SingletonCommsContext{ClimaComms.CPUSingleThreaded}, ClimaCore.Meshes.IntervalMesh{ClimaCore.Meshes.Uniform, ClimaCore.Domains.IntervalDomain{ClimaCore.Geometry.ZPoint{Float32}, Tuple{Symbol, Symbol}}, LinRange{ClimaCore.Geometry.ZPoint{Float32}, Int64}, Nothing}, @NamedTuple{bottom::Int64, top::Int64}}, ClimaCore.Geometry.CartesianGlobalGeometry, ClimaCore.DataLayouts.VF{ClimaCore.Geometry.LocalGeometry{(3,), ClimaCore.Geometry.ZPoint{Float32}, Float32, ClimaCore.Geometry.Tensor{2, Float32, Tuple{ClimaCore.Geometry.Components{ClimaCore.Geometry.Orthonormal, (1, 2, 3)}, ClimaCore.Geometry.Components{ClimaCore.Geometry.Covariant, (1, 2, 3)}}, StaticArraysCore.SMatrix{3, 3, Float32, 9}}, ClimaCore.Geometry.Tensor{2, Float32, Tuple{ClimaCore.Geometry.Components{ClimaCore.Geometry.Contravariant, (1, 2, 3)}, ClimaCore.Geometry.Components{ClimaCore.Geometry.Contravariant, (1, 2, 3)}}, StaticArraysCore.SMatrix{3, 3, Float32, 9}}}, 90, Matrix{Float32}}, ClimaCore.DataLayouts.VF{ClimaCore.Geometry.LocalGeometry{(3,), ClimaCore.Geometry.ZPoint{Float32}, Float32, ClimaCore.Geometry.Tensor{2, Float32, Tuple{ClimaCore.Geometry.Components{ClimaCore.Geometry.Orthonormal, (1, 2, 3)}, ClimaCore.Geometry.Components{ClimaCore.Geometry.Covariant, (1, 2, 3)}}, StaticArraysCore.SMatrix{3, 3, Float32, 9}}, ClimaCore.Geometry.Tensor{2, Float32, Tuple{ClimaCore.Geometry.Components{ClimaCore.Geometry.Contravariant, (1, 2, 3)}, ClimaCore.Geometry.Components{ClimaCore.Geometry.Contravariant, (1, 2, 3)}}, StaticArraysCore.SMatrix{3, 3, Float32, 9}}}, 91, Matrix{Float32}}}, ClimaCore.Grids.CellCenter}}, ᶜwₗʲs::ClimaCore.Fields.Field{ClimaCore.DataLayouts.VF{Tuple{Float32}, 90, Matrix{Float32}}, ClimaCore.Spaces.FiniteDifferenceSpace{ClimaCore.Grids.FiniteDifferenceGrid{ClimaCore.Topologies.IntervalTopology{ClimaComms.SingletonCommsContext{ClimaComms.CPUSingleThreaded}, ClimaCore.Meshes.IntervalMesh{ClimaCore.Meshes.Uniform, ClimaCore.Domains.IntervalDomain{ClimaCore.Geometry.ZPoint{Float32}, Tuple{Symbol, Symbol}}, LinRange{ClimaCore.Geometry.ZPoint{Float32}, Int64}, Nothing}, @NamedTuple{bottom::Int64, top::Int64}}, ClimaCore.Geometry.CartesianGlobalGeometry, ClimaCore.DataLayouts.VF{ClimaCore.Geometry.LocalGeometry{(3,), ClimaCore.Geometry.ZPoint{Float32}, Float32, ClimaCore.Geometry.Tensor{2, Float32, Tuple{ClimaCore.Geometry.Components{ClimaCore.Geometry.Orthonormal, (1, 2, 3)}, ClimaCore.Geometry.Components{ClimaCore.Geometry.Covariant, (1, 2, 3)}}, StaticArraysCore.SMatrix{3, 3, Float32, 9}}, ClimaCore.Geometry.Tensor{2, Float32, Tuple{ClimaCore.Geometry.Components{ClimaCore.Geometry.Contravariant, (1, 2, 3)}, ClimaCore.Geometry.Components{ClimaCore.Geometry.Contravariant, (1, 2, 3)}}, StaticArraysCore.SMatrix{3, 3, Float32, 9}}}, 90, Matrix{Float32}}, ClimaCore.DataLayouts.VF{ClimaCore.Geometry.LocalGeometry{(3,), ClimaCore.Geometry.ZPoint{Float32}, Float32, ClimaCore.Geometry.Tensor{2, Float32, Tuple{ClimaCore.Geometry.Components{ClimaCore.Geometry.Orthonormal, (1, 2, 3)}, ClimaCore.Geometry.Components{ClimaCore.Geometry.Covariant, (1, 2, 3)}}, StaticArraysCore.SMatrix{3, 3, Float32, 9}}, ClimaCore.Geometry.Tensor{2, Float32, Tuple{ClimaCore.Geometry.Components{ClimaCore.Geometry.Contravariant, (1, 2, 3)}, ClimaCore.Geometry.Components{ClimaCore.Geometry.Contravariant, (1, 2, 3)}}, StaticArraysCore.SMatrix{3, 3, Float32, 9}}}, 91, Matrix{Float32}}}, ClimaCore.Grids.CellCenter}}, ᶜwᵢʲs::ClimaCore.Fields.Field{ClimaCore.DataLayouts.VF{Tuple{Float32}, 90, Matrix{Float32}}, ClimaCore.Spaces.FiniteDifferenceSpace{ClimaCore.Grids.FiniteDifferenceGrid{ClimaCore.Topologies.IntervalTopology{ClimaComms.SingletonCommsContext{ClimaComms.CPUSingleThreaded}, ClimaCore.Meshes.IntervalMesh{ClimaCore.Meshes.Uniform, ClimaCore.Domains.IntervalDomain{ClimaCore.Geometry.ZPoint{Float32}, Tuple{Symbol, Symbol}}, LinRange{ClimaCore.Geometry.ZPoint{Float32}, Int64}, Nothing}, @NamedTuple{bottom::Int64, top::Int64}}, ClimaCore.Geometry.CartesianGlobalGeometry, ClimaCore.DataLayouts.VF{ClimaCore.Geometry.LocalGeometry{(3,), ClimaCore.Geometry.ZPoint{Float32}, Float32, ClimaCore.Geometry.Tensor{2, Float32, Tuple{ClimaCore.Geometry.Components{ClimaCore.Geometry.Orthonormal, (1, 2, 3)}, ClimaCore.Geometry.Components{ClimaCore.Geometry.Covariant, (1, 2, 3)}}, StaticArraysCore.SMatrix{3, 3, Float32, 9}}, ClimaCore.Geometry.Tensor{2, Float32, Tuple{ClimaCore.Geometry.Components{ClimaCore.Geometry.Contravariant, (1, 2, 3)}, ClimaCore.Geometry.Components{ClimaCore.Geometry.Contravariant, (1, 2, 3)}}, StaticArraysCore.SMatrix{3, 3, Float32, 9}}}, 90, Matrix{Float32}}, ClimaCore.DataLayouts.VF{ClimaCore.Geometry.LocalGeometry{(3,), ClimaCore.Geometry.ZPoint{Float32}, Float32, ClimaCore.Geometry.Tensor{2, Float32, Tuple{ClimaCore.Geometry.Components{ClimaCore.Geometry.Orthonormal, (1, 2, 3)}, ClimaCore.Geometry.Components{ClimaCore.Geometry.Covariant, (1, 2, 3)}}, StaticArraysCore.SMatrix{3, 3, Float32, 9}}, ClimaCore.Geometry.Tensor{2, Float32, Tuple{ClimaCore.Geometry.Components{ClimaCore.Geometry.Contravariant, (1, 2, 3)}, ClimaCore.Geometry.Components{ClimaCore.Geometry.Contravariant, (1, 2, 3)}}, StaticArraysCore.SMatrix{3, 3, Float32, 9}}}, 91, Matrix{Float32}}}, ClimaCore.Grids.CellCenter}}, ᶜwᵣʲs::ClimaCore.Fields.Field{ClimaCore.DataLayouts.VF{Tuple{Float32}, 90, Matrix{Float32}}, ClimaCore.Spaces.FiniteDifferenceSpace{ClimaCore.Grids.FiniteDifferenceGrid{ClimaCore.Topologies.IntervalTopology{ClimaComms.SingletonCommsContext{ClimaComms.CPUSingleThreaded}, ClimaCore.Meshes.IntervalMesh{ClimaCore.Meshes.Uniform, ClimaCore.Domains.IntervalDomain{ClimaCore.Geometry.ZPoint{Float32}, Tuple{Symbol, Symbol}}, LinRange{ClimaCore.Geometry.ZPoint{Float32}, Int64}, Nothing}, @NamedTuple{bottom::Int64, top::Int64}}, ClimaCore.Geometry.CartesianGlobalGeometry, ClimaCore.DataLayouts.VF{ClimaCore.Geometry.LocalGeometry{(3,), ClimaCore.Geometry.ZPoint{Float32}, Float32, ClimaCore.Geometry.Tensor{2, Float32, Tuple{ClimaCore.Geometry.Components{ClimaCore.Geometry.Orthonormal, (1, 2, 3)}, ClimaCore.Geometry.Components{ClimaCore.Geometry.Covariant, (1, 2, 3)}}, StaticArraysCore.SMatrix{3, 3, Float32, 9}}, ClimaCore.Geometry.Tensor{2, Float32, Tuple{ClimaCore.Geometry.Components{ClimaCore.Geometry.Contravariant, (1, 2, 3)}, ClimaCore.Geometry.Components{ClimaCore.Geometry.Contravariant, (1, 2, 3)}}, StaticArraysCore.SMatrix{3, 3, Float32, 9}}}, 90, Matrix{Float32}}, ClimaCore.DataLayouts.VF{ClimaCore.Geometry.LocalGeometry{(3,), ClimaCore.Geometry.ZPoint{Float32}, Float32, ClimaCore.Geometry.Tensor{2, Float32, Tuple{ClimaCore.Geometry.Components{ClimaCore.Geometry.Orthonormal, (1, 2, 3)}, ClimaCore.Geometry.Components{ClimaCore.Geometry.Covariant, (1, 2, 3)}}, StaticArraysCore.SMatrix{3, 3, Float32, 9}}, ClimaCore.Geometry.Tensor{2, Float32, Tuple{ClimaCore.Geometry.Components{ClimaCore.Geometry.Contravariant, (1, 2, 3)}, ClimaCore.Geometry.Components{ClimaCore.Geometry.Contravariant, (1, 2, 3)}}, StaticArraysCore.SMatrix{3, 3, Float32, 9}}}, 91, Matrix{Float32}}}, ClimaCore.Grids.CellCenter}}, ᶜwₛʲs::ClimaCore.Fields.Field{ClimaCore.DataLayouts.VF{Tuple{Float32}, 90, Matrix{Float32}}, ClimaCore.Spaces.FiniteDifferenceSpace{ClimaCore.Grids.FiniteDifferenceGrid{ClimaCore.Topologies.IntervalTopology{ClimaComms.SingletonCommsContext{ClimaComms.CPUSingleThreaded}, ClimaCore.Meshes.IntervalMesh{ClimaCore.Meshes.Uniform, ClimaCore.Domains.IntervalDomain{ClimaCore.Geometry.ZPoint{Float32}, Tuple{Symbol, Symbol}}, LinRange{ClimaCore.Geometry.ZPoint{Float32}, Int64}, Nothing}, @NamedTuple{bottom::Int64, top::Int64}}, ClimaCore.Geometry.CartesianGlobalGeometry, ClimaCore.DataLayouts.VF{ClimaCore.Geometry.LocalGeometry{(3,), ClimaCore.Geometry.ZPoint{Float32}, Float32, ClimaCore.Geometry.Tensor{2, Float32, Tuple{ClimaCore.Geometry.Components{ClimaCore.Geometry.Orthonormal, (1, 2, 3)}, ClimaCore.Geometry.Components{ClimaCore.Geometry.Covariant, (1, 2, 3)}}, StaticArraysCore.SMatrix{3, 3, Float32, 9}}, ClimaCore.Geometry.Tensor{2, Float32, Tuple{ClimaCore.Geometry.Components{ClimaCore.Geometry.Contravariant, (1, 2, 3)}, ClimaCore.Geometry.Components{ClimaCore.Geometry.Contravariant, (1, 2, 3)}}, StaticArraysCore.SMatrix{3, 3, Float32, 9}}}, 90, Matrix{Float32}}, ClimaCore.DataLayouts.VF{ClimaCore.Geometry.LocalGeometry{(3,), ClimaCore.Geometry.ZPoint{Float32}, Float32, ClimaCore.Geometry.Tensor{2, Float32, Tuple{ClimaCore.Geometry.Components{ClimaCore.Geometry.Orthonormal, (1, 2, 3)}, ClimaCore.Geometry.Components{ClimaCore.Geometry.Covariant, (1, 2, 3)}}, StaticArraysCore.SMatrix{3, 3, Float32, 9}}, ClimaCore.Geometry.Tensor{2, Float32, Tuple{ClimaCore.Geometry.Components{ClimaCore.Geometry.Contravariant, (1, 2, 3)}, ClimaCore.Geometry.Components{ClimaCore.Geometry.Contravariant, (1, 2, 3)}}, StaticArraysCore.SMatrix{3, 3, Float32, 9}}}, 91, Matrix{Float32}}}, ClimaCore.Grids.CellCenter}}, ᶜwₙₗʲs::ClimaCore.Fields.Field{ClimaCore.DataLayouts.VF{Tuple{Float32}, 90, Matrix{Float32}}, ClimaCore.Spaces.FiniteDifferenceSpace{ClimaCore.Grids.FiniteDifferenceGrid{ClimaCore.Topologies.IntervalTopology{ClimaComms.SingletonCommsContext{ClimaComms.CPUSingleThreaded}, ClimaCore.Meshes.IntervalMesh{ClimaCore.Meshes.Uniform, ClimaCore.Domains.IntervalDomain{ClimaCore.Geometry.ZPoint{Float32}, Tuple{Symbol, Symbol}}, LinRange{ClimaCore.Geometry.ZPoint{Float32}, Int64}, Nothing}, @NamedTuple{bottom::Int64, top::Int64}}, ClimaCore.Geometry.CartesianGlobalGeometry, ClimaCore.DataLayouts.VF{ClimaCore.Geometry.LocalGeometry{(3,), ClimaCore.Geometry.ZPoint{Float32}, Float32, ClimaCore.Geometry.Tensor{2, Float32, Tuple{ClimaCore.Geometry.Components{ClimaCore.Geometry.Orthonormal, (1, 2, 3)}, ClimaCore.Geometry.Components{ClimaCore.Geometry.Covariant, (1, 2, 3)}}, StaticArraysCore.SMatrix{3, 3, Float32, 9}}, ClimaCore.Geometry.Tensor{2, Float32, Tuple{ClimaCore.Geometry.Components{ClimaCore.Geometry.Contravariant, (1, 2, 3)}, ClimaCore.Geometry.Components{ClimaCore.Geometry.Contravariant, (1, 2, 3)}}, StaticArraysCore.SMatrix{3, 3, Float32, 9}}}, 90, Matrix{Float32}}, ClimaCore.DataLayouts.VF{ClimaCore.Geometry.LocalGeometry{(3,), ClimaCore.Geometry.ZPoint{Float32}, Float32, ClimaCore.Geometry.Tensor{2, Float32, Tuple{ClimaCore.Geometry.Components{ClimaCore.Geometry.Orthonormal, (1, 2, 3)}, ClimaCore.Geometry.Components{ClimaCore.Geometry.Covariant, (1, 2, 3)}}, StaticArraysCore.SMatrix{3, 3, Float32, 9}}, ClimaCore.Geometry.Tensor{2, Float32, Tuple{ClimaCore.Geometry.Components{ClimaCore.Geometry.Contravariant, (1, 2, 3)}, ClimaCore.Geometry.Components{ClimaCore.Geometry.Contravariant, (1, 2, 3)}}, StaticArraysCore.SMatrix{3, 3, Float32, 9}}}, 91, Matrix{Float32}}}, ClimaCore.Grids.CellCenter}}, ᶜwₙᵣʲs::ClimaCore.Fields.Field{ClimaCore.DataLayouts.VF{Tuple{Float32}, 90, Matrix{Float32}}, ClimaCore.Spaces.FiniteDifferenceSpace{ClimaCore.Grids.FiniteDifferenceGrid{ClimaCore.Topologies.IntervalTopology{ClimaComms.SingletonCommsContext{ClimaComms.CPUSingleThreaded}, ClimaCore.Meshes.IntervalMesh{ClimaCore.Meshes.Uniform, ClimaCore.Domains.IntervalDomain{ClimaCore.Geometry.ZPoint{Float32}, Tuple{Symbol, Symbol}}, LinRange{ClimaCore.Geometry.ZPoint{Float32}, Int64}, Nothing}, @NamedTuple{bottom::Int64, top::Int64}}, ClimaCore.Geometry.CartesianGlobalGeometry, ClimaCore.DataLayouts.VF{ClimaCore.Geometry.LocalGeometry{(3,), ClimaCore.Geometry.ZPoint{Float32}, Float32, ClimaCore.Geometry.Tensor{2, Float32, Tuple{ClimaCore.Geometry.Components{ClimaCore.Geometry.Orthonormal, (1, 2, 3)}, ClimaCore.Geometry.Components{ClimaCore.Geometry.Covariant, (1, 2, 3)}}, StaticArraysCore.SMatrix{3, 3, Float32, 9}}, ClimaCore.Geometry.Tensor{2, Float32, Tuple{ClimaCore.Geometry.Components{ClimaCore.Geometry.Contravariant, (1, 2, 3)}, ClimaCore.Geometry.Components{ClimaCore.Geometry.Contravariant, (1, 2, 3)}}, StaticArraysCore.SMatrix{3, 3, Float32, 9}}}, 90, Matrix{Float32}}, ClimaCore.DataLayouts.VF{ClimaCore.Geometry.LocalGeometry{(3,), ClimaCore.Geometry.ZPoint{Float32}, Float32, ClimaCore.Geometry.Tensor{2, Float32, Tuple{ClimaCore.Geometry.Components{ClimaCore.Geometry.Orthonormal, (1, 2, 3)}, ClimaCore.Geometry.Components{ClimaCore.Geometry.Covariant, (1, 2, 3)}}, StaticArraysCore.SMatrix{3, 3, Float32, 9}}, ClimaCore.Geometry.Tensor{2, Float32, Tuple{ClimaCore.Geometry.Components{ClimaCore.Geometry.Contravariant, (1, 2, 3)}, ClimaCore.Geometry.Components{ClimaCore.Geometry.Contravariant, (1, 2, 3)}}, StaticArraysCore.SMatrix{3, 3, Float32, 9}}}, 91, Matrix{Float32}}}, ClimaCore.Grids.CellCenter}}, ᶜmp_tendency⁰::ClimaCore.Fields.Field{ClimaCore.DataLayouts.VF{@NamedTuple{dq_lcl_dt::Float32, dn_lcl_dt::Float32, dq_rai_dt::Float32, dn_rai_dt::Float32, dq_ice_dt::Float32, dq_rim_dt::Float32, db_rim_dt::Float32}, 90, Matrix{Float32}}, ClimaCore.Spaces.FiniteDifferenceSpace{ClimaCore.Grids.FiniteDifferenceGrid{ClimaCore.Topologies.IntervalTopology{ClimaComms.SingletonCommsContext{ClimaComms.CPUSingleThreaded}, ClimaCore.Meshes.IntervalMesh{ClimaCore.Meshes.Uniform, ClimaCore.Domains.IntervalDomain{ClimaCore.Geometry.ZPoint{Float32}, Tuple{Symbol, Symbol}}, LinRange{ClimaCore.Geometry.ZPoint{Float32}, Int64}, Nothing}, @NamedTuple{bottom::Int64, top::Int64}}, ClimaCore.Geometry.CartesianGlobalGeometry, ClimaCore.DataLayouts.VF{ClimaCore.Geometry.LocalGeometry{(3,), ClimaCore.Geometry.ZPoint{Float32}, Float32, ClimaCore.Geometry.Tensor{2, Float32, Tuple{ClimaCore.Geometry.Components{ClimaCore.Geometry.Orthonormal, (1, 2, 3)}, ClimaCore.Geometry.Components{ClimaCore.Geometry.Covariant, (1, 2, 3)}}, StaticArraysCore.SMatrix{3, 3, Float32, 9}}, ClimaCore.Geometry.Tensor{2, Float32, Tuple{ClimaCore.Geometry.Components{ClimaCore.Geometry.Contravariant, (1, 2, 3)}, ClimaCore.Geometry.Components{ClimaCore.Geometry.Contravariant, (1, 2, 3)}}, StaticArraysCore.SMatrix{3, 3, Float32, 9}}}, 90, Matrix{Float32}}, ClimaCore.DataLayouts.VF{ClimaCore.Geometry.LocalGeometry{(3,), ClimaCore.Geometry.ZPoint{Float32}, Float32, ClimaCore.Geometry.Tensor{2, Float32, Tuple{ClimaCore.Geometry.Components{ClimaCore.Geometry.Orthonormal, (1, 2, 3)}, ClimaCore.Geometry.Components{ClimaCore.Geometry.Covariant, (1, 2, 3)}}, StaticArraysCore.SMatrix{3, 3, Float32, 9}}, ClimaCore.Geometry.Tensor{2, Float32, Tuple{ClimaCore.Geometry.Components{ClimaCore.Geometry.Contravariant, (1, 2, 3)}, ClimaCore.Geometry.Components{ClimaCore.Geometry.Contravariant, (1, 2, 3)}}, StaticArraysCore.SMatrix{3, 3, Float32, 9}}}, 91, Matrix{Float32}}}, ClimaCore.Grids.CellCenter}}, ᶜwₗ::ClimaCore.Fields.Field{ClimaCore.DataLayouts.VF{Float32, 90, Matrix{Float32}}, ClimaCore.Spaces.FiniteDifferenceSpace{ClimaCore.Grids.FiniteDifferenceGrid{ClimaCore.Topologies.IntervalTopology{ClimaComms.SingletonCommsContext{ClimaComms.CPUSingleThreaded}, ClimaCore.Meshes.IntervalMesh{ClimaCore.Meshes.Uniform, ClimaCore.Domains.IntervalDomain{ClimaCore.Geometry.ZPoint{Float32}, Tuple{Symbol, Symbol}}, LinRange{ClimaCore.Geometry.ZPoint{Float32}, Int64}, Nothing}, @NamedTuple{bottom::Int64, top::Int64}}, ClimaCore.Geometry.CartesianGlobalGeometry, ClimaCore.DataLayouts.VF{ClimaCore.Geometry.LocalGeometry{(3,), ClimaCore.Geometry.ZPoint{Float32}, Float32, ClimaCore.Geometry.Tensor{2, Float32, Tuple{ClimaCore.Geometry.Components{ClimaCore.Geometry.Orthonormal, (1, 2, 3)}, ClimaCore.Geometry.Components{ClimaCore.Geometry.Covariant, (1, 2, 3)}}, StaticArraysCore.SMatrix{3, 3, Float32, 9}}, ClimaCore.Geometry.Tensor{2, Float32, Tuple{ClimaCore.Geometry.Components{ClimaCore.Geometry.Contravariant, (1, 2, 3)}, ClimaCore.Geometry.Components{ClimaCore.Geometry.Contravariant, (1, 2, 3)}}, StaticArraysCore.SMatrix{3, 3, Float32, 9}}}, 90, Matrix{Float32}}, ClimaCore.DataLayouts.VF{ClimaCore.Geometry.LocalGeometry{(3,), ClimaCore.Geometry.ZPoint{Float32}, Float32, ClimaCore.Geometry.Tensor{2, Float32, Tuple{ClimaCore.Geometry.Components{ClimaCore.Geometry.Orthonormal, (1, 2, 3)}, ClimaCore.Geometry.Components{ClimaCore.Geometry.Covariant, (1, 2, 3)}}, StaticArraysCore.SMatrix{3, 3, Float32, 9}}, ClimaCore.Geometry.Tensor{2, Float32, Tuple{ClimaCore.Geometry.Components{ClimaCore.Geometry.Contravariant, (1, 2, 3)}, ClimaCore.Geometry.Components{ClimaCore.Geometry.Contravariant, (1, 2, 3)}}, StaticArraysCore.SMatrix{3, 3, Float32, 9}}}, 91, Matrix{Float32}}}, ClimaCore.Grids.CellCenter}}, ᶜwᵢ::ClimaCore.Fields.Field{ClimaCore.DataLayouts.VF{Float32, 90, Matrix{Float32}}, ClimaCore.Spaces.FiniteDifferenceSpace{ClimaCore.Grids.FiniteDifferenceGrid{ClimaCore.Topologies.IntervalTopology{ClimaComms.SingletonCommsContext{ClimaComms.CPUSingleThreaded}, ClimaCore.Meshes.IntervalMesh{ClimaCore.Meshes.Uniform, ClimaCore.Domains.IntervalDomain{ClimaCore.Geometry.ZPoint{Float32}, Tuple{Symbol, Symbol}}, LinRange{ClimaCore.Geometry.ZPoint{Float32}, Int64}, Nothing}, @NamedTuple{bottom::Int64, top::Int64}}, ClimaCore.Geometry.CartesianGlobalGeometry, ClimaCore.DataLayouts.VF{ClimaCore.Geometry.LocalGeometry{(3,), ClimaCore.Geometry.ZPoint{Float32}, Float32, ClimaCore.Geometry.Tensor{2, Float32, Tuple{ClimaCore.Geometry.Components{ClimaCore.Geometry.Orthonormal, (1, 2, 3)}, ClimaCore.Geometry.Components{ClimaCore.Geometry.Covariant, (1, 2, 3)}}, StaticArraysCore.SMatrix{3, 3, Float32, 9}}, ClimaCore.Geometry.Tensor{2, Float32, Tuple{ClimaCore.Geometry.Components{ClimaCore.Geometry.Contravariant, (1, 2, 3)}, ClimaCore.Geometry.Components{ClimaCore.Geometry.Contravariant, (1, 2, 3)}}, StaticArraysCore.SMatrix{3, 3, Float32, 9}}}, 90, Matrix{Float32}}, ClimaCore.DataLayouts.VF{ClimaCore.Geometry.LocalGeometry{(3,), ClimaCore.Geometry.ZPoint{Float32}, Float32, ClimaCore.Geometry.Tensor{2, Float32, Tuple{ClimaCore.Geometry.Components{ClimaCore.Geometry.Orthonormal, (1, 2, 3)}, ClimaCore.Geometry.Components{ClimaCore.Geometry.Covariant, (1, 2, 3)}}, StaticArraysCore.SMatrix{3, 3, Float32, 9}}, ClimaCore.Geometry.Tensor{2, Float32, Tuple{ClimaCore.Geometry.Components{ClimaCore.Geometry.Contravariant, (1, 2, 3)}, ClimaCore.Geometry.Components{ClimaCore.Geometry.Contravariant, (1, 2, 3)}}, StaticArraysCore.SMatrix{3, 3, Float32, 9}}}, 91, Matrix{Float32}}}, ClimaCore.Grids.CellCenter}}, ᶜwᵣ::ClimaCore.Fields.Field{ClimaCore.DataLayouts.VF{Float32, 90, Matrix{Float32}}, ClimaCore.Spaces.FiniteDifferenceSpace{ClimaCore.Grids.FiniteDifferenceGrid{ClimaCore.Topologies.IntervalTopology{ClimaComms.SingletonCommsContext{ClimaComms.CPUSingleThreaded}, ClimaCore.Meshes.IntervalMesh{ClimaCore.Meshes.Uniform, ClimaCore.Domains.IntervalDomain{ClimaCore.Geometry.ZPoint{Float32}, Tuple{Symbol, Symbol}}, LinRange{ClimaCore.Geometry.ZPoint{Float32}, Int64}, Nothing}, @NamedTuple{bottom::Int64, top::Int64}}, ClimaCore.Geometry.CartesianGlobalGeometry, ClimaCore.DataLayouts.VF{ClimaCore.Geometry.LocalGeometry{(3,), ClimaCore.Geometry.ZPoint{Float32}, Float32, ClimaCore.Geometry.Tensor{2, Float32, Tuple{ClimaCore.Geometry.Components{ClimaCore.Geometry.Orthonormal, (1, 2, 3)}, ClimaCore.Geometry.Components{ClimaCore.Geometry.Covariant, (1, 2, 3)}}, StaticArraysCore.SMatrix{3, 3, Float32, 9}}, ClimaCore.Geometry.Tensor{2, Float32, Tuple{ClimaCore.Geometry.Components{ClimaCore.Geometry.Contravariant, (1, 2, 3)}, ClimaCore.Geometry.Components{ClimaCore.Geometry.Contravariant, (1, 2, 3)}}, StaticArraysCore.SMatrix{3, 3, Float32, 9}}}, 90, Matrix{Float32}}, ClimaCore.DataLayouts.VF{ClimaCore.Geometry.LocalGeometry{(3,), ClimaCore.Geometry.ZPoint{Float32}, Float32, ClimaCore.Geometry.Tensor{2, Float32, Tuple{ClimaCore.Geometry.Components{ClimaCore.Geometry.Orthonormal, (1, 2, 3)}, ClimaCore.Geometry.Components{ClimaCore.Geometry.Covariant, (1, 2, 3)}}, StaticArraysCore.SMatrix{3, 3, Float32, 9}}, ClimaCore.Geometry.Tensor{2, Float32, Tuple{ClimaCore.Geometry.Components{ClimaCore.Geometry.Contravariant, (1, 2, 3)}, ClimaCore.Geometry.Components{ClimaCore.Geometry.Contravariant, (1, 2, 3)}}, StaticArraysCore.SMatrix{3, 3, Float32, 9}}}, 91, Matrix{Float32}}}, ClimaCore.Grids.CellCenter}}, ᶜwₛ::ClimaCore.Fields.Field{ClimaCore.DataLayouts.VF{Float32, 90, Matrix{Float32}}, ClimaCore.Spaces.FiniteDifferenceSpace{ClimaCore.Grids.FiniteDifferenceGrid{ClimaCore.Topologies.IntervalTopology{ClimaComms.SingletonCommsContext{ClimaComms.CPUSingleThreaded}, ClimaCore.Meshes.IntervalMesh{ClimaCore.Meshes.Uniform, ClimaCore.Domains.IntervalDomain{ClimaCore.Geometry.ZPoint{Float32}, Tuple{Symbol, Symbol}}, LinRange{ClimaCore.Geometry.ZPoint{Float32}, Int64}, Nothing}, @NamedTuple{bottom::Int64, top::Int64}}, ClimaCore.Geometry.CartesianGlobalGeometry, ClimaCore.DataLayouts.VF{ClimaCore.Geometry.LocalGeometry{(3,), ClimaCore.Geometry.ZPoint{Float32}, Float32, ClimaCore.Geometry.Tensor{2, Float32, Tuple{ClimaCore.Geometry.Components{ClimaCore.Geometry.Orthonormal, (1, 2, 3)}, ClimaCore.Geometry.Components{ClimaCore.Geometry.Covariant, (1, 2, 3)}}, StaticArraysCore.SMatrix{3, 3, Float32, 9}}, ClimaCore.Geometry.Tensor{2, Float32, Tuple{ClimaCore.Geometry.Components{ClimaCore.Geometry.Contravariant, (1, 2, 3)}, ClimaCore.Geometry.Components{ClimaCore.Geometry.Contravariant, (1, 2, 3)}}, StaticArraysCore.SMatrix{3, 3, Float32, 9}}}, 90, Matrix{Float32}}, ClimaCore.DataLayouts.VF{ClimaCore.Geometry.LocalGeometry{(3,), ClimaCore.Geometry.ZPoint{Float32}, Float32, ClimaCore.Geometry.Tensor{2, Float32, Tuple{ClimaCore.Geometry.Components{ClimaCore.Geometry.Orthonormal, (1, 2, 3)}, ClimaCore.Geometry.Components{ClimaCore.Geometry.Covariant, (1, 2, 3)}}, StaticArraysCore.SMatrix{3, 3, Float32, 9}}, ClimaCore.Geometry.Tensor{2, Float32, Tuple{ClimaCore.Geometry.Components{ClimaCore.Geometry.Contravariant, (1, 2, 3)}, ClimaCore.Geometry.Components{ClimaCore.Geometry.Contravariant, (1, 2, 3)}}, StaticArraysCore.SMatrix{3, 3, Float32, 9}}}, 91, Matrix{Float32}}}, ClimaCore.Grids.CellCenter}}, ᶜwₙₗ::ClimaCore.Fields.Field{ClimaCore.DataLayouts.VF{Float32, 90, Matrix{Float32}}, ClimaCore.Spaces.FiniteDifferenceSpace{ClimaCore.Grids.FiniteDifferenceGrid{ClimaCore.Topologies.IntervalTopology{ClimaComms.SingletonCommsContext{ClimaComms.CPUSingleThreaded}, ClimaCore.Meshes.IntervalMesh{ClimaCore.Meshes.Uniform, ClimaCore.Domains.IntervalDomain{ClimaCore.Geometry.ZPoint{Float32}, Tuple{Symbol, Symbol}}, LinRange{ClimaCore.Geometry.ZPoint{Float32}, Int64}, Nothing}, @NamedTuple{bottom::Int64, top::Int64}}, ClimaCore.Geometry.CartesianGlobalGeometry, ClimaCore.DataLayouts.VF{ClimaCore.Geometry.LocalGeometry{(3,), ClimaCore.Geometry.ZPoint{Float32}, Float32, ClimaCore.Geometry.Tensor{2, Float32, Tuple{ClimaCore.Geometry.Components{ClimaCore.Geometry.Orthonormal, (1, 2, 3)}, ClimaCore.Geometry.Components{ClimaCore.Geometry.Covariant, (1, 2, 3)}}, StaticArraysCore.SMatrix{3, 3, Float32, 9}}, ClimaCore.Geometry.Tensor{2, Float32, Tuple{ClimaCore.Geometry.Components{ClimaCore.Geometry.Contravariant, (1, 2, 3)}, ClimaCore.Geometry.Components{ClimaCore.Geometry.Contravariant, (1, 2, 3)}}, StaticArraysCore.SMatrix{3, 3, Float32, 9}}}, 90, Matrix{Float32}}, ClimaCore.DataLayouts.VF{ClimaCore.Geometry.LocalGeometry{(3,), ClimaCore.Geometry.ZPoint{Float32}, Float32, ClimaCore.Geometry.Tensor{2, Float32, Tuple{ClimaCore.Geometry.Components{ClimaCore.Geometry.Orthonormal, (1, 2, 3)}, ClimaCore.Geometry.Components{ClimaCore.Geometry.Covariant, (1, 2, 3)}}, StaticArraysCore.SMatrix{3, 3, Float32, 9}}, ClimaCore.Geometry.Tensor{2, Float32, Tuple{ClimaCore.Geometry.Components{ClimaCore.Geometry.Contravariant, (1, 2, 3)}, ClimaCore.Geometry.Components{ClimaCore.Geometry.Contravariant, (1, 2, 3)}}, StaticArraysCore.SMatrix{3, 3, Float32, 9}}}, 91, Matrix{Float32}}}, ClimaCore.Grids.CellCenter}}, ᶜwₙᵣ::ClimaCore.Fields.Field{ClimaCore.DataLayouts.VF{Float32, 90, Matrix{Float32}}, ClimaCore.Spaces.FiniteDifferenceSpace{ClimaCore.Grids.FiniteDifferenceGrid{ClimaCore.Topologies.IntervalTopology{ClimaComms.SingletonCommsContext{ClimaComms.CPUSingleThreaded}, ClimaCore.Meshes.IntervalMesh{ClimaCore.Meshes.Uniform, ClimaCore.Domains.IntervalDomain{ClimaCore.Geometry.ZPoint{Float32}, Tuple{Symbol, Symbol}}, LinRange{ClimaCore.Geometry.ZPoint{Float32}, Int64}, Nothing}, @NamedTuple{bottom::Int64, top::Int64}}, ClimaCore.Geometry.CartesianGlobalGeometry, ClimaCore.DataLayouts.VF{ClimaCore.Geometry.LocalGeometry{(3,), ClimaCore.Geometry.ZPoint{Float32}, Float32, ClimaCore.Geometry.Tensor{2, Float32, Tuple{ClimaCore.Geometry.Components{ClimaCore.Geometry.Orthonormal, (1, 2, 3)}, ClimaCore.Geometry.Components{ClimaCore.Geometry.Covariant, (1, 2, 3)}}, StaticArraysCore.SMatrix{3, 3, Float32, 9}}, ClimaCore.Geometry.Tensor{2, Float32, Tuple{ClimaCore.Geometry.Components{ClimaCore.Geometry.Contravariant, (1, 2, 3)}, ClimaCore.Geometry.Components{ClimaCore.Geometry.Contravariant, (1, 2, 3)}}, StaticArraysCore.SMatrix{3, 3, Float32, 9}}}, 90, Matrix{Float32}}, ClimaCore.DataLayouts.VF{ClimaCore.Geometry.LocalGeometry{(3,), ClimaCore.Geometry.ZPoint{Float32}, Float32, ClimaCore.Geometry.Tensor{2, Float32, Tuple{ClimaCore.Geometry.Components{ClimaCore.Geometry.Orthonormal, (1, 2, 3)}, ClimaCore.Geometry.Components{ClimaCore.Geometry.Covariant, (1, 2, 3)}}, StaticArraysCore.SMatrix{3, 3, Float32, 9}}, ClimaCore.Geometry.Tensor{2, Float32, Tuple{ClimaCore.Geometry.Components{ClimaCore.Geometry.Contravariant, (1, 2, 3)}, ClimaCore.Geometry.Components{ClimaCore.Geometry.Contravariant, (1, 2, 3)}}, StaticArraysCore.SMatrix{3, 3, Float32, 9}}}, 91, Matrix{Float32}}}, ClimaCore.Grids.CellCenter}}, ᶜmp_tendency::ClimaCore.Fields.Field{ClimaCore.DataLayouts.VF{@NamedTuple{dq_lcl_dt::Float32, dn_lcl_dt::Float32, dq_rai_dt::Float32, dn_rai_dt::Float32, dq_ice_dt::Float32, dq_rim_dt::Float32, db_rim_dt::Float32}, 90, Matrix{Float32}}, ClimaCore.Spaces.FiniteDifferenceSpace{ClimaCore.Grids.FiniteDifferenceGrid{ClimaCore.Topologies.IntervalTopology{ClimaComms.SingletonCommsContext{ClimaComms.CPUSingleThreaded}, ClimaCore.Meshes.IntervalMesh{ClimaCore.Meshes.Uniform, ClimaCore.Domains.IntervalDomain{ClimaCore.Geometry.ZPoint{Float32}, Tuple{Symbol, Symbol}}, LinRange{ClimaCore.Geometry.ZPoint{Float32}, Int64}, Nothing}, @NamedTuple{bottom::Int64, top::Int64}}, ClimaCore.Geometry.CartesianGlobalGeometry, ClimaCore.DataLayouts.VF{ClimaCore.Geometry.LocalGeometry{(3,), ClimaCore.Geometry.ZPoint{Float32}, Float32, ClimaCore.Geometry.Tensor{2, Float32, Tuple{ClimaCore.Geometry.Components{ClimaCore.Geometry.Orthonormal, (1, 2, 3)}, ClimaCore.Geometry.Components{ClimaCore.Geometry.Covariant, (1, 2, 3)}}, StaticArraysCore.SMatrix{3, 3, Float32, 9}}, ClimaCore.Geometry.Tensor{2, Float32, Tuple{ClimaCore.Geometry.Components{ClimaCore.Geometry.Contravariant, (1, 2, 3)}, ClimaCore.Geometry.Components{ClimaCore.Geometry.Contravariant, (1, 2, 3)}}, StaticArraysCore.SMatrix{3, 3, Float32, 9}}}, 90, Matrix{Float32}}, ClimaCore.DataLayouts.VF{ClimaCore.Geometry.LocalGeometry{(3,), ClimaCore.Geometry.ZPoint{Float32}, Float32, ClimaCore.Geometry.Tensor{2, Float32, Tuple{ClimaCore.Geometry.Components{ClimaCore.Geometry.Orthonormal, (1, 2, 3)}, ClimaCore.Geometry.Components{ClimaCore.Geometry.Covariant, (1, 2, 3)}}, StaticArraysCore.SMatrix{3, 3, Float32, 9}}, ClimaCore.Geometry.Tensor{2, Float32, Tuple{ClimaCore.Geometry.Components{ClimaCore.Geometry.Contravariant, (1, 2, 3)}, ClimaCore.Geometry.Components{ClimaCore.Geometry.Contravariant, (1, 2, 3)}}, StaticArraysCore.SMatrix{3, 3, Float32, 9}}}, 91, Matrix{Float32}}}, ClimaCore.Grids.CellCenter}}, ᶜcloud_fraction::ClimaCore.Fields.Field{ClimaCore.DataLayouts.VF{Float32, 90, Matrix{Float32}}, ClimaCore.Spaces.FiniteDifferenceSpace{ClimaCore.Grids.FiniteDifferenceGrid{ClimaCore.Topologies.IntervalTopology{ClimaComms.SingletonCommsContext{ClimaComms.CPUSingleThreaded}, ClimaCore.Meshes.IntervalMesh{ClimaCore.Meshes.Uniform, ClimaCore.Domains.IntervalDomain{ClimaCore.Geometry.ZPoint{Float32}, Tuple{Symbol, Symbol}}, LinRange{ClimaCore.Geometry.ZPoint{Float32}, Int64}, Nothing}, @NamedTuple{bottom::Int64, top::Int64}}, ClimaCore.Geometry.CartesianGlobalGeometry, ClimaCore.DataLayouts.VF{ClimaCore.Geometry.LocalGeometry{(3,), ClimaCore.Geometry.ZPoint{Float32}, Float32, ClimaCore.Geometry.Tensor{2, Float32, Tuple{ClimaCore.Geometry.Components{ClimaCore.Geometry.Orthonormal, (1, 2, 3)}, ClimaCore.Geometry.Components{ClimaCore.Geometry.Covariant, (1, 2, 3)}}, StaticArraysCore.SMatrix{3, 3, Float32, 9}}, ClimaCore.Geometry.Tensor{2, Float32, Tuple{ClimaCore.Geometry.Components{ClimaCore.Geometry.Contravariant, (1, 2, 3)}, ClimaCore.Geometry.Components{ClimaCore.Geometry.Contravariant, (1, 2, 3)}}, StaticArraysCore.SMatrix{3, 3, Float32, 9}}}, 90, Matrix{Float32}}, ClimaCore.DataLayouts.VF{ClimaCore.Geometry.LocalGeometry{(3,), ClimaCore.Geometry.ZPoint{Float32}, Float32, ClimaCore.Geometry.Tensor{2, Float32, Tuple{ClimaCore.Geometry.Components{ClimaCore.Geometry.Orthonormal, (1, 2, 3)}, ClimaCore.Geometry.Components{ClimaCore.Geometry.Covariant, (1, 2, 3)}}, StaticArraysCore.SMatrix{3, 3, Float32, 9}}, ClimaCore.Geometry.Tensor{2, Float32, Tuple{ClimaCore.Geometry.Components{ClimaCore.Geometry.Contravariant, (1, 2, 3)}, ClimaCore.Geometry.Components{ClimaCore.Geometry.Contravariant, (1, 2, 3)}}, StaticArraysCore.SMatrix{3, 3, Float32, 9}}}, 91, Matrix{Float32}}}, ClimaCore.Grids.CellCenter}}, ᶜT′T′::ClimaCore.Fields.Field{ClimaCore.DataLayouts.VF{Float32, 90, Matrix{Float32}}, ClimaCore.Spaces.FiniteDifferenceSpace{ClimaCore.Grids.FiniteDifferenceGrid{ClimaCore.Topologies.IntervalTopology{ClimaComms.SingletonCommsContext{ClimaComms.CPUSingleThreaded}, ClimaCore.Meshes.IntervalMesh{ClimaCore.Meshes.Uniform, ClimaCore.Domains.IntervalDomain{ClimaCore.Geometry.ZPoint{Float32}, Tuple{Symbol, Symbol}}, LinRange{ClimaCore.Geometry.ZPoint{Float32}, Int64}, Nothing}, @NamedTuple{bottom::Int64, top::Int64}}, ClimaCore.Geometry.CartesianGlobalGeometry, ClimaCore.DataLayouts.VF{ClimaCore.Geometry.LocalGeometry{(3,), ClimaCore.Geometry.ZPoint{Float32}, Float32, ClimaCore.Geometry.Tensor{2, Float32, Tuple{ClimaCore.Geometry.Components{ClimaCore.Geometry.Orthonormal, (1, 2, 3)}, ClimaCore.Geometry.Components{ClimaCore.Geometry.Covariant, (1, 2, 3)}}, StaticArraysCore.SMatrix{3, 3, Float32, 9}}, ClimaCore.Geometry.Tensor{2, Float32, Tuple{ClimaCore.Geometry.Components{ClimaCore.Geometry.Contravariant, (1, 2, 3)}, ClimaCore.Geometry.Components{ClimaCore.Geometry.Contravariant, (1, 2, 3)}}, StaticArraysCore.SMatrix{3, 3, Float32, 9}}}, 90, Matrix{Float32}}, ClimaCore.DataLayouts.VF{ClimaCore.Geometry.LocalGeometry{(3,), ClimaCore.Geometry.ZPoint{Float32}, Float32, ClimaCore.Geometry.Tensor{2, Float32, Tuple{ClimaCore.Geometry.Components{ClimaCore.Geometry.Orthonormal, (1, 2, 3)}, ClimaCore.Geometry.Components{ClimaCore.Geometry.Covariant, (1, 2, 3)}}, StaticArraysCore.SMatrix{3, 3, Float32, 9}}, ClimaCore.Geometry.Tensor{2, Float32, Tuple{ClimaCore.Geometry.Components{ClimaCore.Geometry.Contravariant, (1, 2, 3)}, ClimaCore.Geometry.Components{ClimaCore.Geometry.Contravariant, (1, 2, 3)}}, StaticArraysCore.SMatrix{3, 3, Float32, 9}}}, 91, Matrix{Float32}}}, ClimaCore.Grids.CellCenter}}, ᶜq′q′::ClimaCore.Fields.Field{ClimaCore.DataLayouts.VF{Float32, 90, Matrix{Float32}}, ClimaCore.Spaces.FiniteDifferenceSpace{ClimaCore.Grids.FiniteDifferenceGrid{ClimaCore.Topologies.IntervalTopology{ClimaComms.SingletonCommsContext{ClimaComms.CPUSingleThreaded}, ClimaCore.Meshes.IntervalMesh{ClimaCore.Meshes.Uniform, ClimaCore.Domains.IntervalDomain{ClimaCore.Geometry.ZPoint{Float32}, Tuple{Symbol, Symbol}}, LinRange{ClimaCore.Geometry.ZPoint{Float32}, Int64}, Nothing}, @NamedTuple{bottom::Int64, top::Int64}}, ClimaCore.Geometry.CartesianGlobalGeometry, ClimaCore.DataLayouts.VF{ClimaCore.Geometry.LocalGeometry{(3,), ClimaCore.Geometry.ZPoint{Float32}, Float32, ClimaCore.Geometry.Tensor{2, Float32, Tuple{ClimaCore.Geometry.Components{ClimaCore.Geometry.Orthonormal, (1, 2, 3)}, ClimaCore.Geometry.Components{ClimaCore.Geometry.Covariant, (1, 2, 3)}}, StaticArraysCore.SMatrix{3, 3, Float32, 9}}, ClimaCore.Geometry.Tensor{2, Float32, Tuple{ClimaCore.Geometry.Components{ClimaCore.Geometry.Contravariant, (1, 2, 3)}, ClimaCore.Geometry.Components{ClimaCore.Geometry.Contravariant, (1, 2, 3)}}, StaticArraysCore.SMatrix{3, 3, Float32, 9}}}, 90, Matrix{Float32}}, ClimaCore.DataLayouts.VF{ClimaCore.Geometry.LocalGeometry{(3,), ClimaCore.Geometry.ZPoint{Float32}, Float32, ClimaCore.Geometry.Tensor{2, Float32, Tuple{ClimaCore.Geometry.Components{ClimaCore.Geometry.Orthonormal, (1, 2, 3)}, ClimaCore.Geometry.Components{ClimaCore.Geometry.Covariant, (1, 2, 3)}}, StaticArraysCore.SMatrix{3, 3, Float32, 9}}, ClimaCore.Geometry.Tensor{2, Float32, Tuple{ClimaCore.Geometry.Components{ClimaCore.Geometry.Contravariant, (1, 2, 3)}, ClimaCore.Geometry.Components{ClimaCore.Geometry.Contravariant, (1, 2, 3)}}, StaticArraysCore.SMatrix{3, 3, Float32, 9}}}, 91, Matrix{Float32}}}, ClimaCore.Grids.CellCenter}}, ᶜsgs_moments::ClimaCore.Fields.Field{ClimaCore.DataLayouts.VF{@NamedTuple{sigma_S::Float32, λ_lagrange::Float32}, 90, Matrix{Float32}}, ClimaCore.Spaces.FiniteDifferenceSpace{ClimaCore.Grids.FiniteDifferenceGrid{ClimaCore.Topologies.IntervalTopology{ClimaComms.SingletonCommsContext{ClimaComms.CPUSingleThreaded}, ClimaCore.Meshes.IntervalMesh{ClimaCore.Meshes.Uniform, ClimaCore.Domains.IntervalDomain{ClimaCore.Geometry.ZPoint{Float32}, Tuple{Symbol, Symbol}}, LinRange{ClimaCore.Geometry.ZPoint{Float32}, Int64}, Nothing}, @NamedTuple{bottom::Int64, top::Int64}}, ClimaCore.Geometry.CartesianGlobalGeometry, ClimaCore.DataLayouts.VF{ClimaCore.Geometry.LocalGeometry{(3,), ClimaCore.Geometry.ZPoint{Float32}, Float32, ClimaCore.Geometry.Tensor{2, Float32, Tuple{ClimaCore.Geometry.Components{ClimaCore.Geometry.Orthonormal, (1, 2, 3)}, ClimaCore.Geometry.Components{ClimaCore.Geometry.Covariant, (1, 2, 3)}}, StaticArraysCore.SMatrix{3, 3, Float32, 9}}, ClimaCore.Geometry.Tensor{2, Float32, Tuple{ClimaCore.Geometry.Components{ClimaCore.Geometry.Contravariant, (1, 2, 3)}, ClimaCore.Geometry.Components{ClimaCore.Geometry.Contravariant, (1, 2, 3)}}, StaticArraysCore.SMatrix{3, 3, Float32, 9}}}, 90, Matrix{Float32}}, ClimaCore.DataLayouts.VF{ClimaCore.Geometry.LocalGeometry{(3,), ClimaCore.Geometry.ZPoint{Float32}, Float32, ClimaCore.Geometry.Tensor{2, Float32, Tuple{ClimaCore.Geometry.Components{ClimaCore.Geometry.Orthonormal, (1, 2, 3)}, ClimaCore.Geometry.Components{ClimaCore.Geometry.Covariant, (1, 2, 3)}}, StaticArraysCore.SMatrix{3, 3, Float32, 9}}, ClimaCore.Geometry.Tensor{2, Float32, Tuple{ClimaCore.Geometry.Components{ClimaCore.Geometry.Contravariant, (1, 2, 3)}, ClimaCore.Geometry.Components{ClimaCore.Geometry.Contravariant, (1, 2, 3)}}, StaticArraysCore.SMatrix{3, 3, Float32, 9}}}, 91, Matrix{Float32}}}, ClimaCore.Grids.CellCenter}}}, scratch::@NamedTuple{ᶠtemp_scalar::ClimaCore.Fields.Field{ClimaCore.DataLayouts.VF{Float32, 91, Matrix{Float32}}, ClimaCore.Spaces.FiniteDifferenceSpace{ClimaCore.Grids.FiniteDifferenceGrid{ClimaCore.Topologies.IntervalTopology{ClimaComms.SingletonCommsContext{ClimaComms.CPUSingleThreaded}, ClimaCore.Meshes.IntervalMesh{ClimaCore.Meshes.Uniform, ClimaCore.Domains.IntervalDomain{ClimaCore.Geometry.ZPoint{Float32}, Tuple{Symbol, Symbol}}, LinRange{ClimaCore.Geometry.ZPoint{Float32}, Int64}, Nothing}, @NamedTuple{bottom::Int64, top::Int64}}, ClimaCore.Geometry.CartesianGlobalGeometry, ClimaCore.DataLayouts.VF{ClimaCore.Geometry.LocalGeometry{(3,), ClimaCore.Geometry.ZPoint{Float32}, Float32, ClimaCore.Geometry.Tensor{2, Float32, Tuple{ClimaCore.Geometry.Components{ClimaCore.Geometry.Orthonormal, (1, 2, 3)}, ClimaCore.Geometry.Components{ClimaCore.Geometry.Covariant, (1, 2, 3)}}, StaticArraysCore.SMatrix{3, 3, Float32, 9}}, ClimaCore.Geometry.Tensor{2, Float32, Tuple{ClimaCore.Geometry.Components{ClimaCore.Geometry.Contravariant, (1, 2, 3)}, ClimaCore.Geometry.Components{ClimaCore.Geometry.Contravariant, (1, 2, 3)}}, StaticArraysCore.SMatrix{3, 3, Float32, 9}}}, 90, Matrix{Float32}}, ClimaCore.DataLayouts.VF{ClimaCore.Geometry.LocalGeometry{(3,), ClimaCore.Geometry.ZPoint{Float32}, Float32, ClimaCore.Geometry.Tensor{2, Float32, Tuple{ClimaCore.Geometry.Components{ClimaCore.Geometry.Orthonormal, (1, 2, 3)}, ClimaCore.Geometry.Components{ClimaCore.Geometry.Covariant, (1, 2, 3)}}, StaticArraysCore.SMatrix{3, 3, Float32, 9}}, ClimaCore.Geometry.Tensor{2, Float32, Tuple{ClimaCore.Geometry.Components{ClimaCore.Geometry.Contravariant, (1, 2, 3)}, ClimaCore.Geometry.Components{ClimaCore.Geometry.Contravariant, (1, 2, 3)}}, StaticArraysCore.SMatrix{3, 3, Float32, 9}}}, 91, Matrix{Float32}}}, ClimaCore.Grids.CellFace}}, ᶠtemp_scalar_2::ClimaCore.Fields.Field{ClimaCore.DataLayouts.VF{Float32, 91, Matrix{Float32}}, ClimaCore.Spaces.FiniteDifferenceSpace{ClimaCore.Grids.FiniteDifferenceGrid{ClimaCore.Topologies.IntervalTopology{ClimaComms.SingletonCommsContext{ClimaComms.CPUSingleThreaded}, ClimaCore.Meshes.IntervalMesh{ClimaCore.Meshes.Uniform, ClimaCore.Domains.IntervalDomain{ClimaCore.Geometry.ZPoint{Float32}, Tuple{Symbol, Symbol}}, LinRange{ClimaCore.Geometry.ZPoint{Float32}, Int64}, Nothing}, @NamedTuple{bottom::Int64, top::Int64}}, ClimaCore.Geometry.CartesianGlobalGeometry, ClimaCore.DataLayouts.VF{ClimaCore.Geometry.LocalGeometry{(3,), ClimaCore.Geometry.ZPoint{Float32}, Float32, ClimaCore.Geometry.Tensor{2, Float32, Tuple{ClimaCore.Geometry.Components{ClimaCore.Geometry.Orthonormal, (1, 2, 3)}, ClimaCore.Geometry.Components{ClimaCore.Geometry.Covariant, (1, 2, 3)}}, StaticArraysCore.SMatrix{3, 3, Float32, 9}}, ClimaCore.Geometry.Tensor{2, Float32, Tuple{ClimaCore.Geometry.Components{ClimaCore.Geometry.Contravariant, (1, 2, 3)}, ClimaCore.Geometry.Components{ClimaCore.Geometry.Contravariant, (1, 2, 3)}}, StaticArraysCore.SMatrix{3, 3, Float32, 9}}}, 90, Matrix{Float32}}, ClimaCore.DataLayouts.VF{ClimaCore.Geometry.LocalGeometry{(3,), ClimaCore.Geometry.ZPoint{Float32}, Float32, ClimaCore.Geometry.Tensor{2, Float32, Tuple{ClimaCore.Geometry.Components{ClimaCore.Geometry.Orthonormal, (1, 2, 3)}, ClimaCore.Geometry.Components{ClimaCore.Geometry.Covariant, (1, 2, 3)}}, StaticArraysCore.SMatrix{3, 3, Float32, 9}}, ClimaCore.Geometry.Tensor{2, Float32, Tuple{ClimaCore.Geometry.Components{ClimaCore.Geometry.Contravariant, (1, 2, 3)}, ClimaCore.Geometry.Components{ClimaCore.Geometry.Contravariant, (1, 2, 3)}}, StaticArraysCore.SMatrix{3, 3, Float32, 9}}}, 91, Matrix{Float32}}}, ClimaCore.Grids.CellFace}}, ᶠtemp_scalar_3::ClimaCore.Fields.Field{ClimaCore.DataLayouts.VF{Float32, 91, Matrix{Float32}}, ClimaCore.Spaces.FiniteDifferenceSpace{ClimaCore.Grids.FiniteDifferenceGrid{ClimaCore.Topologies.IntervalTopology{ClimaComms.SingletonCommsContext{ClimaComms.CPUSingleThreaded}, ClimaCore.Meshes.IntervalMesh{ClimaCore.Meshes.Uniform, ClimaCore.Domains.IntervalDomain{ClimaCore.Geometry.ZPoint{Float32}, Tuple{Symbol, Symbol}}, LinRange{ClimaCore.Geometry.ZPoint{Float32}, Int64}, Nothing}, @NamedTuple{bottom::Int64, top::Int64}}, ClimaCore.Geometry.CartesianGlobalGeometry, ClimaCore.DataLayouts.VF{ClimaCore.Geometry.LocalGeometry{(3,), ClimaCore.Geometry.ZPoint{Float32}, Float32, ClimaCore.Geometry.Tensor{2, Float32, Tuple{ClimaCore.Geometry.Components{ClimaCore.Geometry.Orthonormal, (1, 2, 3)}, ClimaCore.Geometry.Components{ClimaCore.Geometry.Covariant, (1, 2, 3)}}, StaticArraysCore.SMatrix{3, 3, Float32, 9}}, ClimaCore.Geometry.Tensor{2, Float32, Tuple{ClimaCore.Geometry.Components{ClimaCore.Geometry.Contravariant, (1, 2, 3)}, ClimaCore.Geometry.Components{ClimaCore.Geometry.Contravariant, (1, 2, 3)}}, StaticArraysCore.SMatrix{3, 3, Float32, 9}}}, 90, Matrix{Float32}}, ClimaCore.DataLayouts.VF{ClimaCore.Geometry.LocalGeometry{(3,), ClimaCore.Geometry.ZPoint{Float32}, Float32, ClimaCore.Geometry.Tensor{2, Float32, Tuple{ClimaCore.Geometry.Components{ClimaCore.Geometry.Orthonormal, (1, 2, 3)}, ClimaCore.Geometry.Components{ClimaCore.Geometry.Covariant, (1, 2, 3)}}, StaticArraysCore.SMatrix{3, 3, Float32, 9}}, ClimaCore.Geometry.Tensor{2, Float32, Tuple{ClimaCore.Geometry.Components{ClimaCore.Geometry.Contravariant, (1, 2, 3)}, ClimaCore.Geometry.Components{ClimaCore.Geometry.Contravariant, (1, 2, 3)}}, StaticArraysCore.SMatrix{3, 3, Float32, 9}}}, 91, Matrix{Float32}}}, ClimaCore.Grids.CellFace}}, ᶜtemp_scalar::ClimaCore.Fields.Field{ClimaCore.DataLayouts.VF{Float32, 90, Matrix{Float32}}, ClimaCore.Spaces.FiniteDifferenceSpace{ClimaCore.Grids.FiniteDifferenceGrid{ClimaCore.Topologies.IntervalTopology{ClimaComms.SingletonCommsContext{ClimaComms.CPUSingleThreaded}, ClimaCore.Meshes.IntervalMesh{ClimaCore.Meshes.Uniform, ClimaCore.Domains.IntervalDomain{ClimaCore.Geometry.ZPoint{Float32}, Tuple{Symbol, Symbol}}, LinRange{ClimaCore.Geometry.ZPoint{Float32}, Int64}, Nothing}, @NamedTuple{bottom::Int64, top::Int64}}, ClimaCore.Geometry.CartesianGlobalGeometry, ClimaCore.DataLayouts.VF{ClimaCore.Geometry.LocalGeometry{(3,), ClimaCore.Geometry.ZPoint{Float32}, Float32, ClimaCore.Geometry.Tensor{2, Float32, Tuple{ClimaCore.Geometry.Components{ClimaCore.Geometry.Orthonormal, (1, 2, 3)}, ClimaCore.Geometry.Components{ClimaCore.Geometry.Covariant, (1, 2, 3)}}, StaticArraysCore.SMatrix{3, 3, Float32, 9}}, ClimaCore.Geometry.Tensor{2, Float32, Tuple{ClimaCore.Geometry.Components{ClimaCore.Geometry.Contravariant, (1, 2, 3)}, ClimaCore.Geometry.Components{ClimaCore.Geometry.Contravariant, (1, 2, 3)}}, StaticArraysCore.SMatrix{3, 3, Float32, 9}}}, 90, Matrix{Float32}}, ClimaCore.DataLayouts.VF{ClimaCore.Geometry.LocalGeometry{(3,), ClimaCore.Geometry.ZPoint{Float32}, Float32, ClimaCore.Geometry.Tensor{2, Float32, Tuple{ClimaCore.Geometry.Components{ClimaCore.Geometry.Orthonormal, (1, 2, 3)}, ClimaCore.Geometry.Components{ClimaCore.Geometry.Covariant, (1, 2, 3)}}, StaticArraysCore.SMatrix{3, 3, Float32, 9}}, ClimaCore.Geometry.Tensor{2, Float32, Tuple{ClimaCore.Geometry.Components{ClimaCore.Geometry.Contravariant, (1, 2, 3)}, ClimaCore.Geometry.Components{ClimaCore.Geometry.Contravariant, (1, 2, 3)}}, StaticArraysCore.SMatrix{3, 3, Float32, 9}}}, 91, Matrix{Float32}}}, ClimaCore.Grids.CellCenter}}, ᶜtemp_scalar_2::ClimaCore.Fields.Field{ClimaCore.DataLayouts.VF{Float32, 90, Matrix{Float32}}, ClimaCore.Spaces.FiniteDifferenceSpace{ClimaCore.Grids.FiniteDifferenceGrid{ClimaCore.Topologies.IntervalTopology{ClimaComms.SingletonCommsContext{ClimaComms.CPUSingleThreaded}, ClimaCore.Meshes.IntervalMesh{ClimaCore.Meshes.Uniform, ClimaCore.Domains.IntervalDomain{ClimaCore.Geometry.ZPoint{Float32}, Tuple{Symbol, Symbol}}, LinRange{ClimaCore.Geometry.ZPoint{Float32}, Int64}, Nothing}, @NamedTuple{bottom::Int64, top::Int64}}, ClimaCore.Geometry.CartesianGlobalGeometry, ClimaCore.DataLayouts.VF{ClimaCore.Geometry.LocalGeometry{(3,), ClimaCore.Geometry.ZPoint{Float32}, Float32, ClimaCore.Geometry.Tensor{2, Float32, Tuple{ClimaCore.Geometry.Components{ClimaCore.Geometry.Orthonormal, (1, 2, 3)}, ClimaCore.Geometry.Components{ClimaCore.Geometry.Covariant, (1, 2, 3)}}, StaticArraysCore.SMatrix{3, 3, Float32, 9}}, ClimaCore.Geometry.Tensor{2, Float32, Tuple{ClimaCore.Geometry.Components{ClimaCore.Geometry.Contravariant, (1, 2, 3)}, ClimaCore.Geometry.Components{ClimaCore.Geometry.Contravariant, (1, 2, 3)}}, StaticArraysCore.SMatrix{3, 3, Float32, 9}}}, 90, Matrix{Float32}}, ClimaCore.DataLayouts.VF{ClimaCore.Geometry.LocalGeometry{(3,), ClimaCore.Geometry.ZPoint{Float32}, Float32, ClimaCore.Geometry.Tensor{2, Float32, Tuple{ClimaCore.Geometry.Components{ClimaCore.Geometry.Orthonormal, (1, 2, 3)}, ClimaCore.Geometry.Components{ClimaCore.Geometry.Covariant, (1, 2, 3)}}, StaticArraysCore.SMatrix{3, 3, Float32, 9}}, ClimaCore.Geometry.Tensor{2, Float32, Tuple{ClimaCore.Geometry.Components{ClimaCore.Geometry.Contravariant, (1, 2, 3)}, ClimaCore.Geometry.Components{ClimaCore.Geometry.Contravariant, (1, 2, 3)}}, StaticArraysCore.SMatrix{3, 3, Float32, 9}}}, 91, Matrix{Float32}}}, ClimaCore.Grids.CellCenter}}, ᶜtemp_scalar_3::ClimaCore.Fields.Field{ClimaCore.DataLayouts.VF{Float32, 90, Matrix{Float32}}, ClimaCore.Spaces.FiniteDifferenceSpace{ClimaCore.Grids.FiniteDifferenceGrid{ClimaCore.Topologies.IntervalTopology{ClimaComms.SingletonCommsContext{ClimaComms.CPUSingleThreaded}, ClimaCore.Meshes.IntervalMesh{ClimaCore.Meshes.Uniform, ClimaCore.Domains.IntervalDomain{ClimaCore.Geometry.ZPoint{Float32}, Tuple{Symbol, Symbol}}, LinRange{ClimaCore.Geometry.ZPoint{Float32}, Int64}, Nothing}, @NamedTuple{bottom::Int64, top::Int64}}, ClimaCore.Geometry.CartesianGlobalGeometry, ClimaCore.DataLayouts.VF{ClimaCore.Geometry.LocalGeometry{(3,), ClimaCore.Geometry.ZPoint{Float32}, Float32, ClimaCore.Geometry.Tensor{2, Float32, Tuple{ClimaCore.Geometry.Components{ClimaCore.Geometry.Orthonormal, (1, 2, 3)}, ClimaCore.Geometry.Components{ClimaCore.Geometry.Covariant, (1, 2, 3)}}, StaticArraysCore.SMatrix{3, 3, Float32, 9}}, ClimaCore.Geometry.Tensor{2, Float32, Tuple{ClimaCore.Geometry.Components{ClimaCore.Geometry.Contravariant, (1, 2, 3)}, ClimaCore.Geometry.Components{ClimaCore.Geometry.Contravariant, (1, 2, 3)}}, StaticArraysCore.SMatrix{3, 3, Float32, 9}}}, 90, Matrix{Float32}}, ClimaCore.DataLayouts.VF{ClimaCore.Geometry.LocalGeometry{(3,), ClimaCore.Geometry.ZPoint{Float32}, Float32, ClimaCore.Geometry.Tensor{2, Float32, Tuple{ClimaCore.Geometry.Components{ClimaCore.Geometry.Orthonormal, (1, 2, 3)}, ClimaCore.Geometry.Components{ClimaCore.Geometry.Covariant, (1, 2, 3)}}, StaticArraysCore.SMatrix{3, 3, Float32, 9}}, ClimaCore.Geometry.Tensor{2, Float32, Tuple{ClimaCore.Geometry.Components{ClimaCore.Geometry.Contravariant, (1, 2, 3)}, ClimaCore.Geometry.Components{ClimaCore.Geometry.Contravariant, (1, 2, 3)}}, StaticArraysCore.SMatrix{3, 3, Float32, 9}}}, 91, Matrix{Float32}}}, ClimaCore.Grids.CellCenter}}, ᶜtemp_scalar_4::ClimaCore.Fields.Field{ClimaCore.DataLayouts.VF{Float32, 90, Matrix{Float32}}, ClimaCore.Spaces.FiniteDifferenceSpace{ClimaCore.Grids.FiniteDifferenceGrid{ClimaCore.Topologies.IntervalTopology{ClimaComms.SingletonCommsContext{ClimaComms.CPUSingleThreaded}, ClimaCore.Meshes.IntervalMesh{ClimaCore.Meshes.Uniform, ClimaCore.Domains.IntervalDomain{ClimaCore.Geometry.ZPoint{Float32}, Tuple{Symbol, Symbol}}, LinRange{ClimaCore.Geometry.ZPoint{Float32}, Int64}, Nothing}, @NamedTuple{bottom::Int64, top::Int64}}, ClimaCore.Geometry.CartesianGlobalGeometry, ClimaCore.DataLayouts.VF{ClimaCore.Geometry.LocalGeometry{(3,), ClimaCore.Geometry.ZPoint{Float32}, Float32, ClimaCore.Geometry.Tensor{2, Float32, Tuple{ClimaCore.Geometry.Components{ClimaCore.Geometry.Orthonormal, (1, 2, 3)}, ClimaCore.Geometry.Components{ClimaCore.Geometry.Covariant, (1, 2, 3)}}, StaticArraysCore.SMatrix{3, 3, Float32, 9}}, ClimaCore.Geometry.Tensor{2, Float32, Tuple{ClimaCore.Geometry.Components{ClimaCore.Geometry.Contravariant, (1, 2, 3)}, ClimaCore.Geometry.Components{ClimaCore.Geometry.Contravariant, (1, 2, 3)}}, StaticArraysCore.SMatrix{3, 3, Float32, 9}}}, 90, Matrix{Float32}}, ClimaCore.DataLayouts.VF{ClimaCore.Geometry.LocalGeometry{(3,), ClimaCore.Geometry.ZPoint{Float32}, Float32, ClimaCore.Geometry.Tensor{2, Float32, Tuple{ClimaCore.Geometry.Components{ClimaCore.Geometry.Orthonormal, (1, 2, 3)}, ClimaCore.Geometry.Components{ClimaCore.Geometry.Covariant, (1, 2, 3)}}, StaticArraysCore.SMatrix{3, 3, Float32, 9}}, ClimaCore.Geometry.Tensor{2, Float32, Tuple{ClimaCore.Geometry.Components{ClimaCore.Geometry.Contravariant, (1, 2, 3)}, ClimaCore.Geometry.Components{ClimaCore.Geometry.Contravariant, (1, 2, 3)}}, StaticArraysCore.SMatrix{3, 3, Float32, 9}}}, 91, Matrix{Float32}}}, ClimaCore.Grids.CellCenter}}, ᶜtemp_scalar_5::ClimaCore.Fields.Field{ClimaCore.DataLayouts.VF{Float32, 90, Matrix{Float32}}, ClimaCore.Spaces.FiniteDifferenceSpace{ClimaCore.Grids.FiniteDifferenceGrid{ClimaCore.Topologies.IntervalTopology{ClimaComms.SingletonCommsContext{ClimaComms.CPUSingleThreaded}, ClimaCore.Meshes.IntervalMesh{ClimaCore.Meshes.Uniform, ClimaCore.Domains.IntervalDomain{ClimaCore.Geometry.ZPoint{Float32}, Tuple{Symbol, Symbol}}, LinRange{ClimaCore.Geometry.ZPoint{Float32}, Int64}, Nothing}, @NamedTuple{bottom::Int64, top::Int64}}, ClimaCore.Geometry.CartesianGlobalGeometry, ClimaCore.DataLayouts.VF{ClimaCore.Geometry.LocalGeometry{(3,), ClimaCore.Geometry.ZPoint{Float32}, Float32, ClimaCore.Geometry.Tensor{2, Float32, Tuple{ClimaCore.Geometry.Components{ClimaCore.Geometry.Orthonormal, (1, 2, 3)}, ClimaCore.Geometry.Components{ClimaCore.Geometry.Covariant, (1, 2, 3)}}, StaticArraysCore.SMatrix{3, 3, Float32, 9}}, ClimaCore.Geometry.Tensor{2, Float32, Tuple{ClimaCore.Geometry.Components{ClimaCore.Geometry.Contravariant, (1, 2, 3)}, ClimaCore.Geometry.Components{ClimaCore.Geometry.Contravariant, (1, 2, 3)}}, StaticArraysCore.SMatrix{3, 3, Float32, 9}}}, 90, Matrix{Float32}}, ClimaCore.DataLayouts.VF{ClimaCore.Geometry.LocalGeometry{(3,), ClimaCore.Geometry.ZPoint{Float32}, Float32, ClimaCore.Geometry.Tensor{2, Float32, Tuple{ClimaCore.Geometry.Components{ClimaCore.Geometry.Orthonormal, (1, 2, 3)}, ClimaCore.Geometry.Components{ClimaCore.Geometry.Covariant, (1, 2, 3)}}, StaticArraysCore.SMatrix{3, 3, Float32, 9}}, ClimaCore.Geometry.Tensor{2, Float32, Tuple{ClimaCore.Geometry.Components{ClimaCore.Geometry.Contravariant, (1, 2, 3)}, ClimaCore.Geometry.Components{ClimaCore.Geometry.Contravariant, (1, 2, 3)}}, StaticArraysCore.SMatrix{3, 3, Float32, 9}}}, 91, Matrix{Float32}}}, ClimaCore.Grids.CellCenter}}, ᶜtemp_scalar_6::ClimaCore.Fields.Field{ClimaCore.DataLayouts.VF{Float32, 90, Matrix{Float32}}, ClimaCore.Spaces.FiniteDifferenceSpace{ClimaCore.Grids.FiniteDifferenceGrid{ClimaCore.Topologies.IntervalTopology{ClimaComms.SingletonCommsContext{ClimaComms.CPUSingleThreaded}, ClimaCore.Meshes.IntervalMesh{ClimaCore.Meshes.Uniform, ClimaCore.Domains.IntervalDomain{ClimaCore.Geometry.ZPoint{Float32}, Tuple{Symbol, Symbol}}, LinRange{ClimaCore.Geometry.ZPoint{Float32}, Int64}, Nothing}, @NamedTuple{bottom::Int64, top::Int64}}, ClimaCore.Geometry.CartesianGlobalGeometry, ClimaCore.DataLayouts.VF{ClimaCore.Geometry.LocalGeometry{(3,), ClimaCore.Geometry.ZPoint{Float32}, Float32, ClimaCore.Geometry.Tensor{2, Float32, Tuple{ClimaCore.Geometry.Components{ClimaCore.Geometry.Orthonormal, (1, 2, 3)}, ClimaCore.Geometry.Components{ClimaCore.Geometry.Covariant, (1, 2, 3)}}, StaticArraysCore.SMatrix{3, 3, Float32, 9}}, ClimaCore.Geometry.Tensor{2, Float32, Tuple{ClimaCore.Geometry.Components{ClimaCore.Geometry.Contravariant, (1, 2, 3)}, ClimaCore.Geometry.Components{ClimaCore.Geometry.Contravariant, (1, 2, 3)}}, StaticArraysCore.SMatrix{3, 3, Float32, 9}}}, 90, Matrix{Float32}}, ClimaCore.DataLayouts.VF{ClimaCore.Geometry.LocalGeometry{(3,), ClimaCore.Geometry.ZPoint{Float32}, Float32, ClimaCore.Geometry.Tensor{2, Float32, Tuple{ClimaCore.Geometry.Components{ClimaCore.Geometry.Orthonormal, (1, 2, 3)}, ClimaCore.Geometry.Components{ClimaCore.Geometry.Covariant, (1, 2, 3)}}, StaticArraysCore.SMatrix{3, 3, Float32, 9}}, ClimaCore.Geometry.Tensor{2, Float32, Tuple{ClimaCore.Geometry.Components{ClimaCore.Geometry.Contravariant, (1, 2, 3)}, ClimaCore.Geometry.Components{ClimaCore.Geometry.Contravariant, (1, 2, 3)}}, StaticArraysCore.SMatrix{3, 3, Float32, 9}}}, 91, Matrix{Float32}}}, ClimaCore.Grids.CellCenter}}, ᶜtemp_scalar_7::ClimaCore.Fields.Field{ClimaCore.DataLayouts.VF{Float32, 90, Matrix{Float32}}, ClimaCore.Spaces.FiniteDifferenceSpace{ClimaCore.Grids.FiniteDifferenceGrid{ClimaCore.Topologies.IntervalTopology{ClimaComms.SingletonCommsContext{ClimaComms.CPUSingleThreaded}, ClimaCore.Meshes.IntervalMesh{ClimaCore.Meshes.Uniform, ClimaCore.Domains.IntervalDomain{ClimaCore.Geometry.ZPoint{Float32}, Tuple{Symbol, Symbol}}, LinRange{ClimaCore.Geometry.ZPoint{Float32}, Int64}, Nothing}, @NamedTuple{bottom::Int64, top::Int64}}, ClimaCore.Geometry.CartesianGlobalGeometry, ClimaCore.DataLayouts.VF{ClimaCore.Geometry.LocalGeometry{(3,), ClimaCore.Geometry.ZPoint{Float32}, Float32, ClimaCore.Geometry.Tensor{2, Float32, Tuple{ClimaCore.Geometry.Components{ClimaCore.Geometry.Orthonormal, (1, 2, 3)}, ClimaCore.Geometry.Components{ClimaCore.Geometry.Covariant, (1, 2, 3)}}, StaticArraysCore.SMatrix{3, 3, Float32, 9}}, ClimaCore.Geometry.Tensor{2, Float32, Tuple{ClimaCore.Geometry.Components{ClimaCore.Geometry.Contravariant, (1, 2, 3)}, ClimaCore.Geometry.Components{ClimaCore.Geometry.Contravariant, (1, 2, 3)}}, StaticArraysCore.SMatrix{3, 3, Float32, 9}}}, 90, Matrix{Float32}}, ClimaCore.DataLayouts.VF{ClimaCore.Geometry.LocalGeometry{(3,), ClimaCore.Geometry.ZPoint{Float32}, Float32, ClimaCore.Geometry.Tensor{2, Float32, Tuple{ClimaCore.Geometry.Components{ClimaCore.Geometry.Orthonormal, (1, 2, 3)}, ClimaCore.Geometry.Components{ClimaCore.Geometry.Covariant, (1, 2, 3)}}, StaticArraysCore.SMatrix{3, 3, Float32, 9}}, ClimaCore.Geometry.Tensor{2, Float32, Tuple{ClimaCore.Geometry.Components{ClimaCore.Geometry.Contravariant, (1, 2, 3)}, ClimaCore.Geometry.Components{ClimaCore.Geometry.Contravariant, (1, 2, 3)}}, StaticArraysCore.SMatrix{3, 3, Float32, 9}}}, 91, Matrix{Float32}}}, ClimaCore.Grids.CellCenter}}, ᶠtemp_field_level::ClimaCore.Fields.Field{ClimaCore.DataLayouts.DataF{Float32, SubArray{Float32, 1, Matrix{Float32}, Tuple{Int64, Base.Slice{Base.OneTo{Int64}}}, true}}, ClimaCore.Spaces.PointSpace{ClimaComms.SingletonCommsContext{ClimaComms.CPUSingleThreaded}, ClimaCore.DataLayouts.DataF{ClimaCore.Geometry.LocalGeometry{(3,), ClimaCore.Geometry.ZPoint{Float32}, Float32, ClimaCore.Geometry.Tensor{2, Float32, Tuple{ClimaCore.Geometry.Components{ClimaCore.Geometry.Orthonormal, (1, 2, 3)}, ClimaCore.Geometry.Components{ClimaCore.Geometry.Covariant, (1, 2, 3)}}, StaticArraysCore.SMatrix{3, 3, Float32, 9}}, ClimaCore.Geometry.Tensor{2, Float32, Tuple{ClimaCore.Geometry.Components{ClimaCore.Geometry.Contravariant, (1, 2, 3)}, ClimaCore.Geometry.Components{ClimaCore.Geometry.Contravariant, (1, 2, 3)}}, StaticArraysCore.SMatrix{3, 3, Float32, 9}}}, SubArray{Float32, 1, Matrix{Float32}, Tuple{Int64, Base.Slice{Base.OneTo{Int64}}}, true}}}}, temp_field_level::ClimaCore.Fields.Field{ClimaCore.DataLayouts.DataF{Float32, SubArray{Float32, 1, Matrix{Float32}, Tuple{Int64, Base.Slice{Base.OneTo{Int64}}}, true}}, ClimaCore.Spaces.PointSpace{ClimaComms.SingletonCommsContext{ClimaComms.CPUSingleThreaded}, ClimaCore.DataLayouts.DataF{ClimaCore.Geometry.LocalGeometry{(3,), ClimaCore.Geometry.ZPoint{Float32}, Float32, ClimaCore.Geometry.Tensor{2, Float32, Tuple{ClimaCore.Geometry.Components{ClimaCore.Geometry.Orthonormal, (1, 2, 3)}, ClimaCore.Geometry.Components{ClimaCore.Geometry.Covariant, (1, 2, 3)}}, StaticArraysCore.SMatrix{3, 3, Float32, 9}}, ClimaCore.Geometry.Tensor{2, Float32, Tuple{ClimaCore.Geometry.Components{ClimaCore.Geometry.Contravariant, (1, 2, 3)}, ClimaCore.Geometry.Components{ClimaCore.Geometry.Contravariant, (1, 2, 3)}}, StaticArraysCore.SMatrix{3, 3, Float32, 9}}}, SubArray{Float32, 1, Matrix{Float32}, Tuple{Int64, Base.Slice{Base.OneTo{Int64}}}, true}}}}, temp_field_level_2::ClimaCore.Fields.Field{ClimaCore.DataLayouts.DataF{Float32, SubArray{Float32, 1, Matrix{Float32}, Tuple{Int64, Base.Slice{Base.OneTo{Int64}}}, true}}, ClimaCore.Spaces.PointSpace{ClimaComms.SingletonCommsContext{ClimaComms.CPUSingleThreaded}, ClimaCore.DataLayouts.DataF{ClimaCore.Geometry.LocalGeometry{(3,), ClimaCore.Geometry.ZPoint{Float32}, Float32, ClimaCore.Geometry.Tensor{2, Float32, Tuple{ClimaCore.Geometry.Components{ClimaCore.Geometry.Orthonormal, (1, 2, 3)}, ClimaCore.Geometry.Components{ClimaCore.Geometry.Covariant, (1, 2, 3)}}, StaticArraysCore.SMatrix{3, 3, Float32, 9}}, ClimaCore.Geometry.Tensor{2, Float32, Tuple{ClimaCore.Geometry.Components{ClimaCore.Geometry.Contravariant, (1, 2, 3)}, ClimaCore.Geometry.Components{ClimaCore.Geometry.Contravariant, (1, 2, 3)}}, StaticArraysCore.SMatrix{3, 3, Float32, 9}}}, SubArray{Float32, 1, Matrix{Float32}, Tuple{Int64, Base.Slice{Base.OneTo{Int64}}}, true}}}}, temp_field_level_3::ClimaCore.Fields.Field{ClimaCore.DataLayouts.DataF{Float32, SubArray{Float32, 1, Matrix{Float32}, Tuple{Int64, Base.Slice{Base.OneTo{Int64}}}, true}}, ClimaCore.Spaces.PointSpace{ClimaComms.SingletonCommsContext{ClimaComms.CPUSingleThreaded}, ClimaCore.DataLayouts.DataF{ClimaCore.Geometry.LocalGeometry{(3,), ClimaCore.Geometry.ZPoint{Float32}, Float32, ClimaCore.Geometry.Tensor{2, Float32, Tuple{ClimaCore.Geometry.Components{ClimaCore.Geometry.Orthonormal, (1, 2, 3)}, ClimaCore.Geometry.Components{ClimaCore.Geometry.Covariant, (1, 2, 3)}}, StaticArraysCore.SMatrix{3, 3, Float32, 9}}, ClimaCore.Geometry.Tensor{2, Float32, Tuple{ClimaCore.Geometry.Components{ClimaCore.Geometry.Contravariant, (1, 2, 3)}, ClimaCore.Geometry.Components{ClimaCore.Geometry.Contravariant, (1, 2, 3)}}, StaticArraysCore.SMatrix{3, 3, Float32, 9}}}, SubArray{Float32, 1, Matrix{Float32}, Tuple{Int64, Base.Slice{Base.OneTo{Int64}}}, true}}}}, temp_data::ClimaCore.DataLayouts.VF{Float32, 90, Matrix{Float32}}, temp_data_face_level::ClimaCore.DataLayouts.DataF{Float32, SubArray{Float32, 1, Matrix{Float32}, Tuple{Int64, Base.Slice{Base.OneTo{Int64}}}, true}}, temp_data_level::ClimaCore.DataLayouts.DataF{Float32, SubArray{Float32, 1, Matrix{Float32}, Tuple{Int64, Base.Slice{Base.OneTo{Int64}}}, true}}, temp_data_level_2::ClimaCore.DataLayouts.DataF{Float32, SubArray{Float32, 1, Matrix{Float32}, Tuple{Int64, Base.Slice{Base.OneTo{Int64}}}, true}}, temp_data_level_3::ClimaCore.DataLayouts.DataF{Float32, SubArray{Float32, 1, Matrix{Float32}, Tuple{Int64, Base.Slice{Base.OneTo{Int64}}}, true}}, temp_data_level_4::ClimaCore.DataLayouts.DataF{Float32, SubArray{Float32, 1, Matrix{Float32}, Tuple{Int64, Base.Slice{Base.OneTo{Int64}}}, true}}, temp_data_level_5::ClimaCore.DataLayouts.DataF{Float32, SubArray{Float32, 1, Matrix{Float32}, Tuple{Int64, Base.Slice{Base.OneTo{Int64}}}, true}}, ᶜtemp_C12::ClimaCore.Fields.Field{ClimaCore.DataLayouts.VF{ClimaCore.Geometry.Covariant12Vector{Float32}, 90, Matrix{Float32}}, ClimaCore.Spaces.FiniteDifferenceSpace{ClimaCore.Grids.FiniteDifferenceGrid{ClimaCore.Topologies.IntervalTopology{ClimaComms.SingletonCommsContext{ClimaComms.CPUSingleThreaded}, ClimaCore.Meshes.IntervalMesh{ClimaCore.Meshes.Uniform, ClimaCore.Domains.IntervalDomain{ClimaCore.Geometry.ZPoint{Float32}, Tuple{Symbol, Symbol}}, LinRange{ClimaCore.Geometry.ZPoint{Float32}, Int64}, Nothing}, @NamedTuple{bottom::Int64, top::Int64}}, ClimaCore.Geometry.CartesianGlobalGeometry, ClimaCore.DataLayouts.VF{ClimaCore.Geometry.LocalGeometry{(3,), ClimaCore.Geometry.ZPoint{Float32}, Float32, ClimaCore.Geometry.Tensor{2, Float32, Tuple{ClimaCore.Geometry.Components{ClimaCore.Geometry.Orthonormal, (1, 2, 3)}, ClimaCore.Geometry.Components{ClimaCore.Geometry.Covariant, (1, 2, 3)}}, StaticArraysCore.SMatrix{3, 3, Float32, 9}}, ClimaCore.Geometry.Tensor{2, Float32, Tuple{ClimaCore.Geometry.Components{ClimaCore.Geometry.Contravariant, (1, 2, 3)}, ClimaCore.Geometry.Components{ClimaCore.Geometry.Contravariant, (1, 2, 3)}}, StaticArraysCore.SMatrix{3, 3, Float32, 9}}}, 90, Matrix{Float32}}, ClimaCore.DataLayouts.VF{ClimaCore.Geometry.LocalGeometry{(3,), ClimaCore.Geometry.ZPoint{Float32}, Float32, ClimaCore.Geometry.Tensor{2, Float32, Tuple{ClimaCore.Geometry.Components{ClimaCore.Geometry.Orthonormal, (1, 2, 3)}, ClimaCore.Geometry.Components{ClimaCore.Geometry.Covariant, (1, 2, 3)}}, StaticArraysCore.SMatrix{3, 3, Float32, 9}}, ClimaCore.Geometry.Tensor{2, Float32, Tuple{ClimaCore.Geometry.Components{ClimaCore.Geometry.Contravariant, (1, 2, 3)}, ClimaCore.Geometry.Components{ClimaCore.Geometry.Contravariant, (1, 2, 3)}}, StaticArraysCore.SMatrix{3, 3, Float32, 9}}}, 91, Matrix{Float32}}}, ClimaCore.Grids.CellCenter}}, ᶜtemp_C3::ClimaCore.Fields.Field{ClimaCore.DataLayouts.VF{ClimaCore.Geometry.Covariant3Vector{Float32}, 90, Matrix{Float32}}, ClimaCore.Spaces.FiniteDifferenceSpace{ClimaCore.Grids.FiniteDifferenceGrid{ClimaCore.Topologies.IntervalTopology{ClimaComms.SingletonCommsContext{ClimaComms.CPUSingleThreaded}, ClimaCore.Meshes.IntervalMesh{ClimaCore.Meshes.Uniform, ClimaCore.Domains.IntervalDomain{ClimaCore.Geometry.ZPoint{Float32}, Tuple{Symbol, Symbol}}, LinRange{ClimaCore.Geometry.ZPoint{Float32}, Int64}, Nothing}, @NamedTuple{bottom::Int64, top::Int64}}, ClimaCore.Geometry.CartesianGlobalGeometry, ClimaCore.DataLayouts.VF{ClimaCore.Geometry.LocalGeometry{(3,), ClimaCore.Geometry.ZPoint{Float32}, Float32, ClimaCore.Geometry.Tensor{2, Float32, Tuple{ClimaCore.Geometry.Components{ClimaCore.Geometry.Orthonormal, (1, 2, 3)}, ClimaCore.Geometry.Components{ClimaCore.Geometry.Covariant, (1, 2, 3)}}, StaticArraysCore.SMatrix{3, 3, Float32, 9}}, ClimaCore.Geometry.Tensor{2, Float32, Tuple{ClimaCore.Geometry.Components{ClimaCore.Geometry.Contravariant, (1, 2, 3)}, ClimaCore.Geometry.Components{ClimaCore.Geometry.Contravariant, (1, 2, 3)}}, StaticArraysCore.SMatrix{3, 3, Float32, 9}}}, 90, Matrix{Float32}}, ClimaCore.DataLayouts.VF{ClimaCore.Geometry.LocalGeometry{(3,), ClimaCore.Geometry.ZPoint{Float32}, Float32, ClimaCore.Geometry.Tensor{2, Float32, Tuple{ClimaCore.Geometry.Components{ClimaCore.Geometry.Orthonormal, (1, 2, 3)}, ClimaCore.Geometry.Components{ClimaCore.Geometry.Covariant, (1, 2, 3)}}, StaticArraysCore.SMatrix{3, 3, Float32, 9}}, ClimaCore.Geometry.Tensor{2, Float32, Tuple{ClimaCore.Geometry.Components{ClimaCore.Geometry.Contravariant, (1, 2, 3)}, ClimaCore.Geometry.Components{ClimaCore.Geometry.Contravariant, (1, 2, 3)}}, StaticArraysCore.SMatrix{3, 3, Float32, 9}}}, 91, Matrix{Float32}}}, ClimaCore.Grids.CellCenter}}, ᶜtemp_CT3::ClimaCore.Fields.Field{ClimaCore.DataLayouts.VF{ClimaCore.Geometry.Contravariant3Vector{Float32}, 90, Matrix{Float32}}, ClimaCore.Spaces.FiniteDifferenceSpace{ClimaCore.Grids.FiniteDifferenceGrid{ClimaCore.Topologies.IntervalTopology{ClimaComms.SingletonCommsContext{ClimaComms.CPUSingleThreaded}, ClimaCore.Meshes.IntervalMesh{ClimaCore.Meshes.Uniform, ClimaCore.Domains.IntervalDomain{ClimaCore.Geometry.ZPoint{Float32}, Tuple{Symbol, Symbol}}, LinRange{ClimaCore.Geometry.ZPoint{Float32}, Int64}, Nothing}, @NamedTuple{bottom::Int64, top::Int64}}, ClimaCore.Geometry.CartesianGlobalGeometry, ClimaCore.DataLayouts.VF{ClimaCore.Geometry.LocalGeometry{(3,), ClimaCore.Geometry.ZPoint{Float32}, Float32, ClimaCore.Geometry.Tensor{2, Float32, Tuple{ClimaCore.Geometry.Components{ClimaCore.Geometry.Orthonormal, (1, 2, 3)}, ClimaCore.Geometry.Components{ClimaCore.Geometry.Covariant, (1, 2, 3)}}, StaticArraysCore.SMatrix{3, 3, Float32, 9}}, ClimaCore.Geometry.Tensor{2, Float32, Tuple{ClimaCore.Geometry.Components{ClimaCore.Geometry.Contravariant, (1, 2, 3)}, ClimaCore.Geometry.Components{ClimaCore.Geometry.Contravariant, (1, 2, 3)}}, StaticArraysCore.SMatrix{3, 3, Float32, 9}}}, 90, Matrix{Float32}}, ClimaCore.DataLayouts.VF{ClimaCore.Geometry.LocalGeometry{(3,), ClimaCore.Geometry.ZPoint{Float32}, Float32, ClimaCore.Geometry.Tensor{2, Float32, Tuple{ClimaCore.Geometry.Components{ClimaCore.Geometry.Orthonormal, (1, 2, 3)}, ClimaCore.Geometry.Components{ClimaCore.Geometry.Covariant, (1, 2, 3)}}, StaticArraysCore.SMatrix{3, 3, Float32, 9}}, ClimaCore.Geometry.Tensor{2, Float32, Tuple{ClimaCore.Geometry.Components{ClimaCore.Geometry.Contravariant, (1, 2, 3)}, ClimaCore.Geometry.Components{ClimaCore.Geometry.Contravariant, (1, 2, 3)}}, StaticArraysCore.SMatrix{3, 3, Float32, 9}}}, 91, Matrix{Float32}}}, ClimaCore.Grids.CellCenter}}, ᶜtemp_CT123::ClimaCore.Fields.Field{ClimaCore.DataLayouts.VF{ClimaCore.Geometry.Contravariant123Vector{Float32}, 90, Matrix{Float32}}, ClimaCore.Spaces.FiniteDifferenceSpace{ClimaCore.Grids.FiniteDifferenceGrid{ClimaCore.Topologies.IntervalTopology{ClimaComms.SingletonCommsContext{ClimaComms.CPUSingleThreaded}, ClimaCore.Meshes.IntervalMesh{ClimaCore.Meshes.Uniform, ClimaCore.Domains.IntervalDomain{ClimaCore.Geometry.ZPoint{Float32}, Tuple{Symbol, Symbol}}, LinRange{ClimaCore.Geometry.ZPoint{Float32}, Int64}, Nothing}, @NamedTuple{bottom::Int64, top::Int64}}, ClimaCore.Geometry.CartesianGlobalGeometry, ClimaCore.DataLayouts.VF{ClimaCore.Geometry.LocalGeometry{(3,), ClimaCore.Geometry.ZPoint{Float32}, Float32, ClimaCore.Geometry.Tensor{2, Float32, Tuple{ClimaCore.Geometry.Components{ClimaCore.Geometry.Orthonormal, (1, 2, 3)}, ClimaCore.Geometry.Components{ClimaCore.Geometry.Covariant, (1, 2, 3)}}, StaticArraysCore.SMatrix{3, 3, Float32, 9}}, ClimaCore.Geometry.Tensor{2, Float32, Tuple{ClimaCore.Geometry.Components{ClimaCore.Geometry.Contravariant, (1, 2, 3)}, ClimaCore.Geometry.Components{ClimaCore.Geometry.Contravariant, (1, 2, 3)}}, StaticArraysCore.SMatrix{3, 3, Float32, 9}}}, 90, Matrix{Float32}}, ClimaCore.DataLayouts.VF{ClimaCore.Geometry.LocalGeometry{(3,), ClimaCore.Geometry.ZPoint{Float32}, Float32, ClimaCore.Geometry.Tensor{2, Float32, Tuple{ClimaCore.Geometry.Components{ClimaCore.Geometry.Orthonormal, (1, 2, 3)}, ClimaCore.Geometry.Components{ClimaCore.Geometry.Covariant, (1, 2, 3)}}, StaticArraysCore.SMatrix{3, 3, Float32, 9}}, ClimaCore.Geometry.Tensor{2, Float32, Tuple{ClimaCore.Geometry.Components{ClimaCore.Geometry.Contravariant, (1, 2, 3)}, ClimaCore.Geometry.Components{ClimaCore.Geometry.Contravariant, (1, 2, 3)}}, StaticArraysCore.SMatrix{3, 3, Float32, 9}}}, 91, Matrix{Float32}}}, ClimaCore.Grids.CellCenter}}, ᶠtemp_CT3::ClimaCore.Fields.Field{ClimaCore.DataLayouts.VF{ClimaCore.Geometry.Contravariant3Vector{Float32}, 91, Matrix{Float32}}, ClimaCore.Spaces.FiniteDifferenceSpace{ClimaCore.Grids.FiniteDifferenceGrid{ClimaCore.Topologies.IntervalTopology{ClimaComms.SingletonCommsContext{ClimaComms.CPUSingleThreaded}, ClimaCore.Meshes.IntervalMesh{ClimaCore.Meshes.Uniform, ClimaCore.Domains.IntervalDomain{ClimaCore.Geometry.ZPoint{Float32}, Tuple{Symbol, Symbol}}, LinRange{ClimaCore.Geometry.ZPoint{Float32}, Int64}, Nothing}, @NamedTuple{bottom::Int64, top::Int64}}, ClimaCore.Geometry.CartesianGlobalGeometry, ClimaCore.DataLayouts.VF{ClimaCore.Geometry.LocalGeometry{(3,), ClimaCore.Geometry.ZPoint{Float32}, Float32, ClimaCore.Geometry.Tensor{2, Float32, Tuple{ClimaCore.Geometry.Components{ClimaCore.Geometry.Orthonormal, (1, 2, 3)}, ClimaCore.Geometry.Components{ClimaCore.Geometry.Covariant, (1, 2, 3)}}, StaticArraysCore.SMatrix{3, 3, Float32, 9}}, ClimaCore.Geometry.Tensor{2, Float32, Tuple{ClimaCore.Geometry.Components{ClimaCore.Geometry.Contravariant, (1, 2, 3)}, ClimaCore.Geometry.Components{ClimaCore.Geometry.Contravariant, (1, 2, 3)}}, StaticArraysCore.SMatrix{3, 3, Float32, 9}}}, 90, Matrix{Float32}}, ClimaCore.DataLayouts.VF{ClimaCore.Geometry.LocalGeometry{(3,), ClimaCore.Geometry.ZPoint{Float32}, Float32, ClimaCore.Geometry.Tensor{2, Float32, Tuple{ClimaCore.Geometry.Components{ClimaCore.Geometry.Orthonormal, (1, 2, 3)}, ClimaCore.Geometry.Components{ClimaCore.Geometry.Covariant, (1, 2, 3)}}, StaticArraysCore.SMatrix{3, 3, Float32, 9}}, ClimaCore.Geometry.Tensor{2, Float32, Tuple{ClimaCore.Geometry.Components{ClimaCore.Geometry.Contravariant, (1, 2, 3)}, ClimaCore.Geometry.Components{ClimaCore.Geometry.Contravariant, (1, 2, 3)}}, StaticArraysCore.SMatrix{3, 3, Float32, 9}}}, 91, Matrix{Float32}}}, ClimaCore.Grids.CellFace}}, ᶠtemp_CT12::ClimaCore.Fields.Field{ClimaCore.DataLayouts.VF{ClimaCore.Geometry.Contravariant12Vector{Float32}, 91, Matrix{Float32}}, ClimaCore.Spaces.FiniteDifferenceSpace{ClimaCore.Grids.FiniteDifferenceGrid{ClimaCore.Topologies.IntervalTopology{ClimaComms.SingletonCommsContext{ClimaComms.CPUSingleThreaded}, ClimaCore.Meshes.IntervalMesh{ClimaCore.Meshes.Uniform, ClimaCore.Domains.IntervalDomain{ClimaCore.Geometry.ZPoint{Float32}, Tuple{Symbol, Symbol}}, LinRange{ClimaCore.Geometry.ZPoint{Float32}, Int64}, Nothing}, @NamedTuple{bottom::Int64, top::Int64}}, ClimaCore.Geometry.CartesianGlobalGeometry, ClimaCore.DataLayouts.VF{ClimaCore.Geometry.LocalGeometry{(3,), ClimaCore.Geometry.ZPoint{Float32}, Float32, ClimaCore.Geometry.Tensor{2, Float32, Tuple{ClimaCore.Geometry.Components{ClimaCore.Geometry.Orthonormal, (1, 2, 3)}, ClimaCore.Geometry.Components{ClimaCore.Geometry.Covariant, (1, 2, 3)}}, StaticArraysCore.SMatrix{3, 3, Float32, 9}}, ClimaCore.Geometry.Tensor{2, Float32, Tuple{ClimaCore.Geometry.Components{ClimaCore.Geometry.Contravariant, (1, 2, 3)}, ClimaCore.Geometry.Components{ClimaCore.Geometry.Contravariant, (1, 2, 3)}}, StaticArraysCore.SMatrix{3, 3, Float32, 9}}}, 90, Matrix{Float32}}, ClimaCore.DataLayouts.VF{ClimaCore.Geometry.LocalGeometry{(3,), ClimaCore.Geometry.ZPoint{Float32}, Float32, ClimaCore.Geometry.Tensor{2, Float32, Tuple{ClimaCore.Geometry.Components{ClimaCore.Geometry.Orthonormal, (1, 2, 3)}, ClimaCore.Geometry.Components{ClimaCore.Geometry.Covariant, (1, 2, 3)}}, StaticArraysCore.SMatrix{3, 3, Float32, 9}}, ClimaCore.Geometry.Tensor{2, Float32, Tuple{ClimaCore.Geometry.Components{ClimaCore.Geometry.Contravariant, (1, 2, 3)}, ClimaCore.Geometry.Components{ClimaCore.Geometry.Contravariant, (1, 2, 3)}}, StaticArraysCore.SMatrix{3, 3, Float32, 9}}}, 91, Matrix{Float32}}}, ClimaCore.Grids.CellFace}}, ᶠtemp_CT12ʲs::ClimaCore.Fields.Field{ClimaCore.DataLayouts.VF{Tuple{ClimaCore.Geometry.Contravariant12Vector{Float32}}, 91, Matrix{Float32}}, ClimaCore.Spaces.FiniteDifferenceSpace{ClimaCore.Grids.FiniteDifferenceGrid{ClimaCore.Topologies.IntervalTopology{ClimaComms.SingletonCommsContext{ClimaComms.CPUSingleThreaded}, ClimaCore.Meshes.IntervalMesh{ClimaCore.Meshes.Uniform, ClimaCore.Domains.IntervalDomain{ClimaCore.Geometry.ZPoint{Float32}, Tuple{Symbol, Symbol}}, LinRange{ClimaCore.Geometry.ZPoint{Float32}, Int64}, Nothing}, @NamedTuple{bottom::Int64, top::Int64}}, ClimaCore.Geometry.CartesianGlobalGeometry, ClimaCore.DataLayouts.VF{ClimaCore.Geometry.LocalGeometry{(3,), ClimaCore.Geometry.ZPoint{Float32}, Float32, ClimaCore.Geometry.Tensor{2, Float32, Tuple{ClimaCore.Geometry.Components{ClimaCore.Geometry.Orthonormal, (1, 2, 3)}, ClimaCore.Geometry.Components{ClimaCore.Geometry.Covariant, (1, 2, 3)}}, StaticArraysCore.SMatrix{3, 3, Float32, 9}}, ClimaCore.Geometry.Tensor{2, Float32, Tuple{ClimaCore.Geometry.Components{ClimaCore.Geometry.Contravariant, (1, 2, 3)}, ClimaCore.Geometry.Components{ClimaCore.Geometry.Contravariant, (1, 2, 3)}}, StaticArraysCore.SMatrix{3, 3, Float32, 9}}}, 90, Matrix{Float32}}, ClimaCore.DataLayouts.VF{ClimaCore.Geometry.LocalGeometry{(3,), ClimaCore.Geometry.ZPoint{Float32}, Float32, ClimaCore.Geometry.Tensor{2, Float32, Tuple{ClimaCore.Geometry.Components{ClimaCore.Geometry.Orthonormal, (1, 2, 3)}, ClimaCore.Geometry.Components{ClimaCore.Geometry.Covariant, (1, 2, 3)}}, StaticArraysCore.SMatrix{3, 3, Float32, 9}}, ClimaCore.Geometry.Tensor{2, Float32, Tuple{ClimaCore.Geometry.Components{ClimaCore.Geometry.Contravariant, (1, 2, 3)}, ClimaCore.Geometry.Components{ClimaCore.Geometry.Contravariant, (1, 2, 3)}}, StaticArraysCore.SMatrix{3, 3, Float32, 9}}}, 91, Matrix{Float32}}}, ClimaCore.Grids.CellFace}}, ᶜbidiagonal_adjoint_matrix_c3::ClimaCore.Fields.Field{ClimaCore.DataLayouts.VF{ClimaCore.MatrixFields.BidiagonalMatrixRow{ClimaCore.Geometry.Tensor{2, Float32, Tuple{ClimaCore.Geometry.Components{ClimaCore.Geometry.OneScalar, (nothing,)}, ClimaCore.Geometry.Components{ClimaCore.Geometry.Covariant, (3,)}}, LinearAlgebra.Adjoint{Float32, StaticArraysCore.SVector{1, Float32}}}}, 90, Matrix{Float32}}, ClimaCore.Spaces.FiniteDifferenceSpace{ClimaCore.Grids.FiniteDifferenceGrid{ClimaCore.Topologies.IntervalTopology{ClimaComms.SingletonCommsContext{ClimaComms.CPUSingleThreaded}, ClimaCore.Meshes.IntervalMesh{ClimaCore.Meshes.Uniform, ClimaCore.Domains.IntervalDomain{ClimaCore.Geometry.ZPoint{Float32}, Tuple{Symbol, Symbol}}, LinRange{ClimaCore.Geometry.ZPoint{Float32}, Int64}, Nothing}, @NamedTuple{bottom::Int64, top::Int64}}, ClimaCore.Geometry.CartesianGlobalGeometry, ClimaCore.DataLayouts.VF{ClimaCore.Geometry.LocalGeometry{(3,), ClimaCore.Geometry.ZPoint{Float32}, Float32, ClimaCore.Geometry.Tensor{2, Float32, Tuple{ClimaCore.Geometry.Components{ClimaCore.Geometry.Orthonormal, (1, 2, 3)}, ClimaCore.Geometry.Components{ClimaCore.Geometry.Covariant, (1, 2, 3)}}, StaticArraysCore.SMatrix{3, 3, Float32, 9}}, ClimaCore.Geometry.Tensor{2, Float32, Tuple{ClimaCore.Geometry.Components{ClimaCore.Geometry.Contravariant, (1, 2, 3)}, ClimaCore.Geometry.Components{ClimaCore.Geometry.Contravariant, (1, 2, 3)}}, StaticArraysCore.SMatrix{3, 3, Float32, 9}}}, 90, Matrix{Float32}}, ClimaCore.DataLayouts.VF{ClimaCore.Geometry.LocalGeometry{(3,), ClimaCore.Geometry.ZPoint{Float32}, Float32, ClimaCore.Geometry.Tensor{2, Float32, Tuple{ClimaCore.Geometry.Components{ClimaCore.Geometry.Orthonormal, (1, 2, 3)}, ClimaCore.Geometry.Components{ClimaCore.Geometry.Covariant, (1, 2, 3)}}, StaticArraysCore.SMatrix{3, 3, Float32, 9}}, ClimaCore.Geometry.Tensor{2, Float32, Tuple{ClimaCore.Geometry.Components{ClimaCore.Geometry.Contravariant, (1, 2, 3)}, ClimaCore.Geometry.Components{ClimaCore.Geometry.Contravariant, (1, 2, 3)}}, StaticArraysCore.SMatrix{3, 3, Float32, 9}}}, 91, Matrix{Float32}}}, ClimaCore.Grids.CellCenter}}, ᶜtemp_bdmr::ClimaCore.Fields.Field{ClimaCore.DataLayouts.VF{ClimaCore.MatrixFields.BidiagonalMatrixRow{Float32}, 90, Matrix{Float32}}, ClimaCore.Spaces.FiniteDifferenceSpace{ClimaCore.Grids.FiniteDifferenceGrid{ClimaCore.Topologies.IntervalTopology{ClimaComms.SingletonCommsContext{ClimaComms.CPUSingleThreaded}, ClimaCore.Meshes.IntervalMesh{ClimaCore.Meshes.Uniform, ClimaCore.Domains.IntervalDomain{ClimaCore.Geometry.ZPoint{Float32}, Tuple{Symbol, Symbol}}, LinRange{ClimaCore.Geometry.ZPoint{Float32}, Int64}, Nothing}, @NamedTuple{bottom::Int64, top::Int64}}, ClimaCore.Geometry.CartesianGlobalGeometry, ClimaCore.DataLayouts.VF{ClimaCore.Geometry.LocalGeometry{(3,), ClimaCore.Geometry.ZPoint{Float32}, Float32, ClimaCore.Geometry.Tensor{2, Float32, Tuple{ClimaCore.Geometry.Components{ClimaCore.Geometry.Orthonormal, (1, 2, 3)}, ClimaCore.Geometry.Components{ClimaCore.Geometry.Covariant, (1, 2, 3)}}, StaticArraysCore.SMatrix{3, 3, Float32, 9}}, ClimaCore.Geometry.Tensor{2, Float32, Tuple{ClimaCore.Geometry.Components{ClimaCore.Geometry.Contravariant, (1, 2, 3)}, ClimaCore.Geometry.Components{ClimaCore.Geometry.Contravariant, (1, 2, 3)}}, StaticArraysCore.SMatrix{3, 3, Float32, 9}}}, 90, Matrix{Float32}}, ClimaCore.DataLayouts.VF{ClimaCore.Geometry.LocalGeometry{(3,), ClimaCore.Geometry.ZPoint{Float32}, Float32, ClimaCore.Geometry.Tensor{2, Float32, Tuple{ClimaCore.Geometry.Components{ClimaCore.Geometry.Orthonormal, (1, 2, 3)}, ClimaCore.Geometry.Components{ClimaCore.Geometry.Covariant, (1, 2, 3)}}, StaticArraysCore.SMatrix{3, 3, Float32, 9}}, ClimaCore.Geometry.Tensor{2, Float32, Tuple{ClimaCore.Geometry.Components{ClimaCore.Geometry.Contravariant, (1, 2, 3)}, ClimaCore.Geometry.Components{ClimaCore.Geometry.Contravariant, (1, 2, 3)}}, StaticArraysCore.SMatrix{3, 3, Float32, 9}}}, 91, Matrix{Float32}}}, ClimaCore.Grids.CellCenter}}, ᶜtemp_bdmr_2::ClimaCore.Fields.Field{ClimaCore.DataLayouts.VF{ClimaCore.MatrixFields.BidiagonalMatrixRow{Float32}, 90, Matrix{Float32}}, ClimaCore.Spaces.FiniteDifferenceSpace{ClimaCore.Grids.FiniteDifferenceGrid{ClimaCore.Topologies.IntervalTopology{ClimaComms.SingletonCommsContext{ClimaComms.CPUSingleThreaded}, ClimaCore.Meshes.IntervalMesh{ClimaCore.Meshes.Uniform, ClimaCore.Domains.IntervalDomain{ClimaCore.Geometry.ZPoint{Float32}, Tuple{Symbol, Symbol}}, LinRange{ClimaCore.Geometry.ZPoint{Float32}, Int64}, Nothing}, @NamedTuple{bottom::Int64, top::Int64}}, ClimaCore.Geometry.CartesianGlobalGeometry, ClimaCore.DataLayouts.VF{ClimaCore.Geometry.LocalGeometry{(3,), ClimaCore.Geometry.ZPoint{Float32}, Float32, ClimaCore.Geometry.Tensor{2, Float32, Tuple{ClimaCore.Geometry.Components{ClimaCore.Geometry.Orthonormal, (1, 2, 3)}, ClimaCore.Geometry.Components{ClimaCore.Geometry.Covariant, (1, 2, 3)}}, StaticArraysCore.SMatrix{3, 3, Float32, 9}}, ClimaCore.Geometry.Tensor{2, Float32, Tuple{ClimaCore.Geometry.Components{ClimaCore.Geometry.Contravariant, (1, 2, 3)}, ClimaCore.Geometry.Components{ClimaCore.Geometry.Contravariant, (1, 2, 3)}}, StaticArraysCore.SMatrix{3, 3, Float32, 9}}}, 90, Matrix{Float32}}, ClimaCore.DataLayouts.VF{ClimaCore.Geometry.LocalGeometry{(3,), ClimaCore.Geometry.ZPoint{Float32}, Float32, ClimaCore.Geometry.Tensor{2, Float32, Tuple{ClimaCore.Geometry.Components{ClimaCore.Geometry.Orthonormal, (1, 2, 3)}, ClimaCore.Geometry.Components{ClimaCore.Geometry.Covariant, (1, 2, 3)}}, StaticArraysCore.SMatrix{3, 3, Float32, 9}}, ClimaCore.Geometry.Tensor{2, Float32, Tuple{ClimaCore.Geometry.Components{ClimaCore.Geometry.Contravariant, (1, 2, 3)}, ClimaCore.Geometry.Components{ClimaCore.Geometry.Contravariant, (1, 2, 3)}}, StaticArraysCore.SMatrix{3, 3, Float32, 9}}}, 91, Matrix{Float32}}}, ClimaCore.Grids.CellCenter}}, ᶜtemp_bdmr_3::ClimaCore.Fields.Field{ClimaCore.DataLayouts.VF{ClimaCore.MatrixFields.BidiagonalMatrixRow{Float32}, 90, Matrix{Float32}}, ClimaCore.Spaces.FiniteDifferenceSpace{ClimaCore.Grids.FiniteDifferenceGrid{ClimaCore.Topologies.IntervalTopology{ClimaComms.SingletonCommsContext{ClimaComms.CPUSingleThreaded}, ClimaCore.Meshes.IntervalMesh{ClimaCore.Meshes.Uniform, ClimaCore.Domains.IntervalDomain{ClimaCore.Geometry.ZPoint{Float32}, Tuple{Symbol, Symbol}}, LinRange{ClimaCore.Geometry.ZPoint{Float32}, Int64}, Nothing}, @NamedTuple{bottom::Int64, top::Int64}}, ClimaCore.Geometry.CartesianGlobalGeometry, ClimaCore.DataLayouts.VF{ClimaCore.Geometry.LocalGeometry{(3,), ClimaCore.Geometry.ZPoint{Float32}, Float32, ClimaCore.Geometry.Tensor{2, Float32, Tuple{ClimaCore.Geometry.Components{ClimaCore.Geometry.Orthonormal, (1, 2, 3)}, ClimaCore.Geometry.Components{ClimaCore.Geometry.Covariant, (1, 2, 3)}}, StaticArraysCore.SMatrix{3, 3, Float32, 9}}, ClimaCore.Geometry.Tensor{2, Float32, Tuple{ClimaCore.Geometry.Components{ClimaCore.Geometry.Contravariant, (1, 2, 3)}, ClimaCore.Geometry.Components{ClimaCore.Geometry.Contravariant, (1, 2, 3)}}, StaticArraysCore.SMatrix{3, 3, Float32, 9}}}, 90, Matrix{Float32}}, ClimaCore.DataLayouts.VF{ClimaCore.Geometry.LocalGeometry{(3,), ClimaCore.Geometry.ZPoint{Float32}, Float32, ClimaCore.Geometry.Tensor{2, Float32, Tuple{ClimaCore.Geometry.Components{ClimaCore.Geometry.Orthonormal, (1, 2, 3)}, ClimaCore.Geometry.Components{ClimaCore.Geometry.Covariant, (1, 2, 3)}}, StaticArraysCore.SMatrix{3, 3, Float32, 9}}, ClimaCore.Geometry.Tensor{2, Float32, Tuple{ClimaCore.Geometry.Components{ClimaCore.Geometry.Contravariant, (1, 2, 3)}, ClimaCore.Geometry.Components{ClimaCore.Geometry.Contravariant, (1, 2, 3)}}, StaticArraysCore.SMatrix{3, 3, Float32, 9}}}, 91, Matrix{Float32}}}, ClimaCore.Grids.CellCenter}}, ᶠtemp_C123::ClimaCore.Fields.Field{ClimaCore.DataLayouts.VF{ClimaCore.Geometry.Covariant123Vector{Float32}, 91, Matrix{Float32}}, ClimaCore.Spaces.FiniteDifferenceSpace{ClimaCore.Grids.FiniteDifferenceGrid{ClimaCore.Topologies.IntervalTopology{ClimaComms.SingletonCommsContext{ClimaComms.CPUSingleThreaded}, ClimaCore.Meshes.IntervalMesh{ClimaCore.Meshes.Uniform, ClimaCore.Domains.IntervalDomain{ClimaCore.Geometry.ZPoint{Float32}, Tuple{Symbol, Symbol}}, LinRange{ClimaCore.Geometry.ZPoint{Float32}, Int64}, Nothing}, @NamedTuple{bottom::Int64, top::Int64}}, ClimaCore.Geometry.CartesianGlobalGeometry, ClimaCore.DataLayouts.VF{ClimaCore.Geometry.LocalGeometry{(3,), ClimaCore.Geometry.ZPoint{Float32}, Float32, ClimaCore.Geometry.Tensor{2, Float32, Tuple{ClimaCore.Geometry.Components{ClimaCore.Geometry.Orthonormal, (1, 2, 3)}, ClimaCore.Geometry.Components{ClimaCore.Geometry.Covariant, (1, 2, 3)}}, StaticArraysCore.SMatrix{3, 3, Float32, 9}}, ClimaCore.Geometry.Tensor{2, Float32, Tuple{ClimaCore.Geometry.Components{ClimaCore.Geometry.Contravariant, (1, 2, 3)}, ClimaCore.Geometry.Components{ClimaCore.Geometry.Contravariant, (1, 2, 3)}}, StaticArraysCore.SMatrix{3, 3, Float32, 9}}}, 90, Matrix{Float32}}, ClimaCore.DataLayouts.VF{ClimaCore.Geometry.LocalGeometry{(3,), ClimaCore.Geometry.ZPoint{Float32}, Float32, ClimaCore.Geometry.Tensor{2, Float32, Tuple{ClimaCore.Geometry.Components{ClimaCore.Geometry.Orthonormal, (1, 2, 3)}, ClimaCore.Geometry.Components{ClimaCore.Geometry.Covariant, (1, 2, 3)}}, StaticArraysCore.SMatrix{3, 3, Float32, 9}}, ClimaCore.Geometry.Tensor{2, Float32, Tuple{ClimaCore.Geometry.Components{ClimaCore.Geometry.Contravariant, (1, 2, 3)}, ClimaCore.Geometry.Components{ClimaCore.Geometry.Contravariant, (1, 2, 3)}}, StaticArraysCore.SMatrix{3, 3, Float32, 9}}}, 91, Matrix{Float32}}}, ClimaCore.Grids.CellFace}}, ᶜtemp_UVW::ClimaCore.Fields.Field{ClimaCore.DataLayouts.VF{ClimaCore.Geometry.UVWVector{Float32}, 90, Matrix{Float32}}, ClimaCore.Spaces.FiniteDifferenceSpace{ClimaCore.Grids.FiniteDifferenceGrid{ClimaCore.Topologies.IntervalTopology{ClimaComms.SingletonCommsContext{ClimaComms.CPUSingleThreaded}, ClimaCore.Meshes.IntervalMesh{ClimaCore.Meshes.Uniform, ClimaCore.Domains.IntervalDomain{ClimaCore.Geometry.ZPoint{Float32}, Tuple{Symbol, Symbol}}, LinRange{ClimaCore.Geometry.ZPoint{Float32}, Int64}, Nothing}, @NamedTuple{bottom::Int64, top::Int64}}, ClimaCore.Geometry.CartesianGlobalGeometry, ClimaCore.DataLayouts.VF{ClimaCore.Geometry.LocalGeometry{(3,), ClimaCore.Geometry.ZPoint{Float32}, Float32, ClimaCore.Geometry.Tensor{2, Float32, Tuple{ClimaCore.Geometry.Components{ClimaCore.Geometry.Orthonormal, (1, 2, 3)}, ClimaCore.Geometry.Components{ClimaCore.Geometry.Covariant, (1, 2, 3)}}, StaticArraysCore.SMatrix{3, 3, Float32, 9}}, ClimaCore.Geometry.Tensor{2, Float32, Tuple{ClimaCore.Geometry.Components{ClimaCore.Geometry.Contravariant, (1, 2, 3)}, ClimaCore.Geometry.Components{ClimaCore.Geometry.Contravariant, (1, 2, 3)}}, StaticArraysCore.SMatrix{3, 3, Float32, 9}}}, 90, Matrix{Float32}}, ClimaCore.DataLayouts.VF{ClimaCore.Geometry.LocalGeometry{(3,), ClimaCore.Geometry.ZPoint{Float32}, Float32, ClimaCore.Geometry.Tensor{2, Float32, Tuple{ClimaCore.Geometry.Components{ClimaCore.Geometry.Orthonormal, (1, 2, 3)}, ClimaCore.Geometry.Components{ClimaCore.Geometry.Covariant, (1, 2, 3)}}, StaticArraysCore.SMatrix{3, 3, Float32, 9}}, ClimaCore.Geometry.Tensor{2, Float32, Tuple{ClimaCore.Geometry.Components{ClimaCore.Geometry.Contravariant, (1, 2, 3)}, ClimaCore.Geometry.Components{ClimaCore.Geometry.Contravariant, (1, 2, 3)}}, StaticArraysCore.SMatrix{3, 3, Float32, 9}}}, 91, Matrix{Float32}}}, ClimaCore.Grids.CellCenter}}, ᶠtemp_UVW::ClimaCore.Fields.Field{ClimaCore.DataLayouts.VF{ClimaCore.Geometry.UVWVector{Float32}, 91, Matrix{Float32}}, ClimaCore.Spaces.FiniteDifferenceSpace{ClimaCore.Grids.FiniteDifferenceGrid{ClimaCore.Topologies.IntervalTopology{ClimaComms.SingletonCommsContext{ClimaComms.CPUSingleThreaded}, ClimaCore.Meshes.IntervalMesh{ClimaCore.Meshes.Uniform, ClimaCore.Domains.IntervalDomain{ClimaCore.Geometry.ZPoint{Float32}, Tuple{Symbol, Symbol}}, LinRange{ClimaCore.Geometry.ZPoint{Float32}, Int64}, Nothing}, @NamedTuple{bottom::Int64, top::Int64}}, ClimaCore.Geometry.CartesianGlobalGeometry, ClimaCore.DataLayouts.VF{ClimaCore.Geometry.LocalGeometry{(3,), ClimaCore.Geometry.ZPoint{Float32}, Float32, ClimaCore.Geometry.Tensor{2, Float32, Tuple{ClimaCore.Geometry.Components{ClimaCore.Geometry.Orthonormal, (1, 2, 3)}, ClimaCore.Geometry.Components{ClimaCore.Geometry.Covariant, (1, 2, 3)}}, StaticArraysCore.SMatrix{3, 3, Float32, 9}}, ClimaCore.Geometry.Tensor{2, Float32, Tuple{ClimaCore.Geometry.Components{ClimaCore.Geometry.Contravariant, (1, 2, 3)}, ClimaCore.Geometry.Components{ClimaCore.Geometry.Contravariant, (1, 2, 3)}}, StaticArraysCore.SMatrix{3, 3, Float32, 9}}}, 90, Matrix{Float32}}, ClimaCore.DataLayouts.VF{ClimaCore.Geometry.LocalGeometry{(3,), ClimaCore.Geometry.ZPoint{Float32}, Float32, ClimaCore.Geometry.Tensor{2, Float32, Tuple{ClimaCore.Geometry.Components{ClimaCore.Geometry.Orthonormal, (1, 2, 3)}, ClimaCore.Geometry.Components{ClimaCore.Geometry.Covariant, (1, 2, 3)}}, StaticArraysCore.SMatrix{3, 3, Float32, 9}}, ClimaCore.Geometry.Tensor{2, Float32, Tuple{ClimaCore.Geometry.Components{ClimaCore.Geometry.Contravariant, (1, 2, 3)}, ClimaCore.Geometry.Components{ClimaCore.Geometry.Contravariant, (1, 2, 3)}}, StaticArraysCore.SMatrix{3, 3, Float32, 9}}}, 91, Matrix{Float32}}}, ClimaCore.Grids.CellFace}}, ᶜtemp_UVWxUVW::ClimaCore.Fields.Field{ClimaCore.DataLayouts.VF{ClimaCore.Geometry.Tensor{2, Float32, Tuple{ClimaCore.Geometry.Components{ClimaCore.Geometry.Orthonormal, (1, 2, 3)}, ClimaCore.Geometry.Components{ClimaCore.Geometry.Orthonormal, (1, 2, 3)}}, StaticArraysCore.SMatrix{3, 3, Float32, 9}}, 90, Matrix{Float32}}, ClimaCore.Spaces.FiniteDifferenceSpace{ClimaCore.Grids.FiniteDifferenceGrid{ClimaCore.Topologies.IntervalTopology{ClimaComms.SingletonCommsContext{ClimaComms.CPUSingleThreaded}, ClimaCore.Meshes.IntervalMesh{ClimaCore.Meshes.Uniform, ClimaCore.Domains.IntervalDomain{ClimaCore.Geometry.ZPoint{Float32}, Tuple{Symbol, Symbol}}, LinRange{ClimaCore.Geometry.ZPoint{Float32}, Int64}, Nothing}, @NamedTuple{bottom::Int64, top::Int64}}, ClimaCore.Geometry.CartesianGlobalGeometry, ClimaCore.DataLayouts.VF{ClimaCore.Geometry.LocalGeometry{(3,), ClimaCore.Geometry.ZPoint{Float32}, Float32, ClimaCore.Geometry.Tensor{2, Float32, Tuple{ClimaCore.Geometry.Components{ClimaCore.Geometry.Orthonormal, (1, 2, 3)}, ClimaCore.Geometry.Components{ClimaCore.Geometry.Covariant, (1, 2, 3)}}, StaticArraysCore.SMatrix{3, 3, Float32, 9}}, ClimaCore.Geometry.Tensor{2, Float32, Tuple{ClimaCore.Geometry.Components{ClimaCore.Geometry.Contravariant, (1, 2, 3)}, ClimaCore.Geometry.Components{ClimaCore.Geometry.Contravariant, (1, 2, 3)}}, StaticArraysCore.SMatrix{3, 3, Float32, 9}}}, 90, Matrix{Float32}}, ClimaCore.DataLayouts.VF{ClimaCore.Geometry.LocalGeometry{(3,), ClimaCore.Geometry.ZPoint{Float32}, Float32, ClimaCore.Geometry.Tensor{2, Float32, Tuple{ClimaCore.Geometry.Components{ClimaCore.Geometry.Orthonormal, (1, 2, 3)}, ClimaCore.Geometry.Components{ClimaCore.Geometry.Covariant, (1, 2, 3)}}, StaticArraysCore.SMatrix{3, 3, Float32, 9}}, ClimaCore.Geometry.Tensor{2, Float32, Tuple{ClimaCore.Geometry.Components{ClimaCore.Geometry.Contravariant, (1, 2, 3)}, ClimaCore.Geometry.Components{ClimaCore.Geometry.Contravariant, (1, 2, 3)}}, StaticArraysCore.SMatrix{3, 3, Float32, 9}}}, 91, Matrix{Float32}}}, ClimaCore.Grids.CellCenter}}, ᶠtemp_UVWxUVW::ClimaCore.Fields.Field{ClimaCore.DataLayouts.VF{ClimaCore.Geometry.Tensor{2, Float32, Tuple{ClimaCore.Geometry.Components{ClimaCore.Geometry.Orthonormal, (1, 2, 3)}, ClimaCore.Geometry.Components{ClimaCore.Geometry.Orthonormal, (1, 2, 3)}}, StaticArraysCore.SMatrix{3, 3, Float32, 9}}, 91, Matrix{Float32}}, ClimaCore.Spaces.FiniteDifferenceSpace{ClimaCore.Grids.FiniteDifferenceGrid{ClimaCore.Topologies.IntervalTopology{ClimaComms.SingletonCommsContext{ClimaComms.CPUSingleThreaded}, ClimaCore.Meshes.IntervalMesh{ClimaCore.Meshes.Uniform, ClimaCore.Domains.IntervalDomain{ClimaCore.Geometry.ZPoint{Float32}, Tuple{Symbol, Symbol}}, LinRange{ClimaCore.Geometry.ZPoint{Float32}, Int64}, Nothing}, @NamedTuple{bottom::Int64, top::Int64}}, ClimaCore.Geometry.CartesianGlobalGeometry, ClimaCore.DataLayouts.VF{ClimaCore.Geometry.LocalGeometry{(3,), ClimaCore.Geometry.ZPoint{Float32}, Float32, ClimaCore.Geometry.Tensor{2, Float32, Tuple{ClimaCore.Geometry.Components{ClimaCore.Geometry.Orthonormal, (1, 2, 3)}, ClimaCore.Geometry.Components{ClimaCore.Geometry.Covariant, (1, 2, 3)}}, StaticArraysCore.SMatrix{3, 3, Float32, 9}}, ClimaCore.Geometry.Tensor{2, Float32, Tuple{ClimaCore.Geometry.Components{ClimaCore.Geometry.Contravariant, (1, 2, 3)}, ClimaCore.Geometry.Components{ClimaCore.Geometry.Contravariant, (1, 2, 3)}}, StaticArraysCore.SMatrix{3, 3, Float32, 9}}}, 90, Matrix{Float32}}, ClimaCore.DataLayouts.VF{ClimaCore.Geometry.LocalGeometry{(3,), ClimaCore.Geometry.ZPoint{Float32}, Float32, ClimaCore.Geometry.Tensor{2, Float32, Tuple{ClimaCore.Geometry.Components{ClimaCore.Geometry.Orthonormal, (1, 2, 3)}, ClimaCore.Geometry.Components{ClimaCore.Geometry.Covariant, (1, 2, 3)}}, StaticArraysCore.SMatrix{3, 3, Float32, 9}}, ClimaCore.Geometry.Tensor{2, Float32, Tuple{ClimaCore.Geometry.Components{ClimaCore.Geometry.Contravariant, (1, 2, 3)}, ClimaCore.Geometry.Components{ClimaCore.Geometry.Contravariant, (1, 2, 3)}}, StaticArraysCore.SMatrix{3, 3, Float32, 9}}}, 91, Matrix{Float32}}}, ClimaCore.Grids.CellFace}}, ᶜtemp_strain::ClimaCore.Fields.Field{ClimaCore.DataLayouts.VF{ClimaCore.Geometry.Tensor{2, Float32, Tuple{ClimaCore.Geometry.Components{ClimaCore.Geometry.Orthonormal, (1, 2, 3)}, ClimaCore.Geometry.Components{ClimaCore.Geometry.Orthonormal, (1, 2, 3)}}, StaticArraysCore.SMatrix{3, 3, Float32, 9}}, 90, Matrix{Float32}}, ClimaCore.Spaces.FiniteDifferenceSpace{ClimaCore.Grids.FiniteDifferenceGrid{ClimaCore.Topologies.IntervalTopology{ClimaComms.SingletonCommsContext{ClimaComms.CPUSingleThreaded}, ClimaCore.Meshes.IntervalMesh{ClimaCore.Meshes.Uniform, ClimaCore.Domains.IntervalDomain{ClimaCore.Geometry.ZPoint{Float32}, Tuple{Symbol, Symbol}}, LinRange{ClimaCore.Geometry.ZPoint{Float32}, Int64}, Nothing}, @NamedTuple{bottom::Int64, top::Int64}}, ClimaCore.Geometry.CartesianGlobalGeometry, ClimaCore.DataLayouts.VF{ClimaCore.Geometry.LocalGeometry{(3,), ClimaCore.Geometry.ZPoint{Float32}, Float32, ClimaCore.Geometry.Tensor{2, Float32, Tuple{ClimaCore.Geometry.Components{ClimaCore.Geometry.Orthonormal, (1, 2, 3)}, ClimaCore.Geometry.Components{ClimaCore.Geometry.Covariant, (1, 2, 3)}}, StaticArraysCore.SMatrix{3, 3, Float32, 9}}, ClimaCore.Geometry.Tensor{2, Float32, Tuple{ClimaCore.Geometry.Components{ClimaCore.Geometry.Contravariant, (1, 2, 3)}, ClimaCore.Geometry.Components{ClimaCore.Geometry.Contravariant, (1, 2, 3)}}, StaticArraysCore.SMatrix{3, 3, Float32, 9}}}, 90, Matrix{Float32}}, ClimaCore.DataLayouts.VF{ClimaCore.Geometry.LocalGeometry{(3,), ClimaCore.Geometry.ZPoint{Float32}, Float32, ClimaCore.Geometry.Tensor{2, Float32, Tuple{ClimaCore.Geometry.Components{ClimaCore.Geometry.Orthonormal, (1, 2, 3)}, ClimaCore.Geometry.Components{ClimaCore.Geometry.Covariant, (1, 2, 3)}}, StaticArraysCore.SMatrix{3, 3, Float32, 9}}, ClimaCore.Geometry.Tensor{2, Float32, Tuple{ClimaCore.Geometry.Components{ClimaCore.Geometry.Contravariant, (1, 2, 3)}, ClimaCore.Geometry.Components{ClimaCore.Geometry.Contravariant, (1, 2, 3)}}, StaticArraysCore.SMatrix{3, 3, Float32, 9}}}, 91, Matrix{Float32}}}, ClimaCore.Grids.CellCenter}}, ᶠtemp_strain::ClimaCore.Fields.Field{ClimaCore.DataLayouts.VF{ClimaCore.Geometry.Tensor{2, Float32, Tuple{ClimaCore.Geometry.Components{ClimaCore.Geometry.Orthonormal, (1, 2, 3)}, ClimaCore.Geometry.Components{ClimaCore.Geometry.Orthonormal, (1, 2, 3)}}, StaticArraysCore.SMatrix{3, 3, Float32, 9}}, 91, Matrix{Float32}}, ClimaCore.Spaces.FiniteDifferenceSpace{ClimaCore.Grids.FiniteDifferenceGrid{ClimaCore.Topologies.IntervalTopology{ClimaComms.SingletonCommsContext{ClimaComms.CPUSingleThreaded}, ClimaCore.Meshes.IntervalMesh{ClimaCore.Meshes.Uniform, ClimaCore.Domains.IntervalDomain{ClimaCore.Geometry.ZPoint{Float32}, Tuple{Symbol, Symbol}}, LinRange{ClimaCore.Geometry.ZPoint{Float32}, Int64}, Nothing}, @NamedTuple{bottom::Int64, top::Int64}}, ClimaCore.Geometry.CartesianGlobalGeometry, ClimaCore.DataLayouts.VF{ClimaCore.Geometry.LocalGeometry{(3,), ClimaCore.Geometry.ZPoint{Float32}, Float32, ClimaCore.Geometry.Tensor{2, Float32, Tuple{ClimaCore.Geometry.Components{ClimaCore.Geometry.Orthonormal, (1, 2, 3)}, ClimaCore.Geometry.Components{ClimaCore.Geometry.Covariant, (1, 2, 3)}}, StaticArraysCore.SMatrix{3, 3, Float32, 9}}, ClimaCore.Geometry.Tensor{2, Float32, Tuple{ClimaCore.Geometry.Components{ClimaCore.Geometry.Contravariant, (1, 2, 3)}, ClimaCore.Geometry.Components{ClimaCore.Geometry.Contravariant, (1, 2, 3)}}, StaticArraysCore.SMatrix{3, 3, Float32, 9}}}, 90, Matrix{Float32}}, ClimaCore.DataLayouts.VF{ClimaCore.Geometry.LocalGeometry{(3,), ClimaCore.Geometry.ZPoint{Float32}, Float32, ClimaCore.Geometry.Tensor{2, Float32, Tuple{ClimaCore.Geometry.Components{ClimaCore.Geometry.Orthonormal, (1, 2, 3)}, ClimaCore.Geometry.Components{ClimaCore.Geometry.Covariant, (1, 2, 3)}}, StaticArraysCore.SMatrix{3, 3, Float32, 9}}, ClimaCore.Geometry.Tensor{2, Float32, Tuple{ClimaCore.Geometry.Components{ClimaCore.Geometry.Contravariant, (1, 2, 3)}, ClimaCore.Geometry.Components{ClimaCore.Geometry.Contravariant, (1, 2, 3)}}, StaticArraysCore.SMatrix{3, 3, Float32, 9}}}, 91, Matrix{Float32}}}, ClimaCore.Grids.CellFace}}, sfc_temp_C3::ClimaCore.Fields.Field{ClimaCore.DataLayouts.DataF{ClimaCore.Geometry.Covariant3Vector{Float32}, Vector{Float32}}, ClimaCore.Spaces.PointSpace{ClimaComms.SingletonCommsContext{ClimaComms.CPUSingleThreaded}, ClimaCore.DataLayouts.DataF{ClimaCore.Geometry.LocalGeometry{(3,), ClimaCore.Geometry.ZPoint{Float32}, Float32, ClimaCore.Geometry.Tensor{2, Float32, Tuple{ClimaCore.Geometry.Components{ClimaCore.Geometry.Orthonormal, (1, 2, 3)}, ClimaCore.Geometry.Components{ClimaCore.Geometry.Covariant, (1, 2, 3)}}, StaticArraysCore.SMatrix{3, 3, Float32, 9}}, ClimaCore.Geometry.Tensor{2, Float32, Tuple{ClimaCore.Geometry.Components{ClimaCore.Geometry.Contravariant, (1, 2, 3)}, ClimaCore.Geometry.Components{ClimaCore.Geometry.Contravariant, (1, 2, 3)}}, StaticArraysCore.SMatrix{3, 3, Float32, 9}}}, SubArray{Float32, 1, Matrix{Float32}, Tuple{Int64, Base.Slice{Base.OneTo{Int64}}}, true}}}}, ∂ᶜK_∂ᶜuₕ::ClimaCore.Fields.Field{ClimaCore.DataLayouts.VF{ClimaCore.MatrixFields.DiagonalMatrixRow{ClimaCore.Geometry.Tensor{2, Float32, Tuple{ClimaCore.Geometry.Components{ClimaCore.Geometry.OneScalar, (nothing,)}, ClimaCore.Geometry.Components{ClimaCore.Geometry.Contravariant, (1, 2)}}, LinearAlgebra.Adjoint{Float32, StaticArraysCore.SVector{2, Float32}}}}, 90, Matrix{Float32}}, ClimaCore.Spaces.FiniteDifferenceSpace{ClimaCore.Grids.FiniteDifferenceGrid{ClimaCore.Topologies.IntervalTopology{ClimaComms.SingletonCommsContext{ClimaComms.CPUSingleThreaded}, ClimaCore.Meshes.IntervalMesh{ClimaCore.Meshes.Uniform, ClimaCore.Domains.IntervalDomain{ClimaCore.Geometry.ZPoint{Float32}, Tuple{Symbol, Symbol}}, LinRange{ClimaCore.Geometry.ZPoint{Float32}, Int64}, Nothing}, @NamedTuple{bottom::Int64, top::Int64}}, ClimaCore.Geometry.CartesianGlobalGeometry, ClimaCore.DataLayouts.VF{ClimaCore.Geometry.LocalGeometry{(3,), ClimaCore.Geometry.ZPoint{Float32}, Float32, ClimaCore.Geometry.Tensor{2, Float32, Tuple{ClimaCore.Geometry.Components{ClimaCore.Geometry.Orthonormal, (1, 2, 3)}, ClimaCore.Geometry.Components{ClimaCore.Geometry.Covariant, (1, 2, 3)}}, StaticArraysCore.SMatrix{3, 3, Float32, 9}}, ClimaCore.Geometry.Tensor{2, Float32, Tuple{ClimaCore.Geometry.Components{ClimaCore.Geometry.Contravariant, (1, 2, 3)}, ClimaCore.Geometry.Components{ClimaCore.Geometry.Contravariant, (1, 2, 3)}}, StaticArraysCore.SMatrix{3, 3, Float32, 9}}}, 90, Matrix{Float32}}, ClimaCore.DataLayouts.VF{ClimaCore.Geometry.LocalGeometry{(3,), ClimaCore.Geometry.ZPoint{Float32}, Float32, ClimaCore.Geometry.Tensor{2, Float32, Tuple{ClimaCore.Geometry.Components{ClimaCore.Geometry.Orthonormal, (1, 2, 3)}, ClimaCore.Geometry.Components{ClimaCore.Geometry.Covariant, (1, 2, 3)}}, StaticArraysCore.SMatrix{3, 3, Float32, 9}}, ClimaCore.Geometry.Tensor{2, Float32, Tuple{ClimaCore.Geometry.Components{ClimaCore.Geometry.Contravariant, (1, 2, 3)}, ClimaCore.Geometry.Components{ClimaCore.Geometry.Contravariant, (1, 2, 3)}}, StaticArraysCore.SMatrix{3, 3, Float32, 9}}}, 91, Matrix{Float32}}}, ClimaCore.Grids.CellCenter}}, ∂ᶜK_∂ᶠu₃::ClimaCore.Fields.Field{ClimaCore.DataLayouts.VF{ClimaCore.MatrixFields.BidiagonalMatrixRow{ClimaCore.Geometry.Tensor{2, Float32, Tuple{ClimaCore.Geometry.Components{ClimaCore.Geometry.OneScalar, (nothing,)}, ClimaCore.Geometry.Components{ClimaCore.Geometry.Contravariant, (3,)}}, LinearAlgebra.Adjoint{Float32, StaticArraysCore.SVector{1, Float32}}}}, 90, Matrix{Float32}}, ClimaCore.Spaces.FiniteDifferenceSpace{ClimaCore.Grids.FiniteDifferenceGrid{ClimaCore.Topologies.IntervalTopology{ClimaComms.SingletonCommsContext{ClimaComms.CPUSingleThreaded}, ClimaCore.Meshes.IntervalMesh{ClimaCore.Meshes.Uniform, ClimaCore.Domains.IntervalDomain{ClimaCore.Geometry.ZPoint{Float32}, Tuple{Symbol, Symbol}}, LinRange{ClimaCore.Geometry.ZPoint{Float32}, Int64}, Nothing}, @NamedTuple{bottom::Int64, top::Int64}}, ClimaCore.Geometry.CartesianGlobalGeometry, ClimaCore.DataLayouts.VF{ClimaCore.Geometry.LocalGeometry{(3,), ClimaCore.Geometry.ZPoint{Float32}, Float32, ClimaCore.Geometry.Tensor{2, Float32, Tuple{ClimaCore.Geometry.Components{ClimaCore.Geometry.Orthonormal, (1, 2, 3)}, ClimaCore.Geometry.Components{ClimaCore.Geometry.Covariant, (1, 2, 3)}}, StaticArraysCore.SMatrix{3, 3, Float32, 9}}, ClimaCore.Geometry.Tensor{2, Float32, Tuple{ClimaCore.Geometry.Components{ClimaCore.Geometry.Contravariant, (1, 2, 3)}, ClimaCore.Geometry.Components{ClimaCore.Geometry.Contravariant, (1, 2, 3)}}, StaticArraysCore.SMatrix{3, 3, Float32, 9}}}, 90, Matrix{Float32}}, ClimaCore.DataLayouts.VF{ClimaCore.Geometry.LocalGeometry{(3,), ClimaCore.Geometry.ZPoint{Float32}, Float32, ClimaCore.Geometry.Tensor{2, Float32, Tuple{ClimaCore.Geometry.Components{ClimaCore.Geometry.Orthonormal, (1, 2, 3)}, ClimaCore.Geometry.Components{ClimaCore.Geometry.Covariant, (1, 2, 3)}}, StaticArraysCore.SMatrix{3, 3, Float32, 9}}, ClimaCore.Geometry.Tensor{2, Float32, Tuple{ClimaCore.Geometry.Components{ClimaCore.Geometry.Contravariant, (1, 2, 3)}, ClimaCore.Geometry.Components{ClimaCore.Geometry.Contravariant, (1, 2, 3)}}, StaticArraysCore.SMatrix{3, 3, Float32, 9}}}, 91, Matrix{Float32}}}, ClimaCore.Grids.CellCenter}}, ᶠp_grad_matrix::ClimaCore.Fields.Field{ClimaCore.DataLayouts.VF{ClimaCore.MatrixFields.BidiagonalMatrixRow{ClimaCore.Geometry.Covariant3Vector{Float32}}, 91, Matrix{Float32}}, ClimaCore.Spaces.FiniteDifferenceSpace{ClimaCore.Grids.FiniteDifferenceGrid{ClimaCore.Topologies.IntervalTopology{ClimaComms.SingletonCommsContext{ClimaComms.CPUSingleThreaded}, ClimaCore.Meshes.IntervalMesh{ClimaCore.Meshes.Uniform, ClimaCore.Domains.IntervalDomain{ClimaCore.Geometry.ZPoint{Float32}, Tuple{Symbol, Symbol}}, LinRange{ClimaCore.Geometry.ZPoint{Float32}, Int64}, Nothing}, @NamedTuple{bottom::Int64, top::Int64}}, ClimaCore.Geometry.CartesianGlobalGeometry, ClimaCore.DataLayouts.VF{ClimaCore.Geometry.LocalGeometry{(3,), ClimaCore.Geometry.ZPoint{Float32}, Float32, ClimaCore.Geometry.Tensor{2, Float32, Tuple{ClimaCore.Geometry.Components{ClimaCore.Geometry.Orthonormal, (1, 2, 3)}, ClimaCore.Geometry.Components{ClimaCore.Geometry.Covariant, (1, 2, 3)}}, StaticArraysCore.SMatrix{3, 3, Float32, 9}}, ClimaCore.Geometry.Tensor{2, Float32, Tuple{ClimaCore.Geometry.Components{ClimaCore.Geometry.Contravariant, (1, 2, 3)}, ClimaCore.Geometry.Components{ClimaCore.Geometry.Contravariant, (1, 2, 3)}}, StaticArraysCore.SMatrix{3, 3, Float32, 9}}}, 90, Matrix{Float32}}, ClimaCore.DataLayouts.VF{ClimaCore.Geometry.LocalGeometry{(3,), ClimaCore.Geometry.ZPoint{Float32}, Float32, ClimaCore.Geometry.Tensor{2, Float32, Tuple{ClimaCore.Geometry.Components{ClimaCore.Geometry.Orthonormal, (1, 2, 3)}, ClimaCore.Geometry.Components{ClimaCore.Geometry.Covariant, (1, 2, 3)}}, StaticArraysCore.SMatrix{3, 3, Float32, 9}}, ClimaCore.Geometry.Tensor{2, Float32, Tuple{ClimaCore.Geometry.Components{ClimaCore.Geometry.Contravariant, (1, 2, 3)}, ClimaCore.Geometry.Components{ClimaCore.Geometry.Contravariant, (1, 2, 3)}}, StaticArraysCore.SMatrix{3, 3, Float32, 9}}}, 91, Matrix{Float32}}}, ClimaCore.Grids.CellFace}}, ᶠbidiagonal_matrix_ct3::ClimaCore.Fields.Field{ClimaCore.DataLayouts.VF{ClimaCore.MatrixFields.BidiagonalMatrixRow{ClimaCore.Geometry.Contravariant3Vector{Float32}}, 91, Matrix{Float32}}, ClimaCore.Spaces.FiniteDifferenceSpace{ClimaCore.Grids.FiniteDifferenceGrid{ClimaCore.Topologies.IntervalTopology{ClimaComms.SingletonCommsContext{ClimaComms.CPUSingleThreaded}, ClimaCore.Meshes.IntervalMesh{ClimaCore.Meshes.Uniform, ClimaCore.Domains.IntervalDomain{ClimaCore.Geometry.ZPoint{Float32}, Tuple{Symbol, Symbol}}, LinRange{ClimaCore.Geometry.ZPoint{Float32}, Int64}, Nothing}, @NamedTuple{bottom::Int64, top::Int64}}, ClimaCore.Geometry.CartesianGlobalGeometry, ClimaCore.DataLayouts.VF{ClimaCore.Geometry.LocalGeometry{(3,), ClimaCore.Geometry.ZPoint{Float32}, Float32, ClimaCore.Geometry.Tensor{2, Float32, Tuple{ClimaCore.Geometry.Components{ClimaCore.Geometry.Orthonormal, (1, 2, 3)}, ClimaCore.Geometry.Components{ClimaCore.Geometry.Covariant, (1, 2, 3)}}, StaticArraysCore.SMatrix{3, 3, Float32, 9}}, ClimaCore.Geometry.Tensor{2, Float32, Tuple{ClimaCore.Geometry.Components{ClimaCore.Geometry.Contravariant, (1, 2, 3)}, ClimaCore.Geometry.Components{ClimaCore.Geometry.Contravariant, (1, 2, 3)}}, StaticArraysCore.SMatrix{3, 3, Float32, 9}}}, 90, Matrix{Float32}}, ClimaCore.DataLayouts.VF{ClimaCore.Geometry.LocalGeometry{(3,), ClimaCore.Geometry.ZPoint{Float32}, Float32, ClimaCore.Geometry.Tensor{2, Float32, Tuple{ClimaCore.Geometry.Components{ClimaCore.Geometry.Orthonormal, (1, 2, 3)}, ClimaCore.Geometry.Components{ClimaCore.Geometry.Covariant, (1, 2, 3)}}, StaticArraysCore.SMatrix{3, 3, Float32, 9}}, ClimaCore.Geometry.Tensor{2, Float32, Tuple{ClimaCore.Geometry.Components{ClimaCore.Geometry.Contravariant, (1, 2, 3)}, ClimaCore.Geometry.Components{ClimaCore.Geometry.Contravariant, (1, 2, 3)}}, StaticArraysCore.SMatrix{3, 3, Float32, 9}}}, 91, Matrix{Float32}}}, ClimaCore.Grids.CellFace}}, ᶠband_matrix_wvec::ClimaCore.Fields.Field{ClimaCore.DataLayouts.VF{ClimaCore.MatrixFields.BandMatrixRow{ClimaCore.Utilities.PlusHalf{Int64}(0), 1, ClimaCore.Geometry.WVector{Float32}}, 91, Matrix{Float32}}, ClimaCore.Spaces.FiniteDifferenceSpace{ClimaCore.Grids.FiniteDifferenceGrid{ClimaCore.Topologies.IntervalTopology{ClimaComms.SingletonCommsContext{ClimaComms.CPUSingleThreaded}, ClimaCore.Meshes.IntervalMesh{ClimaCore.Meshes.Uniform, ClimaCore.Domains.IntervalDomain{ClimaCore.Geometry.ZPoint{Float32}, Tuple{Symbol, Symbol}}, LinRange{ClimaCore.Geometry.ZPoint{Float32}, Int64}, Nothing}, @NamedTuple{bottom::Int64, top::Int64}}, ClimaCore.Geometry.CartesianGlobalGeometry, ClimaCore.DataLayouts.VF{ClimaCore.Geometry.LocalGeometry{(3,), ClimaCore.Geometry.ZPoint{Float32}, Float32, ClimaCore.Geometry.Tensor{2, Float32, Tuple{ClimaCore.Geometry.Components{ClimaCore.Geometry.Orthonormal, (1, 2, 3)}, ClimaCore.Geometry.Components{ClimaCore.Geometry.Covariant, (1, 2, 3)}}, StaticArraysCore.SMatrix{3, 3, Float32, 9}}, ClimaCore.Geometry.Tensor{2, Float32, Tuple{ClimaCore.Geometry.Components{ClimaCore.Geometry.Contravariant, (1, 2, 3)}, ClimaCore.Geometry.Components{ClimaCore.Geometry.Contravariant, (1, 2, 3)}}, StaticArraysCore.SMatrix{3, 3, Float32, 9}}}, 90, Matrix{Float32}}, ClimaCore.DataLayouts.VF{ClimaCore.Geometry.LocalGeometry{(3,), ClimaCore.Geometry.ZPoint{Float32}, Float32, ClimaCore.Geometry.Tensor{2, Float32, Tuple{ClimaCore.Geometry.Components{ClimaCore.Geometry.Orthonormal, (1, 2, 3)}, ClimaCore.Geometry.Components{ClimaCore.Geometry.Covariant, (1, 2, 3)}}, StaticArraysCore.SMatrix{3, 3, Float32, 9}}, ClimaCore.Geometry.Tensor{2, Float32, Tuple{ClimaCore.Geometry.Components{ClimaCore.Geometry.Contravariant, (1, 2, 3)}, ClimaCore.Geometry.Components{ClimaCore.Geometry.Contravariant, (1, 2, 3)}}, StaticArraysCore.SMatrix{3, 3, Float32, 9}}}, 91, Matrix{Float32}}}, ClimaCore.Grids.CellFace}}, ᶠsed_tracer_advection::ClimaCore.Fields.Field{ClimaCore.DataLayouts.VF{ClimaCore.MatrixFields.BandMatrixRow{ClimaCore.Utilities.PlusHalf{Int64}(0), 1, ClimaCore.Geometry.WVector{Float32}}, 91, Matrix{Float32}}, ClimaCore.Spaces.FiniteDifferenceSpace{ClimaCore.Grids.FiniteDifferenceGrid{ClimaCore.Topologies.IntervalTopology{ClimaComms.SingletonCommsContext{ClimaComms.CPUSingleThreaded}, ClimaCore.Meshes.IntervalMesh{ClimaCore.Meshes.Uniform, ClimaCore.Domains.IntervalDomain{ClimaCore.Geometry.ZPoint{Float32}, Tuple{Symbol, Symbol}}, LinRange{ClimaCore.Geometry.ZPoint{Float32}, Int64}, Nothing}, @NamedTuple{bottom::Int64, top::Int64}}, ClimaCore.Geometry.CartesianGlobalGeometry, ClimaCore.DataLayouts.VF{ClimaCore.Geometry.LocalGeometry{(3,), ClimaCore.Geometry.ZPoint{Float32}, Float32, ClimaCore.Geometry.Tensor{2, Float32, Tuple{ClimaCore.Geometry.Components{ClimaCore.Geometry.Orthonormal, (1, 2, 3)}, ClimaCore.Geometry.Components{ClimaCore.Geometry.Covariant, (1, 2, 3)}}, StaticArraysCore.SMatrix{3, 3, Float32, 9}}, ClimaCore.Geometry.Tensor{2, Float32, Tuple{ClimaCore.Geometry.Components{ClimaCore.Geometry.Contravariant, (1, 2, 3)}, ClimaCore.Geometry.Components{ClimaCore.Geometry.Contravariant, (1, 2, 3)}}, StaticArraysCore.SMatrix{3, 3, Float32, 9}}}, 90, Matrix{Float32}}, ClimaCore.DataLayouts.VF{ClimaCore.Geometry.LocalGeometry{(3,), ClimaCore.Geometry.ZPoint{Float32}, Float32, ClimaCore.Geometry.Tensor{2, Float32, Tuple{ClimaCore.Geometry.Components{ClimaCore.Geometry.Orthonormal, (1, 2, 3)}, ClimaCore.Geometry.Components{ClimaCore.Geometry.Covariant, (1, 2, 3)}}, StaticArraysCore.SMatrix{3, 3, Float32, 9}}, ClimaCore.Geometry.Tensor{2, Float32, Tuple{ClimaCore.Geometry.Components{ClimaCore.Geometry.Contravariant, (1, 2, 3)}, ClimaCore.Geometry.Components{ClimaCore.Geometry.Contravariant, (1, 2, 3)}}, StaticArraysCore.SMatrix{3, 3, Float32, 9}}}, 91, Matrix{Float32}}}, ClimaCore.Grids.CellFace}}, ᶜtracer_advection_matrix::ClimaCore.Fields.Field{ClimaCore.DataLayouts.VF{ClimaCore.MatrixFields.BidiagonalMatrixRow{ClimaCore.Geometry.Tensor{2, Float32, Tuple{ClimaCore.Geometry.Components{ClimaCore.Geometry.OneScalar, (nothing,)}, ClimaCore.Geometry.Components{ClimaCore.Geometry.Covariant, (3,)}}, LinearAlgebra.Adjoint{Float32, StaticArraysCore.SVector{1, Float32}}}}, 90, Matrix{Float32}}, ClimaCore.Spaces.FiniteDifferenceSpace{ClimaCore.Grids.FiniteDifferenceGrid{ClimaCore.Topologies.IntervalTopology{ClimaComms.SingletonCommsContext{ClimaComms.CPUSingleThreaded}, ClimaCore.Meshes.IntervalMesh{ClimaCore.Meshes.Uniform, ClimaCore.Domains.IntervalDomain{ClimaCore.Geometry.ZPoint{Float32}, Tuple{Symbol, Symbol}}, LinRange{ClimaCore.Geometry.ZPoint{Float32}, Int64}, Nothing}, @NamedTuple{bottom::Int64, top::Int64}}, ClimaCore.Geometry.CartesianGlobalGeometry, ClimaCore.DataLayouts.VF{ClimaCore.Geometry.LocalGeometry{(3,), ClimaCore.Geometry.ZPoint{Float32}, Float32, ClimaCore.Geometry.Tensor{2, Float32, Tuple{ClimaCore.Geometry.Components{ClimaCore.Geometry.Orthonormal, (1, 2, 3)}, ClimaCore.Geometry.Components{ClimaCore.Geometry.Covariant, (1, 2, 3)}}, StaticArraysCore.SMatrix{3, 3, Float32, 9}}, ClimaCore.Geometry.Tensor{2, Float32, Tuple{ClimaCore.Geometry.Components{ClimaCore.Geometry.Contravariant, (1, 2, 3)}, ClimaCore.Geometry.Components{ClimaCore.Geometry.Contravariant, (1, 2, 3)}}, StaticArraysCore.SMatrix{3, 3, Float32, 9}}}, 90, Matrix{Float32}}, ClimaCore.DataLayouts.VF{ClimaCore.Geometry.LocalGeometry{(3,), ClimaCore.Geometry.ZPoint{Float32}, Float32, ClimaCore.Geometry.Tensor{2, Float32, Tuple{ClimaCore.Geometry.Components{ClimaCore.Geometry.Orthonormal, (1, 2, 3)}, ClimaCore.Geometry.Components{ClimaCore.Geometry.Covariant, (1, 2, 3)}}, StaticArraysCore.SMatrix{3, 3, Float32, 9}}, ClimaCore.Geometry.Tensor{2, Float32, Tuple{ClimaCore.Geometry.Components{ClimaCore.Geometry.Contravariant, (1, 2, 3)}, ClimaCore.Geometry.Components{ClimaCore.Geometry.Contravariant, (1, 2, 3)}}, StaticArraysCore.SMatrix{3, 3, Float32, 9}}}, 91, Matrix{Float32}}}, ClimaCore.Grids.CellCenter}}, ᶠbidiagonal_matrix_ct3_2::ClimaCore.Fields.Field{ClimaCore.DataLayouts.VF{ClimaCore.MatrixFields.BidiagonalMatrixRow{ClimaCore.Geometry.Contravariant3Vector{Float32}}, 91, Matrix{Float32}}, ClimaCore.Spaces.FiniteDifferenceSpace{ClimaCore.Grids.FiniteDifferenceGrid{ClimaCore.Topologies.IntervalTopology{ClimaComms.SingletonCommsContext{ClimaComms.CPUSingleThreaded}, ClimaCore.Meshes.IntervalMesh{ClimaCore.Meshes.Uniform, ClimaCore.Domains.IntervalDomain{ClimaCore.Geometry.ZPoint{Float32}, Tuple{Symbol, Symbol}}, LinRange{ClimaCore.Geometry.ZPoint{Float32}, Int64}, Nothing}, @NamedTuple{bottom::Int64, top::Int64}}, ClimaCore.Geometry.CartesianGlobalGeometry, ClimaCore.DataLayouts.VF{ClimaCore.Geometry.LocalGeometry{(3,), ClimaCore.Geometry.ZPoint{Float32}, Float32, ClimaCore.Geometry.Tensor{2, Float32, Tuple{ClimaCore.Geometry.Components{ClimaCore.Geometry.Orthonormal, (1, 2, 3)}, ClimaCore.Geometry.Components{ClimaCore.Geometry.Covariant, (1, 2, 3)}}, StaticArraysCore.SMatrix{3, 3, Float32, 9}}, ClimaCore.Geometry.Tensor{2, Float32, Tuple{ClimaCore.Geometry.Components{ClimaCore.Geometry.Contravariant, (1, 2, 3)}, ClimaCore.Geometry.Components{ClimaCore.Geometry.Contravariant, (1, 2, 3)}}, StaticArraysCore.SMatrix{3, 3, Float32, 9}}}, 90, Matrix{Float32}}, ClimaCore.DataLayouts.VF{ClimaCore.Geometry.LocalGeometry{(3,), ClimaCore.Geometry.ZPoint{Float32}, Float32, ClimaCore.Geometry.Tensor{2, Float32, Tuple{ClimaCore.Geometry.Components{ClimaCore.Geometry.Orthonormal, (1, 2, 3)}, ClimaCore.Geometry.Components{ClimaCore.Geometry.Covariant, (1, 2, 3)}}, StaticArraysCore.SMatrix{3, 3, Float32, 9}}, ClimaCore.Geometry.Tensor{2, Float32, Tuple{ClimaCore.Geometry.Components{ClimaCore.Geometry.Contravariant, (1, 2, 3)}, ClimaCore.Geometry.Components{ClimaCore.Geometry.Contravariant, (1, 2, 3)}}, StaticArraysCore.SMatrix{3, 3, Float32, 9}}}, 91, Matrix{Float32}}}, ClimaCore.Grids.CellFace}}, ᶠbidiagonal_matrix_ct3xct12::ClimaCore.Fields.Field{ClimaCore.DataLayouts.VF{ClimaCore.MatrixFields.BidiagonalMatrixRow{ClimaCore.Geometry.Tensor{2, Float32, Tuple{ClimaCore.Geometry.Components{ClimaCore.Geometry.Contravariant, (3,)}, ClimaCore.Geometry.Components{ClimaCore.Geometry.Contravariant, (1, 2)}}, StaticArraysCore.SMatrix{1, 2, Float32, 2}}}, 91, Matrix{Float32}}, ClimaCore.Spaces.FiniteDifferenceSpace{ClimaCore.Grids.FiniteDifferenceGrid{ClimaCore.Topologies.IntervalTopology{ClimaComms.SingletonCommsContext{ClimaComms.CPUSingleThreaded}, ClimaCore.Meshes.IntervalMesh{ClimaCore.Meshes.Uniform, ClimaCore.Domains.IntervalDomain{ClimaCore.Geometry.ZPoint{Float32}, Tuple{Symbol, Symbol}}, LinRange{ClimaCore.Geometry.ZPoint{Float32}, Int64}, Nothing}, @NamedTuple{bottom::Int64, top::Int64}}, ClimaCore.Geometry.CartesianGlobalGeometry, ClimaCore.DataLayouts.VF{ClimaCore.Geometry.LocalGeometry{(3,), ClimaCore.Geometry.ZPoint{Float32}, Float32, ClimaCore.Geometry.Tensor{2, Float32, Tuple{ClimaCore.Geometry.Components{ClimaCore.Geometry.Orthonormal, (1, 2, 3)}, ClimaCore.Geometry.Components{ClimaCore.Geometry.Covariant, (1, 2, 3)}}, StaticArraysCore.SMatrix{3, 3, Float32, 9}}, ClimaCore.Geometry.Tensor{2, Float32, Tuple{ClimaCore.Geometry.Components{ClimaCore.Geometry.Contravariant, (1, 2, 3)}, ClimaCore.Geometry.Components{ClimaCore.Geometry.Contravariant, (1, 2, 3)}}, StaticArraysCore.SMatrix{3, 3, Float32, 9}}}, 90, Matrix{Float32}}, ClimaCore.DataLayouts.VF{ClimaCore.Geometry.LocalGeometry{(3,), ClimaCore.Geometry.ZPoint{Float32}, Float32, ClimaCore.Geometry.Tensor{2, Float32, Tuple{ClimaCore.Geometry.Components{ClimaCore.Geometry.Orthonormal, (1, 2, 3)}, ClimaCore.Geometry.Components{ClimaCore.Geometry.Covariant, (1, 2, 3)}}, StaticArraysCore.SMatrix{3, 3, Float32, 9}}, ClimaCore.Geometry.Tensor{2, Float32, Tuple{ClimaCore.Geometry.Components{ClimaCore.Geometry.Contravariant, (1, 2, 3)}, ClimaCore.Geometry.Components{ClimaCore.Geometry.Contravariant, (1, 2, 3)}}, StaticArraysCore.SMatrix{3, 3, Float32, 9}}}, 91, Matrix{Float32}}}, ClimaCore.Grids.CellFace}}, ᶜadvection_matrix::ClimaCore.Fields.Field{ClimaCore.DataLayouts.VF{ClimaCore.MatrixFields.BidiagonalMatrixRow{ClimaCore.Geometry.Tensor{2, Float32, Tuple{ClimaCore.Geometry.Components{ClimaCore.Geometry.OneScalar, (nothing,)}, ClimaCore.Geometry.Components{ClimaCore.Geometry.Covariant, (3,)}}, LinearAlgebra.Adjoint{Float32, StaticArraysCore.SVector{1, Float32}}}}, 90, Matrix{Float32}}, ClimaCore.Spaces.FiniteDifferenceSpace{ClimaCore.Grids.FiniteDifferenceGrid{ClimaCore.Topologies.IntervalTopology{ClimaComms.SingletonCommsContext{ClimaComms.CPUSingleThreaded}, ClimaCore.Meshes.IntervalMesh{ClimaCore.Meshes.Uniform, ClimaCore.Domains.IntervalDomain{ClimaCore.Geometry.ZPoint{Float32}, Tuple{Symbol, Symbol}}, LinRange{ClimaCore.Geometry.ZPoint{Float32}, Int64}, Nothing}, @NamedTuple{bottom::Int64, top::Int64}}, ClimaCore.Geometry.CartesianGlobalGeometry, ClimaCore.DataLayouts.VF{ClimaCore.Geometry.LocalGeometry{(3,), ClimaCore.Geometry.ZPoint{Float32}, Float32, ClimaCore.Geometry.Tensor{2, Float32, Tuple{ClimaCore.Geometry.Components{ClimaCore.Geometry.Orthonormal, (1, 2, 3)}, ClimaCore.Geometry.Components{ClimaCore.Geometry.Covariant, (1, 2, 3)}}, StaticArraysCore.SMatrix{3, 3, Float32, 9}}, ClimaCore.Geometry.Tensor{2, Float32, Tuple{ClimaCore.Geometry.Components{ClimaCore.Geometry.Contravariant, (1, 2, 3)}, ClimaCore.Geometry.Components{ClimaCore.Geometry.Contravariant, (1, 2, 3)}}, StaticArraysCore.SMatrix{3, 3, Float32, 9}}}, 90, Matrix{Float32}}, ClimaCore.DataLayouts.VF{ClimaCore.Geometry.LocalGeometry{(3,), ClimaCore.Geometry.ZPoint{Float32}, Float32, ClimaCore.Geometry.Tensor{2, Float32, Tuple{ClimaCore.Geometry.Components{ClimaCore.Geometry.Orthonormal, (1, 2, 3)}, ClimaCore.Geometry.Components{ClimaCore.Geometry.Covariant, (1, 2, 3)}}, StaticArraysCore.SMatrix{3, 3, Float32, 9}}, ClimaCore.Geometry.Tensor{2, Float32, Tuple{ClimaCore.Geometry.Components{ClimaCore.Geometry.Contravariant, (1, 2, 3)}, ClimaCore.Geometry.Components{ClimaCore.Geometry.Contravariant, (1, 2, 3)}}, StaticArraysCore.SMatrix{3, 3, Float32, 9}}}, 91, Matrix{Float32}}}, ClimaCore.Grids.CellCenter}}, ᶜtridiagonal_matrix::ClimaCore.Fields.Field{ClimaCore.DataLayouts.VF{ClimaCore.MatrixFields.TridiagonalMatrixRow{Float32}, 90, Matrix{Float32}}, ClimaCore.Spaces.FiniteDifferenceSpace{ClimaCore.Grids.FiniteDifferenceGrid{ClimaCore.Topologies.IntervalTopology{ClimaComms.SingletonCommsContext{ClimaComms.CPUSingleThreaded}, ClimaCore.Meshes.IntervalMesh{ClimaCore.Meshes.Uniform, ClimaCore.Domains.IntervalDomain{ClimaCore.Geometry.ZPoint{Float32}, Tuple{Symbol, Symbol}}, LinRange{ClimaCore.Geometry.ZPoint{Float32}, Int64}, Nothing}, @NamedTuple{bottom::Int64, top::Int64}}, ClimaCore.Geometry.CartesianGlobalGeometry, ClimaCore.DataLayouts.VF{ClimaCore.Geometry.LocalGeometry{(3,), ClimaCore.Geometry.ZPoint{Float32}, Float32, ClimaCore.Geometry.Tensor{2, Float32, Tuple{ClimaCore.Geometry.Components{ClimaCore.Geometry.Orthonormal, (1, 2, 3)}, ClimaCore.Geometry.Components{ClimaCore.Geometry.Covariant, (1, 2, 3)}}, StaticArraysCore.SMatrix{3, 3, Float32, 9}}, ClimaCore.Geometry.Tensor{2, Float32, Tuple{ClimaCore.Geometry.Components{ClimaCore.Geometry.Contravariant, (1, 2, 3)}, ClimaCore.Geometry.Components{ClimaCore.Geometry.Contravariant, (1, 2, 3)}}, StaticArraysCore.SMatrix{3, 3, Float32, 9}}}, 90, Matrix{Float32}}, ClimaCore.DataLayouts.VF{ClimaCore.Geometry.LocalGeometry{(3,), ClimaCore.Geometry.ZPoint{Float32}, Float32, ClimaCore.Geometry.Tensor{2, Float32, Tuple{ClimaCore.Geometry.Components{ClimaCore.Geometry.Orthonormal, (1, 2, 3)}, ClimaCore.Geometry.Components{ClimaCore.Geometry.Covariant, (1, 2, 3)}}, StaticArraysCore.SMatrix{3, 3, Float32, 9}}, ClimaCore.Geometry.Tensor{2, Float32, Tuple{ClimaCore.Geometry.Components{ClimaCore.Geometry.Contravariant, (1, 2, 3)}, ClimaCore.Geometry.Components{ClimaCore.Geometry.Contravariant, (1, 2, 3)}}, StaticArraysCore.SMatrix{3, 3, Float32, 9}}}, 91, Matrix{Float32}}}, ClimaCore.Grids.CellCenter}}, ᶜdiffusion_h_matrix::ClimaCore.Fields.Field{ClimaCore.DataLayouts.VF{ClimaCore.MatrixFields.TridiagonalMatrixRow{Float32}, 90, Matrix{Float32}}, ClimaCore.Spaces.FiniteDifferenceSpace{ClimaCore.Grids.FiniteDifferenceGrid{ClimaCore.Topologies.IntervalTopology{ClimaComms.SingletonCommsContext{ClimaComms.CPUSingleThreaded}, ClimaCore.Meshes.IntervalMesh{ClimaCore.Meshes.Uniform, ClimaCore.Domains.IntervalDomain{ClimaCore.Geometry.ZPoint{Float32}, Tuple{Symbol, Symbol}}, LinRange{ClimaCore.Geometry.ZPoint{Float32}, Int64}, Nothing}, @NamedTuple{bottom::Int64, top::Int64}}, ClimaCore.Geometry.CartesianGlobalGeometry, ClimaCore.DataLayouts.VF{ClimaCore.Geometry.LocalGeometry{(3,), ClimaCore.Geometry.ZPoint{Float32}, Float32, ClimaCore.Geometry.Tensor{2, Float32, Tuple{ClimaCore.Geometry.Components{ClimaCore.Geometry.Orthonormal, (1, 2, 3)}, ClimaCore.Geometry.Components{ClimaCore.Geometry.Covariant, (1, 2, 3)}}, StaticArraysCore.SMatrix{3, 3, Float32, 9}}, ClimaCore.Geometry.Tensor{2, Float32, Tuple{ClimaCore.Geometry.Components{ClimaCore.Geometry.Contravariant, (1, 2, 3)}, ClimaCore.Geometry.Components{ClimaCore.Geometry.Contravariant, (1, 2, 3)}}, StaticArraysCore.SMatrix{3, 3, Float32, 9}}}, 90, Matrix{Float32}}, ClimaCore.DataLayouts.VF{ClimaCore.Geometry.LocalGeometry{(3,), ClimaCore.Geometry.ZPoint{Float32}, Float32, ClimaCore.Geometry.Tensor{2, Float32, Tuple{ClimaCore.Geometry.Components{ClimaCore.Geometry.Orthonormal, (1, 2, 3)}, ClimaCore.Geometry.Components{ClimaCore.Geometry.Covariant, (1, 2, 3)}}, StaticArraysCore.SMatrix{3, 3, Float32, 9}}, ClimaCore.Geometry.Tensor{2, Float32, Tuple{ClimaCore.Geometry.Components{ClimaCore.Geometry.Contravariant, (1, 2, 3)}, ClimaCore.Geometry.Components{ClimaCore.Geometry.Contravariant, (1, 2, 3)}}, StaticArraysCore.SMatrix{3, 3, Float32, 9}}}, 91, Matrix{Float32}}}, ClimaCore.Grids.CellCenter}}, ᶜdiffusion_u_matrix::ClimaCore.Fields.Field{ClimaCore.DataLayouts.VF{ClimaCore.MatrixFields.TridiagonalMatrixRow{Float32}, 90, Matrix{Float32}}, ClimaCore.Spaces.FiniteDifferenceSpace{ClimaCore.Grids.FiniteDifferenceGrid{ClimaCore.Topologies.IntervalTopology{ClimaComms.SingletonCommsContext{ClimaComms.CPUSingleThreaded}, ClimaCore.Meshes.IntervalMesh{ClimaCore.Meshes.Uniform, ClimaCore.Domains.IntervalDomain{ClimaCore.Geometry.ZPoint{Float32}, Tuple{Symbol, Symbol}}, LinRange{ClimaCore.Geometry.ZPoint{Float32}, Int64}, Nothing}, @NamedTuple{bottom::Int64, top::Int64}}, ClimaCore.Geometry.CartesianGlobalGeometry, ClimaCore.DataLayouts.VF{ClimaCore.Geometry.LocalGeometry{(3,), ClimaCore.Geometry.ZPoint{Float32}, Float32, ClimaCore.Geometry.Tensor{2, Float32, Tuple{ClimaCore.Geometry.Components{ClimaCore.Geometry.Orthonormal, (1, 2, 3)}, ClimaCore.Geometry.Components{ClimaCore.Geometry.Covariant, (1, 2, 3)}}, StaticArraysCore.SMatrix{3, 3, Float32, 9}}, ClimaCore.Geometry.Tensor{2, Float32, Tuple{ClimaCore.Geometry.Components{ClimaCore.Geometry.Contravariant, (1, 2, 3)}, ClimaCore.Geometry.Components{ClimaCore.Geometry.Contravariant, (1, 2, 3)}}, StaticArraysCore.SMatrix{3, 3, Float32, 9}}}, 90, Matrix{Float32}}, ClimaCore.DataLayouts.VF{ClimaCore.Geometry.LocalGeometry{(3,), ClimaCore.Geometry.ZPoint{Float32}, Float32, ClimaCore.Geometry.Tensor{2, Float32, Tuple{ClimaCore.Geometry.Components{ClimaCore.Geometry.Orthonormal, (1, 2, 3)}, ClimaCore.Geometry.Components{ClimaCore.Geometry.Covariant, (1, 2, 3)}}, StaticArraysCore.SMatrix{3, 3, Float32, 9}}, ClimaCore.Geometry.Tensor{2, Float32, Tuple{ClimaCore.Geometry.Components{ClimaCore.Geometry.Contravariant, (1, 2, 3)}, ClimaCore.Geometry.Components{ClimaCore.Geometry.Contravariant, (1, 2, 3)}}, StaticArraysCore.SMatrix{3, 3, Float32, 9}}}, 91, Matrix{Float32}}}, ClimaCore.Grids.CellCenter}}, ᶜtridiagonal_matrix_scalar::ClimaCore.Fields.Field{ClimaCore.DataLayouts.VF{ClimaCore.MatrixFields.TridiagonalMatrixRow{Float32}, 90, Matrix{Float32}}, ClimaCore.Spaces.FiniteDifferenceSpace{ClimaCore.Grids.FiniteDifferenceGrid{ClimaCore.Topologies.IntervalTopology{ClimaComms.SingletonCommsContext{ClimaComms.CPUSingleThreaded}, ClimaCore.Meshes.IntervalMesh{ClimaCore.Meshes.Uniform, ClimaCore.Domains.IntervalDomain{ClimaCore.Geometry.ZPoint{Float32}, Tuple{Symbol, Symbol}}, LinRange{ClimaCore.Geometry.ZPoint{Float32}, Int64}, Nothing}, @NamedTuple{bottom::Int64, top::Int64}}, ClimaCore.Geometry.CartesianGlobalGeometry, ClimaCore.DataLayouts.VF{ClimaCore.Geometry.LocalGeometry{(3,), ClimaCore.Geometry.ZPoint{Float32}, Float32, ClimaCore.Geometry.Tensor{2, Float32, Tuple{ClimaCore.Geometry.Components{ClimaCore.Geometry.Orthonormal, (1, 2, 3)}, ClimaCore.Geometry.Components{ClimaCore.Geometry.Covariant, (1, 2, 3)}}, StaticArraysCore.SMatrix{3, 3, Float32, 9}}, ClimaCore.Geometry.Tensor{2, Float32, Tuple{ClimaCore.Geometry.Components{ClimaCore.Geometry.Contravariant, (1, 2, 3)}, ClimaCore.Geometry.Components{ClimaCore.Geometry.Contravariant, (1, 2, 3)}}, StaticArraysCore.SMatrix{3, 3, Float32, 9}}}, 90, Matrix{Float32}}, ClimaCore.DataLayouts.VF{ClimaCore.Geometry.LocalGeometry{(3,), ClimaCore.Geometry.ZPoint{Float32}, Float32, ClimaCore.Geometry.Tensor{2, Float32, Tuple{ClimaCore.Geometry.Components{ClimaCore.Geometry.Orthonormal, (1, 2, 3)}, ClimaCore.Geometry.Components{ClimaCore.Geometry.Covariant, (1, 2, 3)}}, StaticArraysCore.SMatrix{3, 3, Float32, 9}}, ClimaCore.Geometry.Tensor{2, Float32, Tuple{ClimaCore.Geometry.Components{ClimaCore.Geometry.Contravariant, (1, 2, 3)}, ClimaCore.Geometry.Components{ClimaCore.Geometry.Contravariant, (1, 2, 3)}}, StaticArraysCore.SMatrix{3, 3, Float32, 9}}}, 91, Matrix{Float32}}}, ClimaCore.Grids.CellCenter}}, ᶠtridiagonal_matrix_c3::ClimaCore.Fields.Field{ClimaCore.DataLayouts.VF{ClimaCore.MatrixFields.TridiagonalMatrixRow{ClimaCore.Geometry.Covariant3Vector{Float32}}, 91, Matrix{Float32}}, ClimaCore.Spaces.FiniteDifferenceSpace{ClimaCore.Grids.FiniteDifferenceGrid{ClimaCore.Topologies.IntervalTopology{ClimaComms.SingletonCommsContext{ClimaComms.CPUSingleThreaded}, ClimaCore.Meshes.IntervalMesh{ClimaCore.Meshes.Uniform, ClimaCore.Domains.IntervalDomain{ClimaCore.Geometry.ZPoint{Float32}, Tuple{Symbol, Symbol}}, LinRange{ClimaCore.Geometry.ZPoint{Float32}, Int64}, Nothing}, @NamedTuple{bottom::Int64, top::Int64}}, ClimaCore.Geometry.CartesianGlobalGeometry, ClimaCore.DataLayouts.VF{ClimaCore.Geometry.LocalGeometry{(3,), ClimaCore.Geometry.ZPoint{Float32}, Float32, ClimaCore.Geometry.Tensor{2, Float32, Tuple{ClimaCore.Geometry.Components{ClimaCore.Geometry.Orthonormal, (1, 2, 3)}, ClimaCore.Geometry.Components{ClimaCore.Geometry.Covariant, (1, 2, 3)}}, StaticArraysCore.SMatrix{3, 3, Float32, 9}}, ClimaCore.Geometry.Tensor{2, Float32, Tuple{ClimaCore.Geometry.Components{ClimaCore.Geometry.Contravariant, (1, 2, 3)}, ClimaCore.Geometry.Components{ClimaCore.Geometry.Contravariant, (1, 2, 3)}}, StaticArraysCore.SMatrix{3, 3, Float32, 9}}}, 90, Matrix{Float32}}, ClimaCore.DataLayouts.VF{ClimaCore.Geometry.LocalGeometry{(3,), ClimaCore.Geometry.ZPoint{Float32}, Float32, ClimaCore.Geometry.Tensor{2, Float32, Tuple{ClimaCore.Geometry.Components{ClimaCore.Geometry.Orthonormal, (1, 2, 3)}, ClimaCore.Geometry.Components{ClimaCore.Geometry.Covariant, (1, 2, 3)}}, StaticArraysCore.SMatrix{3, 3, Float32, 9}}, ClimaCore.Geometry.Tensor{2, Float32, Tuple{ClimaCore.Geometry.Components{ClimaCore.Geometry.Contravariant, (1, 2, 3)}, ClimaCore.Geometry.Components{ClimaCore.Geometry.Contravariant, (1, 2, 3)}}, StaticArraysCore.SMatrix{3, 3, Float32, 9}}}, 91, Matrix{Float32}}}, ClimaCore.Grids.CellFace}}}, dt::Float32, conservation_check::@NamedTuple{col_integrated_precip_energy_tendency::ClimaCore.Fields.Field{ClimaCore.DataLayouts.DataF{Float32, Vector{Float32}}, ClimaCore.Spaces.PointSpace{ClimaComms.SingletonCommsContext{ClimaComms.CPUSingleThreaded}, ClimaCore.DataLayouts.DataF{ClimaCore.Geometry.LocalGeometry{(3,), ClimaCore.Geometry.ZPoint{Float32}, Float32, ClimaCore.Geometry.Tensor{2, Float32, Tuple{ClimaCore.Geometry.Components{ClimaCore.Geometry.Orthonormal, (1, 2, 3)}, ClimaCore.Geometry.Components{ClimaCore.Geometry.Covariant, (1, 2, 3)}}, StaticArraysCore.SMatrix{3, 3, Float32, 9}}, ClimaCore.Geometry.Tensor{2, Float32, Tuple{ClimaCore.Geometry.Components{ClimaCore.Geometry.Contravariant, (1, 2, 3)}, ClimaCore.Geometry.Components{ClimaCore.Geometry.Contravariant, (1, 2, 3)}}, StaticArraysCore.SMatrix{3, 3, Float32, 9}}}, SubArray{Float32, 1, Matrix{Float32}, Tuple{Int64, Base.Slice{Base.OneTo{Int64}}}, true}}}}}, external_forcing::@NamedTuple{}}, t::Float32)
│        @ ClimaAtmos ~/larcform1-experiments/ClimaAtmos.jl/src/cache/precomputed_quantities.jl:687
│     [16] build_cache(Y::ClimaCore.Fields.FieldVector{Float32, @NamedTuple{c::ClimaCore.Fields.Field{ClimaCore.DataLayouts.VF{@NamedTuple{ρ::Float32, uₕ::ClimaCore.Geometry.Covariant12Vector{Float32}, ρe_tot::Float32, ρq_tot::Float32, ρq_lcl::Float32, ρq_icl::Float32, ρn_lcl::Float32, ρn_rai::Float32, ρq_rai::Float32, ρq_sno::Float32, ρtke::Float32, sgsʲs::Tuple{@NamedTuple{ρa::Float32, mse::Float32, q_tot::Float32, q_lcl::Float32, q_icl::Float32, q_rai::Float32, q_sno::Float32, n_lcl::Float32, n_rai::Float32}}}, 90, Matrix{Float32}}, ClimaCore.Spaces.FiniteDifferenceSpace{ClimaCore.Grids.FiniteDifferenceGrid{ClimaCore.Topologies.IntervalTopology{ClimaComms.SingletonCommsContext{ClimaComms.CPUSingleThreaded}, ClimaCore.Meshes.IntervalMesh{ClimaCore.Meshes.Uniform, ClimaCore.Domains.IntervalDomain{ClimaCore.Geometry.ZPoint{Float32}, Tuple{Symbol, Symbol}}, LinRange{ClimaCore.Geometry.ZPoint{Float32}, Int64}, Nothing}, @NamedTuple{bottom::Int64, top::Int64}}, ClimaCore.Geometry.CartesianGlobalGeometry, ClimaCore.DataLayouts.VF{ClimaCore.Geometry.LocalGeometry{(3,), ClimaCore.Geometry.ZPoint{Float32}, Float32, ClimaCore.Geometry.Tensor{2, Float32, Tuple{ClimaCore.Geometry.Components{ClimaCore.Geometry.Orthonormal, (1, 2, 3)}, ClimaCore.Geometry.Components{ClimaCore.Geometry.Covariant, (1, 2, 3)}}, StaticArraysCore.SMatrix{3, 3, Float32, 9}}, ClimaCore.Geometry.Tensor{2, Float32, Tuple{ClimaCore.Geometry.Components{ClimaCore.Geometry.Contravariant, (1, 2, 3)}, ClimaCore.Geometry.Components{ClimaCore.Geometry.Contravariant, (1, 2, 3)}}, StaticArraysCore.SMatrix{3, 3, Float32, 9}}}, 90, Matrix{Float32}}, ClimaCore.DataLayouts.VF{ClimaCore.Geometry.LocalGeometry{(3,), ClimaCore.Geometry.ZPoint{Float32}, Float32, ClimaCore.Geometry.Tensor{2, Float32, Tuple{ClimaCore.Geometry.Components{ClimaCore.Geometry.Orthonormal, (1, 2, 3)}, ClimaCore.Geometry.Components{ClimaCore.Geometry.Covariant, (1, 2, 3)}}, StaticArraysCore.SMatrix{3, 3, Float32, 9}}, ClimaCore.Geometry.Tensor{2, Float32, Tuple{ClimaCore.Geometry.Components{ClimaCore.Geometry.Contravariant, (1, 2, 3)}, ClimaCore.Geometry.Components{ClimaCore.Geometry.Contravariant, (1, 2, 3)}}, StaticArraysCore.SMatrix{3, 3, Float32, 9}}}, 91, Matrix{Float32}}}, ClimaCore.Grids.CellCenter}}, f::ClimaCore.Fields.Field{ClimaCore.DataLayouts.VF{@NamedTuple{u₃::ClimaCore.Geometry.Covariant3Vector{Float32}, sgsʲs::Tuple{@NamedTuple{u₃::ClimaCore.Geometry.Covariant3Vector{Float32}}}}, 91, Matrix{Float32}}, ClimaCore.Spaces.FiniteDifferenceSpace{ClimaCore.Grids.FiniteDifferenceGrid{ClimaCore.Topologies.IntervalTopology{ClimaComms.SingletonCommsContext{ClimaComms.CPUSingleThreaded}, ClimaCore.Meshes.IntervalMesh{ClimaCore.Meshes.Uniform, ClimaCore.Domains.IntervalDomain{ClimaCore.Geometry.ZPoint{Float32}, Tuple{Symbol, Symbol}}, LinRange{ClimaCore.Geometry.ZPoint{Float32}, Int64}, Nothing}, @NamedTuple{bottom::Int64, top::Int64}}, ClimaCore.Geometry.CartesianGlobalGeometry, ClimaCore.DataLayouts.VF{ClimaCore.Geometry.LocalGeometry{(3,), ClimaCore.Geometry.ZPoint{Float32}, Float32, ClimaCore.Geometry.Tensor{2, Float32, Tuple{ClimaCore.Geometry.Components{ClimaCore.Geometry.Orthonormal, (1, 2, 3)}, ClimaCore.Geometry.Components{ClimaCore.Geometry.Covariant, (1, 2, 3)}}, StaticArraysCore.SMatrix{3, 3, Float32, 9}}, ClimaCore.Geometry.Tensor{2, Float32, Tuple{ClimaCore.Geometry.Components{ClimaCore.Geometry.Contravariant, (1, 2, 3)}, ClimaCore.Geometry.Components{ClimaCore.Geometry.Contravariant, (1, 2, 3)}}, StaticArraysCore.SMatrix{3, 3, Float32, 9}}}, 90, Matrix{Float32}}, ClimaCore.DataLayouts.VF{ClimaCore.Geometry.LocalGeometry{(3,), ClimaCore.Geometry.ZPoint{Float32}, Float32, ClimaCore.Geometry.Tensor{2, Float32, Tuple{ClimaCore.Geometry.Components{ClimaCore.Geometry.Orthonormal, (1, 2, 3)}, ClimaCore.Geometry.Components{ClimaCore.Geometry.Covariant, (1, 2, 3)}}, StaticArraysCore.SMatrix{3, 3, Float32, 9}}, ClimaCore.Geometry.Tensor{2, Float32, Tuple{ClimaCore.Geometry.Components{ClimaCore.Geometry.Contravariant, (1, 2, 3)}, ClimaCore.Geometry.Components{ClimaCore.Geometry.Contravariant, (1, 2, 3)}}, StaticArraysCore.SMatrix{3, 3, Float32, 9}}}, 91, Matrix{Float32}}}, ClimaCore.Grids.CellFace}}, sfc::ClimaCore.Fields.Field{ClimaCore.DataLayouts.DataF{@NamedTuple{T::Float32, water::Float32}, Vector{Float32}}, ClimaCore.Spaces.PointSpace{ClimaComms.SingletonCommsContext{ClimaComms.CPUSingleThreaded}, ClimaCore.DataLayouts.DataF{ClimaCore.Geometry.LocalGeometry{(3,), ClimaCore.Geometry.ZPoint{Float32}, Float32, ClimaCore.Geometry.Tensor{2, Float32, Tuple{ClimaCore.Geometry.Components{ClimaCore.Geometry.Orthonormal, (1, 2, 3)}, ClimaCore.Geometry.Components{ClimaCore.Geometry.Covariant, (1, 2, 3)}}, StaticArraysCore.SMatrix{3, 3, Float32, 9}}, ClimaCore.Geometry.Tensor{2, Float32, Tuple{ClimaCore.Geometry.Components{ClimaCore.Geometry.Contravariant, (1, 2, 3)}, ClimaCore.Geometry.Components{ClimaCore.Geometry.Contravariant, (1, 2, 3)}}, StaticArraysCore.SMatrix{3, 3, Float32, 9}}}, SubArray{Float32, 1, Matrix{Float32}, Tuple{Int64, Base.Slice{Base.OneTo{Int64}}}, true}}}}}}, atmos::ClimaAtmos.AtmosModel{ClimaAtmos.AtmosWater{ClimaAtmos.NonEquilibriumMicrophysics2M, ClimaAtmos.QuadratureCloud, ClimaAtmos.Implicit, Nothing, ClimaAtmos.SGSQuadrature{3, StaticArraysCore.SVector{3, Float32}, StaticArraysCore.SVector{3, Float32}, ClimaAtmos.GaussianSGS, Float32}, ClimaAtmos.FixedTerminalVelocity{Float32}}, ClimaAtmos.SCMSetup{Nothing, Nothing, Nothing, Bool, @NamedTuple{prof_ug::AtmosphericProfilesLibrary.ZProfile{AtmosphericProfilesLibrary.var"#Larcform1_geostrophic_u##0#Larcform1_geostrophic_u##1"{Float32}}, prof_vg::AtmosphericProfilesLibrary.ZProfile{Returns{Float32}}, coriolis_param::Float32}}, ClimaAtmos.AtmosRadiation{ClimaAtmos.RRTMGPInterface.AllSkyRadiationWithClearSkyDiagnostics{ClimaAtmos.InteractiveCloudInRadiation}, ClimaAtmos.Larcform1Insolation}, ClimaAtmos.AtmosTurbconv{ClimaAtmos.EDMFXModel{ClimaAtmos.InvZEntrainment, ClimaAtmos.BuoyancyVelocityDetrainment, Val{true}, Val{true}, Val{true}, Val{true}, Val{true}, ClimaAtmos.SmoothMinimumBlending}, ClimaAtmos.PrognosticEDMFX{1, true, Float32}, Nothing, Nothing, Nothing}, Nothing, ClimaAtmos.AtmosGravityWave{Nothing, Nothing}, Nothing, ClimaAtmos.AtmosSponge{Nothing, Nothing}, ClimaAtmos.AtmosSurface{ClimaAtmos.SurfaceConditions.MoninObukhov{Float32, Nothing, Nothing}, ClimaAtmos.SurfaceConditions.SlabOceanTemperature{Float32}, ClimaAtmos.SurfaceConditions.SurfaceBoundaryOverrides{Float32, Float32, Nothing, Nothing, Nothing, Nothing}, ClimaAtmos.ConstantAlbedo{Float32}}, ClimaAtmos.AtmosNumerics{Val{:vanleer_limiter}, Val{:vanleer_limiter}, Val{:first_order}, Val{:none}, Val{:first_order}, Nothing, Nothing, Nothing, ClimaAtmos.Implicit, Nothing}, ClimaAtmos.AtmosChem{Nothing}}, params::ClimaAtmos.Parameters.ClimaAtmosParameters{Float32, Thermodynamics.Parameters.ThermodynamicsParameters{Float32}, RRTMGP.Parameters.RRTMGPParameters{Float32}, @NamedTuple{N2O_fixed_value::Float32, CH4_fixed_value::Float32, CFC12_fixed_value::Float32, CO2_fixed_value::Float32, CF4_fixed_value::Float32, HFC32_fixed_value::Float32, HFC125_fixed_value::Float32, NO2_fixed_value::Float32, N2_fixed_value::Float32, CCL4_fixed_value::Float32, CO_fixed_value::Float32, CFC11_fixed_value::Float32, HFC143A_fixed_value::Float32, HFC23_fixed_value::Float32, HFC134A_fixed_value::Float32, O2_fixed_value::Float32, CFC22_fixed_value::Float32}, Insolation.Parameters.InsolationParameters{Float32}, @NamedTuple{liquid::CloudMicrophysics.Parameters.CloudLiquid{Float32}, ice::CloudMicrophysics.Parameters.CloudIce{Float32, CloudMicrophysics.Parameters.ParticlePDFIceRain{Float32}, CloudMicrophysics.Parameters.ParticleMass{Float32}}, stokes::CloudMicrophysics.Parameters.StokesRegimeVelType{Float32}, Ch2022::CloudMicrophysics.Parameters.Chen2022VelType{CloudMicrophysics.Parameters.Chen2022VelTypeRain{Float32, 3}, CloudMicrophysics.Parameters.Chen2022VelTypeSmallIce{Float32, 3, 4}, CloudMicrophysics.Parameters.Chen2022VelTypeLargeIce{Float32, 3}}, N_cloud_liquid_droplets::Float32, aml::@NamedTuple{c₀_dust::Float32, α_dust::Float32, N₀::Float32, α_seasalt::Float32, c₀_SO4::Float32, α_q_liq::Float32, q₀_liq::Float32, c₀_seasalt::Float32, α_SO4::Float32}, activation::CloudMicrophysics.Parameters.AerosolActivationParameters{Float32}}, Nothing, CloudMicrophysics.Parameters.Microphysics1MParams{CloudMicrophysics.Parameters.Microphysics1MOptions{CloudMicrophysics.Parameters.CloudLiquidFormation{Float32}, CloudMicrophysics.Parameters.ConstantTimescale{Float32}, CloudMicrophysics.Parameters.CloudIceMelt, CloudMicrophysics.Parameters.Kessler1M{CloudMicrophysics.Parameters.Acnv1M{Float32}}, CloudMicrophysics.Parameters.NoSupersaturation{CloudMicrophysics.Parameters.Acnv1M{Float32}}, CloudMicrophysics.Parameters.RainEvaporation, CloudMicrophysics.Parameters.DepositionAndSublimation, CloudMicrophysics.Parameters.SnowMelt, CloudMicrophysics.Parameters.CloudLiquidRainAccretion{Float32}, CloudMicrophysics.Parameters.CloudLiquidSnowAccretion{Float32}, CloudMicrophysics.Parameters.CloudIceRainAccretion{Float32}, CloudMicrophysics.Parameters.CloudIceSnowAccretion{Float32}, CloudMicrophysics.Parameters.RainSnowAccretion{Float32}}, CloudMicrophysics.Parameters.CloudPhaseParams1M{CloudMicrophysics.Parameters.CloudLiquid{Float32}, CloudMicrophysics.Parameters.CloudIce{Float32, CloudMicrophysics.Parameters.ParticlePDFIceRain{Float32}, CloudMicrophysics.Parameters.ParticleMass{Float32}}}, CloudMicrophysics.Parameters.PrecipPhaseParams1M{CloudMicrophysics.Parameters.Rain{CloudMicrophysics.Parameters.ParticlePDFIceRain{Float32}, CloudMicrophysics.Parameters.ParticleMass{Float32}, CloudMicrophysics.Parameters.ParticleArea{Float32}, CloudMicrophysics.Parameters.Ventilation{Float32}}, CloudMicrophysics.Parameters.Snow{Float32, CloudMicrophysics.Parameters.ParticlePDFSnow{Float32}, CloudMicrophysics.Parameters.ParticleMass{Float32}, CloudMicrophysics.Parameters.ParticleArea{Float32}, CloudMicrophysics.Parameters.Ventilation{Float32}, CloudMicrophysics.Parameters.SnowAspectRatio{Float32}}}, CloudMicrophysics.Parameters.AirProperties{Float32}, CloudMicrophysics.Parameters.Blk1MVelType{CloudMicrophysics.Parameters.Blk1MVelTypeRain{Float32}, CloudMicrophysics.Parameters.Blk1MVelTypeSnow{Float32}}}, CloudMicrophysics.Parameters.Microphysics2MParams{CloudMicrophysics.Parameters.WarmRainParams2M{CloudMicrophysics.Parameters.SB2006{CloudMicrophysics.Parameters.CloudParticlePDF_SB2006{Float32}, CloudMicrophysics.Parameters.RainParticlePDF_SB2006_limited{Float32}, CloudMicrophysics.Parameters.AcnvSB2006{Float32}, CloudMicrophysics.Parameters.AccrSB2006{Float32}, CloudMicrophysics.Parameters.SelfColSB2006{Float32}, CloudMicrophysics.Parameters.BreakupSB2006{Float32}, CloudMicrophysics.Parameters.EvaporationSB2006{Float32}, CloudMicrophysics.Parameters.NumberAdjustmentHorn2012{Float32}}, CloudMicrophysics.Parameters.AirProperties{Float32}, CloudMicrophysics.Parameters.CondEvap2M{Float32}}, Nothing}, Nothing, SurfaceFluxes.Parameters.SurfaceFluxesParameters{Float32, SurfaceFluxes.UniversalFunctions.GryanikParams{Float32}, Thermodynamics.Parameters.ThermodynamicsParameters{Float32}}, ClimaAtmos.Parameters.TurbulenceConvectionParameters{Float32, StaticArraysCore.SVector{12, Float32}, StaticArraysCore.SVector{3, Float32}, StaticArraysCore.SVector{5, Float32}}, ClimaAtmos.Parameters.SurfaceTemperatureParameters{Float32}, @NamedTuple{D₀::Float32, H::Float32, C_E::Float32}, @NamedTuple{gcmdriven_momentum_relaxation_timescale::Float32, gcmdriven_scalar_relaxation_timescale::Float32, gcmdriven_relaxation_minimum_height::Float32, gcmdriven_relaxation_maximum_height::Float32}, @NamedTuple{seasalt_std::Float32, SSLT04_radius::Float32, sulfate_kappa::Float32, sulfate_radius::Float32, SSLT05_radius::Float32, seasalt_density::Float32, SSLT02_radius::Float32, sulfate_std::Float32, SSLT03_radius::Float32, seasalt_kappa::Float32, SSLT01_radius::Float32, sulfate_density::Float32}, Nothing, Nothing}, dt::ClimaUtilities.TimeManager.ITime{Int64, Dates.Second, Dates.DateTime}, start_date::Dates.DateTime, aerosol_names::Tuple{}, time_varying_trace_gas_names::Tuple{}, steady_state_velocity::Nothing, vwb_species::Nothing)
│        @ ClimaAtmos ~/larcform1-experiments/ClimaAtmos.jl/src/cache/cache.jl:188
│     [17] macro expansion
│        @ ./timing.jl:697 [inlined]
│     [18] macro expansion
│        @ ~/larcform1-experiments/ClimaAtmos.jl/src/utils/utilities.jl:537 [inlined]
│     [19] (ClimaAtmos.AtmosSimulation{Float32})(; model::ClimaAtmos.AtmosModel{ClimaAtmos.AtmosWater{ClimaAtmos.NonEquilibriumMicrophysics2M, ClimaAtmos.QuadratureCloud, ClimaAtmos.Implicit, Nothing, ClimaAtmos.SGSQuadrature{3, StaticArraysCore.SVector{3, Float32}, StaticArraysCore.SVector{3, Float32}, ClimaAtmos.GaussianSGS, Float32}, ClimaAtmos.FixedTerminalVelocity{Float32}}, ClimaAtmos.SCMSetup{Nothing, Nothing, Nothing, Bool, @NamedTuple{prof_ug::AtmosphericProfilesLibrary.ZProfile{AtmosphericProfilesLibrary.var"#Larcform1_geostrophic_u##0#Larcform1_geostrophic_u##1"{Float32}}, prof_vg::AtmosphericProfilesLibrary.ZProfile{Returns{Float32}}, coriolis_param::Float32}}, ClimaAtmos.AtmosRadiation{ClimaAtmos.RRTMGPInterface.AllSkyRadiationWithClearSkyDiagnostics{ClimaAtmos.InteractiveCloudInRadiation}, ClimaAtmos.Larcform1Insolation}, ClimaAtmos.AtmosTurbconv{ClimaAtmos.EDMFXModel{ClimaAtmos.InvZEntrainment, ClimaAtmos.BuoyancyVelocityDetrainment, Val{true}, Val{true}, Val{true}, Val{true}, Val{true}, ClimaAtmos.SmoothMinimumBlending}, ClimaAtmos.PrognosticEDMFX{1, true, Float32}, Nothing, Nothing, Nothing}, Nothing, ClimaAtmos.AtmosGravityWave{Nothing, Nothing}, Nothing, ClimaAtmos.AtmosSponge{Nothing, Nothing}, ClimaAtmos.AtmosSurface{ClimaAtmos.SurfaceConditions.MoninObukhov{Float32, Nothing, Nothing}, ClimaAtmos.SurfaceConditions.SlabOceanTemperature{Float32}, ClimaAtmos.SurfaceConditions.SurfaceBoundaryOverrides{Float32, Float32, Nothing, Nothing, Nothing, Nothing}, ClimaAtmos.ConstantAlbedo{Float32}}, ClimaAtmos.AtmosNumerics{Val{:vanleer_limiter}, Val{:vanleer_limiter}, Val{:first_order}, Val{:none}, Val{:first_order}, Nothing, Nothing, Nothing, ClimaAtmos.Implicit, Nothing}, ClimaAtmos.AtmosChem{Nothing}}, params::ClimaAtmos.Parameters.ClimaAtmosParameters{Float32, Thermodynamics.Parameters.ThermodynamicsParameters{Float32}, RRTMGP.Parameters.RRTMGPParameters{Float32}, @NamedTuple{N2O_fixed_value::Float32, CH4_fixed_value::Float32, CFC12_fixed_value::Float32, CO2_fixed_value::Float32, CF4_fixed_value::Float32, HFC32_fixed_value::Float32, HFC125_fixed_value::Float32, NO2_fixed_value::Float32, N2_fixed_value::Float32, CCL4_fixed_value::Float32, CO_fixed_value::Float32, CFC11_fixed_value::Float32, HFC143A_fixed_value::Float32, HFC23_fixed_value::Float32, HFC134A_fixed_value::Float32, O2_fixed_value::Float32, CFC22_fixed_value::Float32}, Insolation.Parameters.InsolationParameters{Float32}, @NamedTuple{liquid::CloudMicrophysics.Parameters.CloudLiquid{Float32}, ice::CloudMicrophysics.Parameters.CloudIce{Float32, CloudMicrophysics.Parameters.ParticlePDFIceRain{Float32}, CloudMicrophysics.Parameters.ParticleMass{Float32}}, stokes::CloudMicrophysics.Parameters.StokesRegimeVelType{Float32}, Ch2022::CloudMicrophysics.Parameters.Chen2022VelType{CloudMicrophysics.Parameters.Chen2022VelTypeRain{Float32, 3}, CloudMicrophysics.Parameters.Chen2022VelTypeSmallIce{Float32, 3, 4}, CloudMicrophysics.Parameters.Chen2022VelTypeLargeIce{Float32, 3}}, N_cloud_liquid_droplets::Float32, aml::@NamedTuple{c₀_dust::Float32, α_dust::Float32, N₀::Float32, α_seasalt::Float32, c₀_SO4::Float32, α_q_liq::Float32, q₀_liq::Float32, c₀_seasalt::Float32, α_SO4::Float32}, activation::CloudMicrophysics.Parameters.AerosolActivationParameters{Float32}}, Nothing, CloudMicrophysics.Parameters.Microphysics1MParams{CloudMicrophysics.Parameters.Microphysics1MOptions{CloudMicrophysics.Parameters.CloudLiquidFormation{Float32}, CloudMicrophysics.Parameters.ConstantTimescale{Float32}, CloudMicrophysics.Parameters.CloudIceMelt, CloudMicrophysics.Parameters.Kessler1M{CloudMicrophysics.Parameters.Acnv1M{Float32}}, CloudMicrophysics.Parameters.NoSupersaturation{CloudMicrophysics.Parameters.Acnv1M{Float32}}, CloudMicrophysics.Parameters.RainEvaporation, CloudMicrophysics.Parameters.DepositionAndSublimation, CloudMicrophysics.Parameters.SnowMelt, CloudMicrophysics.Parameters.CloudLiquidRainAccretion{Float32}, CloudMicrophysics.Parameters.CloudLiquidSnowAccretion{Float32}, CloudMicrophysics.Parameters.CloudIceRainAccretion{Float32}, CloudMicrophysics.Parameters.CloudIceSnowAccretion{Float32}, CloudMicrophysics.Parameters.RainSnowAccretion{Float32}}, CloudMicrophysics.Parameters.CloudPhaseParams1M{CloudMicrophysics.Parameters.CloudLiquid{Float32}, CloudMicrophysics.Parameters.CloudIce{Float32, CloudMicrophysics.Parameters.ParticlePDFIceRain{Float32}, CloudMicrophysics.Parameters.ParticleMass{Float32}}}, CloudMicrophysics.Parameters.PrecipPhaseParams1M{CloudMicrophysics.Parameters.Rain{CloudMicrophysics.Parameters.ParticlePDFIceRain{Float32}, CloudMicrophysics.Parameters.ParticleMass{Float32}, CloudMicrophysics.Parameters.ParticleArea{Float32}, CloudMicrophysics.Parameters.Ventilation{Float32}}, CloudMicrophysics.Parameters.Snow{Float32, CloudMicrophysics.Parameters.ParticlePDFSnow{Float32}, CloudMicrophysics.Parameters.ParticleMass{Float32}, CloudMicrophysics.Parameters.ParticleArea{Float32}, CloudMicrophysics.Parameters.Ventilation{Float32}, CloudMicrophysics.Parameters.SnowAspectRatio{Float32}}}, CloudMicrophysics.Parameters.AirProperties{Float32}, CloudMicrophysics.Parameters.Blk1MVelType{CloudMicrophysics.Parameters.Blk1MVelTypeRain{Float32}, CloudMicrophysics.Parameters.Blk1MVelTypeSnow{Float32}}}, CloudMicrophysics.Parameters.Microphysics2MParams{CloudMicrophysics.Parameters.WarmRainParams2M{CloudMicrophysics.Parameters.SB2006{CloudMicrophysics.Parameters.CloudParticlePDF_SB2006{Float32}, CloudMicrophysics.Parameters.RainParticlePDF_SB2006_limited{Float32}, CloudMicrophysics.Parameters.AcnvSB2006{Float32}, CloudMicrophysics.Parameters.AccrSB2006{Float32}, CloudMicrophysics.Parameters.SelfColSB2006{Float32}, CloudMicrophysics.Parameters.BreakupSB2006{Float32}, CloudMicrophysics.Parameters.EvaporationSB2006{Float32}, CloudMicrophysics.Parameters.NumberAdjustmentHorn2012{Float32}}, CloudMicrophysics.Parameters.AirProperties{Float32}, CloudMicrophysics.Parameters.CondEvap2M{Float32}}, Nothing}, Nothing, SurfaceFluxes.Parameters.SurfaceFluxesParameters{Float32, SurfaceFluxes.UniversalFunctions.GryanikParams{Float32}, Thermodynamics.Parameters.ThermodynamicsParameters{Float32}}, ClimaAtmos.Parameters.TurbulenceConvectionParameters{Float32, StaticArraysCore.SVector{12, Float32}, StaticArraysCore.SVector{3, Float32}, StaticArraysCore.SVector{5, Float32}}, ClimaAtmos.Parameters.SurfaceTemperatureParameters{Float32}, @NamedTuple{D₀::Float32, H::Float32, C_E::Float32}, @NamedTuple{gcmdriven_momentum_relaxation_timescale::Float32, gcmdriven_scalar_relaxation_timescale::Float32, gcmdriven_relaxation_minimum_height::Float32, gcmdriven_relaxation_maximum_height::Float32}, @NamedTuple{seasalt_std::Float32, SSLT04_radius::Float32, sulfate_kappa::Float32, sulfate_radius::Float32, SSLT05_radius::Float32, seasalt_density::Float32, SSLT02_radius::Float32, sulfate_std::Float32, SSLT03_radius::Float32, seasalt_kappa::Float32, SSLT01_radius::Float32, sulfate_density::Float32}, Nothing, Nothing}, context::ClimaComms.SingletonCommsContext{ClimaComms.CPUSingleThreaded}, grid::ClimaCore.Grids.FiniteDifferenceGrid{ClimaCore.Topologies.IntervalTopology{ClimaComms.SingletonCommsContext{ClimaComms.CPUSingleThreaded}, ClimaCore.Meshes.IntervalMesh{ClimaCore.Meshes.Uniform, ClimaCore.Domains.IntervalDomain{ClimaCore.Geometry.ZPoint{Float32}, Tuple{Symbol, Symbol}}, LinRange{ClimaCore.Geometry.ZPoint{Float32}, Int64}, Nothing}, @NamedTuple{bottom::Int64, top::Int64}}, ClimaCore.Geometry.CartesianGlobalGeometry, ClimaCore.DataLayouts.VF{ClimaCore.Geometry.LocalGeometry{(3,), ClimaCore.Geometry.ZPoint{Float32}, Float32, ClimaCore.Geometry.Tensor{2, Float32, Tuple{ClimaCore.Geometry.Components{ClimaCore.Geometry.Orthonormal, (1, 2, 3)}, ClimaCore.Geometry.Components{ClimaCore.Geometry.Covariant, (1, 2, 3)}}, StaticArraysCore.SMatrix{3, 3, Float32, 9}}, ClimaCore.Geometry.Tensor{2, Float32, Tuple{ClimaCore.Geometry.Components{ClimaCore.Geometry.Contravariant, (1, 2, 3)}, ClimaCore.Geometry.Components{ClimaCore.Geometry.Contravariant, (1, 2, 3)}}, StaticArraysCore.SMatrix{3, 3, Float32, 9}}}, 90, Matrix{Float32}}, ClimaCore.DataLayouts.VF{ClimaCore.Geometry.LocalGeometry{(3,), ClimaCore.Geometry.ZPoint{Float32}, Float32, ClimaCore.Geometry.Tensor{2, Float32, Tuple{ClimaCore.Geometry.Components{ClimaCore.Geometry.Orthonormal, (1, 2, 3)}, ClimaCore.Geometry.Components{ClimaCore.Geometry.Covariant, (1, 2, 3)}}, StaticArraysCore.SMatrix{3, 3, Float32, 9}}, ClimaCore.Geometry.Tensor{2, Float32, Tuple{ClimaCore.Geometry.Components{ClimaCore.Geometry.Contravariant, (1, 2, 3)}, ClimaCore.Geometry.Components{ClimaCore.Geometry.Contravariant, (1, 2, 3)}}, StaticArraysCore.SMatrix{3, 3, Float32, 9}}}, 91, Matrix{Float32}}}, setup::ClimaAtmos.Setups.Larcform1{@NamedTuple{T::AtmosphericProfilesLibrary.ZProfile{AtmosphericProfilesLibrary.var"#Larcform1_T##0#Larcform1_T##1"{Float32}}, q_tot::AtmosphericProfilesLibrary.ZProfile{ClimaAtmos.Setups.var"#larcform1_profiles##0#larcform1_profiles##1"{Thermodynamics.Parameters.ThermodynamicsParameters{Float32}, Float32, Float32, Float32, AtmosphericProfilesLibrary.ZProfile{AtmosphericProfilesLibrary.var"#Larcform1_p##0#Larcform1_p##1"{Float32}}, AtmosphericProfilesLibrary.ZProfile{ComposedFunction{Interpolations.Extrapolation{Float32, 1, Interpolations.GriddedInterpolation{Float32, 1, Vector{Float32}, Interpolations.Gridded{Interpolations.Linear{Interpolations.Throw{Interpolations.OnGrid}}}, Tuple{Vector{Float32}}}, Interpolations.Gridded{Interpolations.Linear{Interpolations.Throw{Interpolations.OnGrid}}}, Interpolations.Flat{Nothing}}, AtmosphericProfilesLibrary.ZProfile{AtmosphericProfilesLibrary.var"#Larcform1_p##0#Larcform1_p##1"{Float32}}}}, AtmosphericProfilesLibrary.ZProfile{AtmosphericProfilesLibrary.var"#Larcform1_T##0#Larcform1_T##1"{Float32}}}}, p::ClimaAtmos.Setups.ColumnInterpolatableField{ClimaCore.Fields.Field{ClimaCore.DataLayouts.VF{Float32, 101, Matrix{Float32}}, ClimaCore.Spaces.FiniteDifferenceSpace{ClimaCore.Grids.FiniteDifferenceGrid{ClimaCore.Topologies.IntervalTopology{ClimaComms.SingletonCommsContext{ClimaComms.CPUSingleThreaded}, ClimaCore.Meshes.IntervalMesh{ClimaCore.Meshes.Uniform, ClimaCore.Domains.IntervalDomain{ClimaCore.Geometry.ZPoint{Float32}, Tuple{Symbol, Symbol}}, LinRange{ClimaCore.Geometry.ZPoint{Float32}, Int64}, Nothing}, @NamedTuple{bottom::Int64, top::Int64}}, ClimaCore.Geometry.CartesianGlobalGeometry, ClimaCore.DataLayouts.VF{ClimaCore.Geometry.LocalGeometry{(3,), ClimaCore.Geometry.ZPoint{Float32}, Float32, ClimaCore.Geometry.Tensor{2, Float32, Tuple{ClimaCore.Geometry.Components{ClimaCore.Geometry.Orthonormal, (1, 2, 3)}, ClimaCore.Geometry.Components{ClimaCore.Geometry.Covariant, (1, 2, 3)}}, StaticArraysCore.SMatrix{3, 3, Float32, 9}}, ClimaCore.Geometry.Tensor{2, Float32, Tuple{ClimaCore.Geometry.Components{ClimaCore.Geometry.Contravariant, (1, 2, 3)}, ClimaCore.Geometry.Components{ClimaCore.Geometry.Contravariant, (1, 2, 3)}}, StaticArraysCore.SMatrix{3, 3, Float32, 9}}}, 100, Matrix{Float32}}, ClimaCore.DataLayouts.VF{ClimaCore.Geometry.LocalGeometry{(3,), ClimaCore.Geometry.ZPoint{Float32}, Float32, ClimaCore.Geometry.Tensor{2, Float32, Tuple{ClimaCore.Geometry.Components{ClimaCore.Geometry.Orthonormal, (1, 2, 3)}, ClimaCore.Geometry.Components{ClimaCore.Geometry.Covariant, (1, 2, 3)}}, StaticArraysCore.SMatrix{3, 3, Float32, 9}}, ClimaCore.Geometry.Tensor{2, Float32, Tuple{ClimaCore.Geometry.Components{ClimaCore.Geometry.Contravariant, (1, 2, 3)}, ClimaCore.Geometry.Components{ClimaCore.Geometry.Contravariant, (1, 2, 3)}}, StaticArraysCore.SMatrix{3, 3, Float32, 9}}}, 101, Matrix{Float32}}}, ClimaCore.Grids.CellFace}}, Interpolations.Extrapolation{Float32, 1, Interpolations.GriddedInterpolation{Float32, 1, Vector{Float32}, Interpolations.Gridded{Interpolations.Linear{Interpolations.Throw{Interpolations.OnGrid}}}, Tuple{Base.ReshapedArray{Float32, 1, SubArray{Float32, 2, Matrix{Float32}, Tuple{Base.OneTo{Int64}, UnitRange{Int64}}, false}, Tuple{Base.MultiplicativeInverses.SignedMultiplicativeInverse{Int64}}}}}, Interpolations.Gridded{Interpolations.Linear{Interpolations.Throw{Interpolations.OnGrid}}}, Interpolations.Flat{Nothing}}}, u::AtmosphericProfilesLibrary.ZProfile{AtmosphericProfilesLibrary.var"#Larcform1_geostrophic_u##0#Larcform1_geostrophic_u##1"{Float32}}, v::AtmosphericProfilesLibrary.ZProfile{Returns{Float32}}}}, dt::String, start_date::Dates.DateTime, t_start::String, t_end::String, ode_config::ClimaTimeSteppers.IMEXAlgorithm{ClimaTimeSteppers.Unconstrained, ClimaTimeSteppers.ARS222, ClimaTimeSteppers.IMEXTableau{ClimaTimeSteppers.SparseCoeffs{(3, 3), (true, false, false, true, true, false, true, true, true), StaticArraysCore.SMatrix{3, 3, Float64, 9}}, ClimaTimeSteppers.SparseCoeffs{(3,), (false, false, true), StaticArraysCore.SVector{3, Float64}}, ClimaTimeSteppers.SparseCoeffs{(3,), (true, false, false), StaticArraysCore.SVector{3, Float64}}, ClimaTimeSteppers.SparseCoeffs{(3, 3), (true, true, true, true, false, false, true, true, false), StaticArraysCore.SMatrix{3, 3, Float64, 9}}, ClimaTimeSteppers.SparseCoeffs{(3,), (true, false, false), StaticArraysCore.SVector{3, Float64}}, ClimaTimeSteppers.SparseCoeffs{(3,), (true, false, false), StaticArraysCore.SVector{3, Float64}}}, ClimaTimeSteppers.NewtonsMethod{ClimaTimeSteppers.UpdateEvery{ClimaTimeSteppers.NewNewtonIteration}, Nothing, Nothing, ClimaTimeSteppers.Silent, Nothing}}, steady_state_velocity::Nothing, job_id::String, output_dir::String, output_dir_style::String, restart_file::Nothing, detect_restart_file::Bool, aerosol_names::Tuple{}, time_varying_trace_gases::Tuple{}, vertical_water_borrowing_species::Nothing, default_callbacks::Bool, callbacks::Tuple{}, callback_kwargs::@NamedTuple{dt_rad::String, dt_nogw::String, dt_ogw::String, log_progress::Bool, check_nan_every::Int64, check_conservation::Bool}, diagnostics::ClimaAtmos.Diagnostics.DiagnosticsConfig{Vector{Dict{Any, Any}}}, jacobian::ClimaAtmos.ManualSparseJacobian, debug_jacobian::Bool, checkpoint_frequency::String, log_to_file::Bool, verbose::Bool)
│        @ ClimaAtmos ~/larcform1-experiments/ClimaAtmos.jl/src/simulation/AtmosSimulations.jl:317
│     [20] get_simulation(config::ClimaAtmos.AtmosConfig{Float32, ClimaParams.ParamDict{Float32}, Dict{String, Any}, ClimaComms.SingletonCommsContext{ClimaComms.CPUSingleThreaded}, Tuple{String, String, String}})
│        @ ClimaAtmos ~/larcform1-experiments/ClimaAtmos.jl/src/config/type_getters.jl:521
│     [21] (::var"#2#3")(::Tuple{Int64, String})
│        @ Main ~/larcform1-experiments/experiments/clw sensitivity experiments/run_batch.jl:54
│     [22] iterate
│        @ ./generator.jl:48 [inlined]
│     [23] collect_to!
│        @ ./array.jl:848 [inlined]
│     [24] collect_to_with_first!
│        @ ./array.jl:826 [inlined]
│     [25] collect(itr::Base.Generator{Base.Iterators.Enumerate{Vector{String}}, var"#2#3"})
│        @ Base ./array.jl:800
│     [26] map(f::Function, A::Base.Iterators.Enumerate{Vector{String}})
│        @ Base ./abstractarray.jl:3402
│     [27] top-level scope
│        @ ~/larcform1-experiments/experiments/clw sensitivity experiments/run_batch.jl:47
│     [28] include(mod::Module, _path::String)
│        @ Base ./Base.jl:306
│     [29] exec_options(opts::Base.JLOptions)
│        @ Base ./client.jl:317
│     [30] _start()
│        @ Base ./client.jl:550
└ @ Main ~/larcform1-experiments/experiments/clw sensitivity experiments/run_batch.jl:59
┌ Info: Finished variation [3/9]
│   overlay = "experiments/clw sensitivity experiments/configs/v3_2M.yml"
│   job_id = "experiments/clw sensitivity experiments/configs/v3_2M.yml"
│   ret_code = :setup_error
└   walltime = "17.7s"
┌ Info: Starting variation [4/9]
└   overlay = "experiments/clw sensitivity experiments/configs/v4_cloudonly.yml"
┌ Info: Making AtmosConfig with config files: 
│    /home/jeff/larcform1-experiments/ClimaAtmos.jl/src/config/../../config/default_configs/default_config.yml
│    /home/jeff/larcform1-experiments/experiments/clw sensitivity experiments/../../ClimaAtmos.jl/config/model_configs/larcform1_1M_prognostic_edmfx.yml
└    experiments/clw sensitivity experiments/configs/v4_cloudonly.yml
┌ Info: numerics 
│        `energy_q_tot_upwinding`::`Val{:vanleer_limiter}`
│              `tracer_upwinding`::`Val{:vanleer_limiter}`
│     `edmfx_mse_q_tot_upwinding`::`Val{:first_order}`
│       `edmfx_sgsflux_upwinding`::`Val{:none}`
│        `edmfx_tracer_upwinding`::`Val{:first_order}`
│       `test_dycore_consistency`::`Nothing`
│          `reproducible_restart`::`Nothing`
│                       `limiter`::`Nothing`
│                     `diff_mode`::`ClimaAtmos.Implicit`
└                     `hyperdiff`::`Nothing`
┌ Info: AtmosModel: 
│ 
│                             `water`::`ClimaAtmos.AtmosWater{ClimaAtmos.NonEquilibriumMicrophysics1M, ClimaAtmos.QuadratureCloud, ClimaAtmos.Implicit, Nothing, ClimaAtmos.SGSQuadrature{3, StaticArraysCore.SVector{3, Float32}, StaticArraysCore.SVector{3, Float32}, ClimaAtmos.GaussianSGS, Float32}, ClimaAtmos.FixedTerminalVelocity{Float32}}`
│                         `scm_setup`::`ClimaAtmos.SCMSetup{Nothing, Nothing, Nothing, Bool, @NamedTuple{prof_ug::AtmosphericProfilesLibrary.ZProfile{AtmosphericProfilesLibrary.var"#Larcform1_geostrophic_u##0#Larcform1_geostrophic_u##1"{Float32}}, prof_vg::AtmosphericProfilesLibrary.ZProfile{Returns{Float32}}, coriolis_param::Float32}}`
│                         `radiation`::`ClimaAtmos.AtmosRadiation{ClimaAtmos.RRTMGPInterface.AllSkyRadiationWithClearSkyDiagnostics{ClimaAtmos.InteractiveCloudInRadiation}, ClimaAtmos.Larcform1Insolation}`
│                          `turbconv`::`ClimaAtmos.AtmosTurbconv{ClimaAtmos.EDMFXModel{ClimaAtmos.InvZEntrainment, ClimaAtmos.BuoyancyVelocityDetrainment, Val{true}, Val{true}, Val{true}, Val{true}, Val{true}, ClimaAtmos.SmoothMinimumBlending}, ClimaAtmos.PrognosticEDMFX{1, true, Float32}, Nothing, Nothing, Nothing}`
│                   `prescribed_flow`::`Nothing`
│                      `gravity_wave`::`ClimaAtmos.AtmosGravityWave{Nothing, Nothing}`
│                `vertical_diffusion`::`Nothing`
│                            `sponge`::`ClimaAtmos.AtmosSponge{Nothing, Nothing}`
│                           `surface`::`ClimaAtmos.AtmosSurface{ClimaAtmos.SurfaceConditions.MoninObukhov{Float32, Nothing, Nothing}, ClimaAtmos.SurfaceConditions.SlabOceanTemperature{Float32}, ClimaAtmos.SurfaceConditions.SurfaceBoundaryOverrides{Float32, Float32, Nothing, Nothing, Nothing, Nothing}, ClimaAtmos.ConstantAlbedo{Float32}}`
│                          `numerics`::`ClimaAtmos.AtmosNumerics{Val{:vanleer_limiter}, Val{:vanleer_limiter}, Val{:first_order}, Val{:none}, Val{:first_order}, Nothing, Nothing, Nothing, ClimaAtmos.Implicit, Nothing}`
└                         `chemistry`::`ClimaAtmos.AtmosChem{Nothing}`
┌ Info: Microphysics settings: 
│                        `n_substeps`::`3`
│                   `n_substeps_quad`::`2`
│            `cloud_liquid_formation`::`CloudLiquidFormation`
│               `cloud_ice_formation`::`ConstantTimescale`
│                    `cloud_ice_melt`::`disabled`
│               `rain_autoconversion`::`disabled`
│               `snow_autoconversion`::`disabled`
│     `rain_condensation_evaporation`::`disabled`
│       `snow_deposition_sublimation`::`disabled`
│                         `snow_melt`::`disabled`
│       `cloud_liquid_rain_accretion`::`disabled`
│       `cloud_liquid_snow_accretion`::`CloudLiquidSnowAccretion`
│          `cloud_ice_rain_accretion`::`disabled`
│          `cloud_ice_snow_accretion`::`disabled`
└               `rain_snow_accretion`::`RainSnowAccretion`
[ Info: Single-process ClimaAtmos run on CPUSingleThreaded
[ Info: Using ODE config: `ClimaTimeSteppers.ARS222`
[ Info: Initialized state (15.9 μs, 6.99 KiB)
[ Info: Built cache (7.421 s, 2.77 GiB)
[ Info: Assembled callbacks (224.954 μs, 17.42 KiB)
┌ Info: Jacobian algorithm: ManualSparseJacobian(
│   approximate_solve_iters = 2,
└ )
[ Info: Jacobian derivative flags: topography_flag = IgnoreDerivative, diffusion_flag = UseDerivative
[ Info: Built tendency function (583.599 μs, 190.22 KiB)
[ Info: Initialized integrator (13.496 s, 2.5 GiB)
[ Info: Added 114 user-provided YAML-style diagnostics
[ Info: Saving accumulated diagnostics to disk with frequency: 10 minutes, 1 hour
[ Info: Set up diagnostics (3.188 s, 5.33 MiB)
[ Info: Initialized 114 total diagnostics
┌ Info: Simulation info
│   job_id = "lf1e_clw1_v4_cloudonly"
└   output_dir = "experiments/clw sensitivity experiments/output/lf1e-clw-1/v4_cloudonly/output_0001"
┌ Info: Running
│   job_id = "lf1e_clw1_v4_cloudonly"
│   output_dir = "experiments/clw sensitivity experiments/output/lf1e-clw-1/v4_cloudonly/output_0001"
└   tspan = (0.0 seconds (2010-01-01T00:00:00) [counter = 0, period = 1 second, epoch = 2010-01-01T00:00:00], 172800.0 seconds (2010-01-03T00:00:00) [counter = 172800, period = 1 second, epoch = 2010-01-01T00:00:00])
┌ Info: Progress
│   simulation_time = "30 seconds"
│   n_steps_completed = 1
│   wall_time_per_step = "0 seconds"
│   wall_time_total = "0 seconds"
│   wall_time_remaining = "0 seconds"
│   wall_time_spent = "0 seconds"
│   percent_complete = "0.0%"
│   estimated_sypd = "Inf"
│   instantaneous_sypd = "0.0 (sdpd_estimate = 0.0)"
│   date_now = 2026-07-04T08:58:20.681
└   estimated_finish_date = 2026-07-04T08:58:20.681
┌ Info: Progress
│   simulation_time = "1 minute"
│   n_steps_completed = 2
│   wall_time_per_step = "0 seconds"
│   wall_time_total = "0 seconds"
│   wall_time_remaining = "0 seconds"
│   wall_time_spent = "0 seconds"
│   percent_complete = "0.0%"
│   estimated_sypd = "Inf"
│   instantaneous_sypd = "0.006 (sdpd_estimate = 2.314)"
│   date_now = 2026-07-04T08:58:33.648
└   estimated_finish_date = 2026-07-04T08:58:33.648
┌ Info: Progress
│   simulation_time = "2 minutes"
│   n_steps_completed = 4
│   wall_time_per_step = "6 milliseconds, 11 microseconds"
│   wall_time_total = "34 seconds, 626 milliseconds"
│   wall_time_remaining = "34 seconds, 602 milliseconds"
│   wall_time_spent = "24 milliseconds, 46 microseconds"
│   percent_complete = "0.1%"
│   estimated_sypd = "13.663"
│   instantaneous_sypd = "13.663"
│   date_now = 2026-07-04T08:58:33.660
└   estimated_finish_date = 2026-07-04T08:59:08.660
┌ Info: Progress
│   simulation_time = "4 minutes"
│   n_steps_completed = 8
│   wall_time_per_step = "5 milliseconds, 276 microseconds"
│   wall_time_total = "30 seconds, 393 milliseconds"
│   wall_time_remaining = "30 seconds, 351 milliseconds"
│   wall_time_spent = "42 milliseconds, 213 microseconds"
│   percent_complete = "0.1%"
│   estimated_sypd = "15.566"
│   instantaneous_sypd = "18.085"
│   date_now = 2026-07-04T08:58:33.678
└   estimated_finish_date = 2026-07-04T08:59:04.678
┌ Info: Progress
│   simulation_time = "8 minutes"
│   n_steps_completed = 16
│   wall_time_per_step = "5 milliseconds, 346 microseconds"
│   wall_time_total = "30 seconds, 793 milliseconds"
│   wall_time_remaining = "30 seconds, 707 milliseconds"
│   wall_time_spent = "85 milliseconds, 537 microseconds"
│   percent_complete = "0.3%"
│   estimated_sypd = "15.364"
│   instantaneous_sypd = "15.167"
│   date_now = 2026-07-04T08:58:33.721
└   estimated_finish_date = 2026-07-04T08:59:04.721
┌ Info: Progress
│   simulation_time = "16 minutes"
│   n_steps_completed = 32
│   wall_time_per_step = "804 milliseconds, 641 microseconds"
│   wall_time_total = "1 hour, 17 minutes"
│   wall_time_remaining = "1 hour, 16 minutes"
│   wall_time_spent = "25 seconds, 748 milliseconds"
│   percent_complete = "0.6%"
│   estimated_sypd = "0.102"
│   instantaneous_sypd = "0.051"
│   date_now = 2026-07-04T08:58:59.384
└   estimated_finish_date = 2026-07-04T10:15:48.384
┌ Info: Progress
│   simulation_time = "32 minutes"
│   n_steps_completed = 64
│   wall_time_per_step = "406 milliseconds, 691 microseconds"
│   wall_time_total = "39 minutes, 2 seconds"
│   wall_time_remaining = "38 minutes, 36 seconds"
│   wall_time_spent = "26 seconds, 28 milliseconds"
│   percent_complete = "1.1%"
│   estimated_sypd = "0.202"
│   instantaneous_sypd = "9.395"
│   date_now = 2026-07-04T08:58:59.664
└   estimated_finish_date = 2026-07-04T09:37:36.664
┌ Info: Progress
│   simulation_time = "1 hour, 4 minutes"
│   n_steps_completed = 128
│   wall_time_per_step = "232 milliseconds, 74 microseconds"
│   wall_time_total = "22 minutes, 16 seconds"
│   wall_time_remaining = "21 minutes, 47 seconds"
│   wall_time_spent = "29 seconds, 705 milliseconds"
│   percent_complete = "2.2%"
│   estimated_sypd = "0.354"
│   instantaneous_sypd = "1.43"
│   date_now = 2026-07-04T08:59:03.341
└   estimated_finish_date = 2026-07-04T09:20:51.341
┌ Info: Progress
│   simulation_time = "2 hours, 8 minutes"
│   n_steps_completed = 256
│   wall_time_per_step = "120 milliseconds, 317 microseconds"
│   wall_time_total = "11 minutes, 33 seconds"
│   wall_time_remaining = "11 minutes, 2 seconds"
│   wall_time_spent = "30 seconds, 801 milliseconds"
│   percent_complete = "4.4%"
│   estimated_sypd = "0.683"
│   instantaneous_sypd = "9.594"
│   date_now = 2026-07-04T08:59:04.437
└   estimated_finish_date = 2026-07-04T09:10:07.437
┌ Info: Progress
│   simulation_time = "4 hours, 16 minutes"
│   n_steps_completed = 512
│   wall_time_per_step = "64 milliseconds, 912 microseconds"
│   wall_time_total = "6 minutes, 13 seconds"
│   wall_time_remaining = "5 minutes, 40 seconds"
│   wall_time_spent = "33 seconds, 235 milliseconds"
│   percent_complete = "8.9%"
│   estimated_sypd = "1.265"
│   instantaneous_sypd = "8.639"
│   date_now = 2026-07-04T08:59:06.871
└   estimated_finish_date = 2026-07-04T09:04:47.871
┌ Info: Progress
│   simulation_time = "6 hours, 40 minutes"
│   n_steps_completed = 801
│   wall_time_per_step = "45 milliseconds, 111 microseconds"
│   wall_time_total = "4 minutes, 19 seconds"
│   wall_time_remaining = "3 minutes, 43 seconds"
│   wall_time_spent = "36 seconds, 134 milliseconds"
│   percent_complete = "13.9%"
│   estimated_sypd = "1.821"
│   instantaneous_sypd = "8.189"
│   date_now = 2026-07-04T08:59:09.770
└   estimated_finish_date = 2026-07-04T09:02:53.770
┌ Info: Progress
│   simulation_time = "8 hours, 32 minutes"
│   n_steps_completed = 1024
│   wall_time_per_step = "37 milliseconds, 632 microseconds"
│   wall_time_total = "3 minutes, 36 seconds"
│   wall_time_remaining = "2 minutes, 58 seconds"
│   wall_time_spent = "38 seconds, 535 milliseconds"
│   percent_complete = "17.8%"
│   estimated_sypd = "2.183"
│   instantaneous_sypd = "7.626"
│   date_now = 2026-07-04T08:59:12.172
└   estimated_finish_date = 2026-07-04T09:02:11.171
┌ Info: Progress
│   simulation_time = "10 hours, 56 minutes"
│   n_steps_completed = 1313
│   wall_time_per_step = "31 milliseconds, 705 microseconds"
│   wall_time_total = "3 minutes, 2 seconds"
│   wall_time_remaining = "2 minutes, 20 seconds"
│   wall_time_spent = "41 seconds, 629 milliseconds"
│   percent_complete = "22.8%"
│   estimated_sypd = "2.591"
│   instantaneous_sypd = "7.673"
│   date_now = 2026-07-04T08:59:15.265
└   estimated_finish_date = 2026-07-04T09:01:36.265
┌ Info: Progress
│   simulation_time = "13 hours, 21 minutes"
│   n_steps_completed = 1602
│   wall_time_per_step = "27 milliseconds, 634 microseconds"
│   wall_time_total = "2 minutes, 39 seconds"
│   wall_time_remaining = "1 minute, 54 seconds"
│   wall_time_spent = "44 seconds, 269 milliseconds"
│   percent_complete = "27.8%"
│   estimated_sypd = "2.972"
│   instantaneous_sypd = "8.99"
│   date_now = 2026-07-04T08:59:17.905
└   estimated_finish_date = 2026-07-04T09:01:12.905
┌ Info: Progress
│   simulation_time = "15 hours, 45 minutes"
│   n_steps_completed = 1891
│   wall_time_per_step = "24 milliseconds, 735 microseconds"
│   wall_time_total = "2 minutes, 22 seconds"
│   wall_time_remaining = "1 minute, 35 seconds"
│   wall_time_spent = "46 seconds, 774 milliseconds"
│   percent_complete = "32.8%"
│   estimated_sypd = "3.321"
│   instantaneous_sypd = "9.478"
│   date_now = 2026-07-04T08:59:20.410
└   estimated_finish_date = 2026-07-04T09:00:56.410
┌ Info: Progress
│   simulation_time = "17 hours, 4 minutes"
│   n_steps_completed = 2048
│   wall_time_per_step = "23 milliseconds, 570 microseconds"
│   wall_time_total = "2 minutes, 15 seconds"
│   wall_time_remaining = "1 minute, 27 seconds"
│   wall_time_spent = "48 seconds, 273 milliseconds"
│   percent_complete = "35.6%"
│   estimated_sypd = "3.485"
│   instantaneous_sypd = "8.602"
│   date_now = 2026-07-04T08:59:21.909
└   estimated_finish_date = 2026-07-04T09:00:49.909
┌ Info: Progress
│   simulation_time = "19 hours, 28 minutes"
│   n_steps_completed = 2337
│   wall_time_per_step = "21 milliseconds, 793 microseconds"
│   wall_time_total = "2 minutes, 5 seconds"
│   wall_time_remaining = "1 minute, 14 seconds"
│   wall_time_spent = "50 seconds, 930 milliseconds"
│   percent_complete = "40.6%"
│   estimated_sypd = "3.769"
│   instantaneous_sypd = "8.933"
│   date_now = 2026-07-04T08:59:24.566
└   estimated_finish_date = 2026-07-04T09:00:39.566
┌ Info: Progress
│   simulation_time = "21 hours, 53 minutes"
│   n_steps_completed = 2626
│   wall_time_per_step = "20 milliseconds, 351 microseconds"
│   wall_time_total = "1 minute, 57 seconds"
│   wall_time_remaining = "1 minute, 3 seconds"
│   wall_time_spent = "53 seconds, 443 milliseconds"
│   percent_complete = "45.6%"
│   estimated_sypd = "4.036"
│   instantaneous_sypd = "9.446"
│   date_now = 2026-07-04T08:59:27.079
└   estimated_finish_date = 2026-07-04T09:00:31.079
┌ Info: Progress
│   simulation_time = "1 day, 17 minutes"
│   n_steps_completed = 2915
│   wall_time_per_step = "19 milliseconds, 163 microseconds"
│   wall_time_total = "1 minute, 50 seconds"
│   wall_time_remaining = "54 seconds, 519 milliseconds"
│   wall_time_spent = "55 seconds, 861 milliseconds"
│   percent_complete = "50.6%"
│   estimated_sypd = "4.286"
│   instantaneous_sypd = "9.819"
│   date_now = 2026-07-04T08:59:29.497
└   estimated_finish_date = 2026-07-04T09:00:24.497
┌ Info: Progress
│   simulation_time = "1 day, 2 hours"
│   n_steps_completed = 3204
│   wall_time_per_step = "18 milliseconds, 210 microseconds"
│   wall_time_total = "1 minute, 44 seconds"
│   wall_time_remaining = "46 seconds, 546 milliseconds"
│   wall_time_spent = "58 seconds, 346 milliseconds"
│   percent_complete = "55.6%"
│   estimated_sypd = "4.51"
│   instantaneous_sypd = "9.55"
│   date_now = 2026-07-04T08:59:31.982
└   estimated_finish_date = 2026-07-04T09:00:18.982
┌ Info: Progress
│   simulation_time = "1 day, 5 hours"
│   n_steps_completed = 3493
│   wall_time_per_step = "17 milliseconds, 414 microseconds"
│   wall_time_total = "1 minute, 40 seconds"
│   wall_time_remaining = "39 seconds, 477 milliseconds"
│   wall_time_spent = "1 minute, 827 milliseconds"
│   percent_complete = "60.6%"
│   estimated_sypd = "4.717"
│   instantaneous_sypd = "9.569"
│   date_now = 2026-07-04T08:59:34.463
└   estimated_finish_date = 2026-07-04T09:00:14.463
┌ Info: Progress
│   simulation_time = "1 day, 7 hours"
│   n_steps_completed = 3782
│   wall_time_per_step = "16 milliseconds, 754 microseconds"
│   wall_time_total = "1 minute, 36 seconds"
│   wall_time_remaining = "33 seconds, 140 milliseconds"
│   wall_time_spent = "1 minute, 3 seconds"
│   percent_complete = "65.7%"
│   estimated_sypd = "4.902"
│   instantaneous_sypd = "9.348"
│   date_now = 2026-07-04T08:59:37.002
└   estimated_finish_date = 2026-07-04T09:00:11.002
┌ Info: Progress
│   simulation_time = "1 day, 9 hours"
│   n_steps_completed = 4071
│   wall_time_per_step = "16 milliseconds, 168 microseconds"
│   wall_time_total = "1 minute, 33 seconds"
│   wall_time_remaining = "27 seconds, 308 milliseconds"
│   wall_time_spent = "1 minute, 5 seconds"
│   percent_complete = "70.7%"
│   estimated_sypd = "5.08"
│   instantaneous_sypd = "9.664"
│   date_now = 2026-07-04T08:59:39.458
└   estimated_finish_date = 2026-07-04T09:00:07.458
┌ Info: Progress
│   simulation_time = "1 day, 10 hours"
│   n_steps_completed = 4096
│   wall_time_per_step = "16 milliseconds, 120 microseconds"
│   wall_time_total = "1 minute, 32 seconds"
│   wall_time_remaining = "26 seconds, 823 milliseconds"
│   wall_time_spent = "1 minute, 6 seconds"
│   percent_complete = "71.1%"
│   estimated_sypd = "5.095"
│   instantaneous_sypd = "10.011"
│   date_now = 2026-07-04T08:59:39.664
└   estimated_finish_date = 2026-07-04T09:00:06.664
┌ Info: Progress
│   simulation_time = "1 day, 12 hours"
│   n_steps_completed = 4385
│   wall_time_per_step = "15 milliseconds, 626 microseconds"
│   wall_time_total = "1 minute, 30 seconds"
│   wall_time_remaining = "21 seconds, 486 milliseconds"
│   wall_time_spent = "1 minute, 8 seconds"
│   percent_complete = "76.1%"
│   estimated_sypd = "5.256"
│   instantaneous_sypd = "9.52"
│   date_now = 2026-07-04T08:59:42.157
└   estimated_finish_date = 2026-07-04T09:00:04.157
┌ Info: Progress
│   simulation_time = "1 day, 14 hours"
│   n_steps_completed = 4674
│   wall_time_per_step = "15 milliseconds, 187 microseconds"
│   wall_time_total = "1 minute, 27 seconds"
│   wall_time_remaining = "16 seconds, 493 milliseconds"
│   wall_time_spent = "1 minute, 10 seconds"
│   percent_complete = "81.1%"
│   estimated_sypd = "5.408"
│   instantaneous_sypd = "9.631"
│   date_now = 2026-07-04T08:59:44.621
└   estimated_finish_date = 2026-07-04T09:00:01.621
┌ Info: Progress
│   simulation_time = "1 day, 17 hours"
│   n_steps_completed = 4963
│   wall_time_per_step = "14 milliseconds, 815 microseconds"
│   wall_time_total = "1 minute, 25 seconds"
│   wall_time_remaining = "11 seconds, 807 milliseconds"
│   wall_time_spent = "1 minute, 13 seconds"
│   percent_complete = "86.2%"
│   estimated_sypd = "5.544"
│   instantaneous_sypd = "9.332"
│   date_now = 2026-07-04T08:59:47.165
└   estimated_finish_date = 2026-07-04T08:59:59.165
┌ Info: Progress
│   simulation_time = "1 day, 19 hours"
│   n_steps_completed = 5252
│   wall_time_per_step = "14 milliseconds, 466 microseconds"
│   wall_time_total = "1 minute, 23 seconds"
│   wall_time_remaining = "7 seconds, 348 milliseconds"
│   wall_time_spent = "1 minute, 15 seconds"
│   percent_complete = "91.2%"
│   estimated_sypd = "5.678"
│   instantaneous_sypd = "9.698"
│   date_now = 2026-07-04T08:59:49.613
└   estimated_finish_date = 2026-07-04T08:59:57.613
┌ Info: Progress
│   simulation_time = "1 day, 22 hours"
│   n_steps_completed = 5541
│   wall_time_per_step = "14 milliseconds, 166 microseconds"
│   wall_time_total = "1 minute, 21 seconds"
│   wall_time_remaining = "3 seconds, 102 milliseconds"
│   wall_time_spent = "1 minute, 18 seconds"
│   percent_complete = "96.2%"
│   estimated_sypd = "5.798"
│   instantaneous_sypd = "9.413"
│   date_now = 2026-07-04T08:59:52.135
└   estimated_finish_date = 2026-07-04T08:59:56.135
[ Info: solve! walltime = 80.447
[ Info: sypd: 5.885
[ Info: wall_time_per_timestep: 13 milliseconds, 966 microseconds
[ Info: Memory currently used (after solve!) by the process (RSS): 8.96 GiB
┌ Info: Finished variation [4/9]
│   overlay = "experiments/clw sensitivity experiments/configs/v4_cloudonly.yml"
│   job_id = "lf1e_clw1_v4_cloudonly"
│   ret_code = :success
└   walltime = "4m12s"
┌ Info: Starting variation [5/9]
└   overlay = "experiments/clw sensitivity experiments/configs/v5_subltime10.yml"
┌ Info: Making AtmosConfig with config files: 
│    /home/jeff/larcform1-experiments/ClimaAtmos.jl/src/config/../../config/default_configs/default_config.yml
│    /home/jeff/larcform1-experiments/experiments/clw sensitivity experiments/../../ClimaAtmos.jl/config/model_configs/larcform1_1M_prognostic_edmfx.yml
└    experiments/clw sensitivity experiments/configs/v5_subltime10.yml
┌ Info: numerics 
│        `energy_q_tot_upwinding`::`Val{:vanleer_limiter}`
│              `tracer_upwinding`::`Val{:vanleer_limiter}`
│     `edmfx_mse_q_tot_upwinding`::`Val{:first_order}`
│       `edmfx_sgsflux_upwinding`::`Val{:none}`
│        `edmfx_tracer_upwinding`::`Val{:first_order}`
│       `test_dycore_consistency`::`Nothing`
│          `reproducible_restart`::`Nothing`
│                       `limiter`::`Nothing`
│                     `diff_mode`::`ClimaAtmos.Implicit`
└                     `hyperdiff`::`Nothing`
┌ Info: AtmosModel: 
│ 
│                             `water`::`ClimaAtmos.AtmosWater{ClimaAtmos.NonEquilibriumMicrophysics1M, ClimaAtmos.QuadratureCloud, ClimaAtmos.Implicit, Nothing, ClimaAtmos.SGSQuadrature{3, StaticArraysCore.SVector{3, Float32}, StaticArraysCore.SVector{3, Float32}, ClimaAtmos.GaussianSGS, Float32}, ClimaAtmos.FixedTerminalVelocity{Float32}}`
│                         `scm_setup`::`ClimaAtmos.SCMSetup{Nothing, Nothing, Nothing, Bool, @NamedTuple{prof_ug::AtmosphericProfilesLibrary.ZProfile{AtmosphericProfilesLibrary.var"#Larcform1_geostrophic_u##0#Larcform1_geostrophic_u##1"{Float32}}, prof_vg::AtmosphericProfilesLibrary.ZProfile{Returns{Float32}}, coriolis_param::Float32}}`
│                         `radiation`::`ClimaAtmos.AtmosRadiation{ClimaAtmos.RRTMGPInterface.AllSkyRadiationWithClearSkyDiagnostics{ClimaAtmos.InteractiveCloudInRadiation}, ClimaAtmos.Larcform1Insolation}`
│                          `turbconv`::`ClimaAtmos.AtmosTurbconv{ClimaAtmos.EDMFXModel{ClimaAtmos.InvZEntrainment, ClimaAtmos.BuoyancyVelocityDetrainment, Val{true}, Val{true}, Val{true}, Val{true}, Val{true}, ClimaAtmos.SmoothMinimumBlending}, ClimaAtmos.PrognosticEDMFX{1, true, Float32}, Nothing, Nothing, Nothing}`
│                   `prescribed_flow`::`Nothing`
│                      `gravity_wave`::`ClimaAtmos.AtmosGravityWave{Nothing, Nothing}`
│                `vertical_diffusion`::`Nothing`
│                            `sponge`::`ClimaAtmos.AtmosSponge{Nothing, Nothing}`
│                           `surface`::`ClimaAtmos.AtmosSurface{ClimaAtmos.SurfaceConditions.MoninObukhov{Float32, Nothing, Nothing}, ClimaAtmos.SurfaceConditions.SlabOceanTemperature{Float32}, ClimaAtmos.SurfaceConditions.SurfaceBoundaryOverrides{Float32, Float32, Nothing, Nothing, Nothing, Nothing}, ClimaAtmos.ConstantAlbedo{Float32}}`
│                          `numerics`::`ClimaAtmos.AtmosNumerics{Val{:vanleer_limiter}, Val{:vanleer_limiter}, Val{:first_order}, Val{:none}, Val{:first_order}, Nothing, Nothing, Nothing, ClimaAtmos.Implicit, Nothing}`
└                         `chemistry`::`ClimaAtmos.AtmosChem{Nothing}`
┌ Info: Microphysics settings: 
│                        `n_substeps`::`3`
│                   `n_substeps_quad`::`2`
│            `cloud_liquid_formation`::`CloudLiquidFormation`
│               `cloud_ice_formation`::`ConstantTimescale`
│                    `cloud_ice_melt`::`CloudIceMelt`
│               `rain_autoconversion`::`Kessler1M`
│               `snow_autoconversion`::`NoSupersaturation`
│     `rain_condensation_evaporation`::`RainEvaporation`
│       `snow_deposition_sublimation`::`DepositionAndSublimation`
│                         `snow_melt`::`SnowMelt`
│       `cloud_liquid_rain_accretion`::`CloudLiquidRainAccretion`
│       `cloud_liquid_snow_accretion`::`CloudLiquidSnowAccretion`
│          `cloud_ice_rain_accretion`::`CloudIceRainAccretion`
│          `cloud_ice_snow_accretion`::`CloudIceSnowAccretion`
└               `rain_snow_accretion`::`RainSnowAccretion`
[ Info: Single-process ClimaAtmos run on CPUSingleThreaded
[ Info: Using ODE config: `ClimaTimeSteppers.ARS222`
[ Info: Initialized state (18.11 μs, 6.99 KiB)
[ Info: Built cache (213.393 ms, 141.4 MiB)
[ Info: Assembled callbacks (192.783 μs, 17.42 KiB)
┌ Info: Jacobian algorithm: ManualSparseJacobian(
│   approximate_solve_iters = 2,
└ )
[ Info: Jacobian derivative flags: topography_flag = IgnoreDerivative, diffusion_flag = UseDerivative
[ Info: Built tendency function (304.375 μs, 190.22 KiB)
[ Info: Initialized integrator (7.717 ms, 159.78 KiB)
[ Info: Added 114 user-provided YAML-style diagnostics
[ Info: Saving accumulated diagnostics to disk with frequency: 10 minutes, 1 hour
[ Info: Set up diagnostics (3.49 ms, 1.04 MiB)
[ Info: Initialized 114 total diagnostics
┌ Info: Simulation info
│   job_id = "lf1e_clw1_v5_subltime10"
└   output_dir = "experiments/clw sensitivity experiments/output/lf1e-clw-1/v5_subltime10/output_0001"
┌ Info: Running
│   job_id = "lf1e_clw1_v5_subltime10"
│   output_dir = "experiments/clw sensitivity experiments/output/lf1e-clw-1/v5_subltime10/output_0001"
└   tspan = (0.0 seconds (2010-01-01T00:00:00) [counter = 0, period = 1 second, epoch = 2010-01-01T00:00:00], 172800.0 seconds (2010-01-03T00:00:00) [counter = 172800, period = 1 second, epoch = 2010-01-01T00:00:00])
┌ Info: Progress
│   simulation_time = "30 seconds"
│   n_steps_completed = 1
│   wall_time_per_step = "0 seconds"
│   wall_time_total = "0 seconds"
│   wall_time_remaining = "0 seconds"
│   wall_time_spent = "0 seconds"
│   percent_complete = "0.0%"
│   estimated_sypd = "Inf"
│   instantaneous_sypd = "0.0 (sdpd_estimate = 0.0)"
│   date_now = 2026-07-04T08:59:54.880
└   estimated_finish_date = 2026-07-04T08:59:54.880
┌ Info: Progress
│   simulation_time = "1 minute"
│   n_steps_completed = 2
│   wall_time_per_step = "0 seconds"
│   wall_time_total = "0 seconds"
│   wall_time_remaining = "0 seconds"
│   wall_time_spent = "0 seconds"
│   percent_complete = "0.0%"
│   estimated_sypd = "Inf"
│   instantaneous_sypd = "0.03"
│   date_now = 2026-07-04T08:59:57.620
└   estimated_finish_date = 2026-07-04T08:59:57.620
┌ Info: Progress
│   simulation_time = "2 minutes"
│   n_steps_completed = 4
│   wall_time_per_step = "5 milliseconds, 588 microseconds"
│   wall_time_total = "32 seconds, 187 milliseconds"
│   wall_time_remaining = "32 seconds, 164 milliseconds"
│   wall_time_spent = "22 milliseconds, 352 microseconds"
│   percent_complete = "0.1%"
│   estimated_sypd = "14.698"
│   instantaneous_sypd = "14.698"
│   date_now = 2026-07-04T08:59:57.632
└   estimated_finish_date = 2026-07-04T09:00:30.632
┌ Info: Progress
│   simulation_time = "4 minutes"
│   n_steps_completed = 8
│   wall_time_per_step = "5 milliseconds, 49 microseconds"
│   wall_time_total = "29 seconds, 83 milliseconds"
│   wall_time_remaining = "29 seconds, 42 milliseconds"
│   wall_time_spent = "40 milliseconds, 393 microseconds"
│   percent_complete = "0.1%"
│   estimated_sypd = "16.267"
│   instantaneous_sypd = "18.211"
│   date_now = 2026-07-04T08:59:57.650
└   estimated_finish_date = 2026-07-04T09:00:27.650
┌ Info: Progress
│   simulation_time = "8 minutes"
│   n_steps_completed = 16
│   wall_time_per_step = "5 milliseconds, 37 microseconds"
│   wall_time_total = "29 seconds, 17 milliseconds"
│   wall_time_remaining = "28 seconds, 936 milliseconds"
│   wall_time_spent = "80 milliseconds, 604 microseconds"
│   percent_complete = "0.3%"
│   estimated_sypd = "16.304"
│   instantaneous_sypd = "16.341"
│   date_now = 2026-07-04T08:59:57.690
└   estimated_finish_date = 2026-07-04T09:00:26.690
┌ Info: Progress
│   simulation_time = "16 minutes"
│   n_steps_completed = 32
│   wall_time_per_step = "7 milliseconds, 729 microseconds"
│   wall_time_total = "44 seconds, 521 milliseconds"
│   wall_time_remaining = "44 seconds, 273 milliseconds"
│   wall_time_spent = "247 milliseconds, 339 microseconds"
│   percent_complete = "0.6%"
│   estimated_sypd = "10.626"
│   instantaneous_sypd = "7.882"
│   date_now = 2026-07-04T08:59:57.857
└   estimated_finish_date = 2026-07-04T09:00:42.857
┌ Info: Progress
│   simulation_time = "32 minutes"
│   n_steps_completed = 64
│   wall_time_per_step = "7 milliseconds, 969 microseconds"
│   wall_time_total = "45 seconds, 903 milliseconds"
│   wall_time_remaining = "45 seconds, 393 milliseconds"
│   wall_time_spent = "510 milliseconds, 38 microseconds"
│   percent_complete = "1.1%"
│   estimated_sypd = "10.306"
│   instantaneous_sypd = "10.005"
│   date_now = 2026-07-04T08:59:58.119
└   estimated_finish_date = 2026-07-04T09:00:44.119
┌ Info: Progress
│   simulation_time = "1 hour, 4 minutes"
│   n_steps_completed = 128
│   wall_time_per_step = "8 milliseconds, 60 microseconds"
│   wall_time_total = "46 seconds, 429 milliseconds"
│   wall_time_remaining = "45 seconds, 397 milliseconds"
│   wall_time_spent = "1 second, 31 milliseconds"
│   percent_complete = "2.2%"
│   estimated_sypd = "10.19"
│   instantaneous_sypd = "10.076"
│   date_now = 2026-07-04T08:59:58.641
└   estimated_finish_date = 2026-07-04T09:00:44.641
┌ Info: Progress
│   simulation_time = "2 hours, 8 minutes"
│   n_steps_completed = 256
│   wall_time_per_step = "7 milliseconds, 768 microseconds"
│   wall_time_total = "44 seconds, 744 milliseconds"
│   wall_time_remaining = "42 seconds, 755 milliseconds"
│   wall_time_spent = "1 second, 988 milliseconds"
│   percent_complete = "4.4%"
│   estimated_sypd = "10.573"
│   instantaneous_sypd = "10.987"
│   date_now = 2026-07-04T08:59:59.598
└   estimated_finish_date = 2026-07-04T09:00:42.598
┌ Info: Progress
│   simulation_time = "4 hours, 16 minutes"
│   n_steps_completed = 512
│   wall_time_per_step = "7 milliseconds, 808 microseconds"
│   wall_time_total = "44 seconds, 979 milliseconds"
│   wall_time_remaining = "40 seconds, 981 milliseconds"
│   wall_time_spent = "3 seconds, 998 milliseconds"
│   percent_complete = "8.9%"
│   estimated_sypd = "10.518"
│   instantaneous_sypd = "10.463"
│   date_now = 2026-07-04T09:00:01.607
└   estimated_finish_date = 2026-07-04T09:00:42.607
┌ Info: Progress
│   simulation_time = "6 hours, 40 minutes"
│   n_steps_completed = 801
│   wall_time_per_step = "7 milliseconds, 894 microseconds"
│   wall_time_total = "45 seconds, 474 milliseconds"
│   wall_time_remaining = "39 seconds, 150 milliseconds"
│   wall_time_spent = "6 seconds, 323 milliseconds"
│   percent_complete = "13.9%"
│   estimated_sypd = "10.404"
│   instantaneous_sypd = "10.207"
│   date_now = 2026-07-04T09:00:03.933
└   estimated_finish_date = 2026-07-04T09:00:43.933
┌ Info: Progress
│   simulation_time = "8 hours, 32 minutes"
│   n_steps_completed = 1024
│   wall_time_per_step = "7 milliseconds, 903 microseconds"
│   wall_time_total = "45 seconds, 523 milliseconds"
│   wall_time_remaining = "37 seconds, 430 milliseconds"
│   wall_time_spent = "8 seconds, 93 milliseconds"
│   percent_complete = "17.8%"
│   estimated_sypd = "10.392"
│   instantaneous_sypd = "10.352"
│   date_now = 2026-07-04T09:00:05.702
└   estimated_finish_date = 2026-07-04T09:00:43.702
┌ Info: Progress
│   simulation_time = "10 hours, 56 minutes"
│   n_steps_completed = 1313
│   wall_time_per_step = "8 milliseconds, 20 microseconds"
│   wall_time_total = "46 seconds, 200 milliseconds"
│   wall_time_remaining = "35 seconds, 668 milliseconds"
│   wall_time_spent = "10 seconds, 531 milliseconds"
│   percent_complete = "22.8%"
│   estimated_sypd = "10.24"
│   instantaneous_sypd = "9.735"
│   date_now = 2026-07-04T09:00:08.141
└   estimated_finish_date = 2026-07-04T09:00:44.141
┌ Info: Progress
│   simulation_time = "13 hours, 21 minutes"
│   n_steps_completed = 1602
│   wall_time_per_step = "8 milliseconds, 20 microseconds"
│   wall_time_total = "46 seconds, 195 milliseconds"
│   wall_time_remaining = "33 seconds, 347 milliseconds"
│   wall_time_spent = "12 seconds, 848 milliseconds"
│   percent_complete = "27.8%"
│   estimated_sypd = "10.241"
│   instantaneous_sypd = "10.246"
│   date_now = 2026-07-04T09:00:10.457
└   estimated_finish_date = 2026-07-04T09:00:44.457
┌ Info: Progress
│   simulation_time = "15 hours, 45 minutes"
│   n_steps_completed = 1891
│   wall_time_per_step = "8 milliseconds, 36 microseconds"
│   wall_time_total = "46 seconds, 287 milliseconds"
│   wall_time_remaining = "31 seconds, 91 milliseconds"
│   wall_time_spent = "15 seconds, 196 milliseconds"
│   percent_complete = "32.8%"
│   estimated_sypd = "10.221"
│   instantaneous_sypd = "10.109"
│   date_now = 2026-07-04T09:00:12.806
└   estimated_finish_date = 2026-07-04T09:00:44.805
┌ Info: Progress
│   simulation_time = "17 hours, 4 minutes"
│   n_steps_completed = 2048
│   wall_time_per_step = "8 milliseconds, 39 microseconds"
│   wall_time_total = "46 seconds, 305 milliseconds"
│   wall_time_remaining = "29 seconds, 841 milliseconds"
│   wall_time_spent = "16 seconds, 464 milliseconds"
│   percent_complete = "35.6%"
│   estimated_sypd = "10.217"
│   instantaneous_sypd = "10.171"
│   date_now = 2026-07-04T09:00:14.073
└   estimated_finish_date = 2026-07-04T09:00:44.073
┌ Info: Progress
│   simulation_time = "19 hours, 28 minutes"
│   n_steps_completed = 2337
│   wall_time_per_step = "8 milliseconds, 35 microseconds"
│   wall_time_total = "46 seconds, 285 milliseconds"
│   wall_time_remaining = "27 seconds, 506 milliseconds"
│   wall_time_spent = "18 seconds, 779 milliseconds"
│   percent_complete = "40.6%"
│   estimated_sypd = "10.221"
│   instantaneous_sypd = "10.251"
│   date_now = 2026-07-04T09:00:16.389
└   estimated_finish_date = 2026-07-04T09:00:44.389
┌ Info: Progress
│   simulation_time = "21 hours, 53 minutes"
│   n_steps_completed = 2626
│   wall_time_per_step = "8 milliseconds, 58 microseconds"
│   wall_time_total = "46 seconds, 417 milliseconds"
│   wall_time_remaining = "25 seconds, 255 milliseconds"
│   wall_time_spent = "21 seconds, 161 milliseconds"
│   percent_complete = "45.6%"
│   estimated_sypd = "10.192"
│   instantaneous_sypd = "9.964"
│   date_now = 2026-07-04T09:00:18.771
└   estimated_finish_date = 2026-07-04T09:00:44.771
┌ Info: Progress
│   simulation_time = "1 day, 17 minutes"
│   n_steps_completed = 2915
│   wall_time_per_step = "8 milliseconds, 57 microseconds"
│   wall_time_total = "46 seconds, 412 milliseconds"
│   wall_time_remaining = "22 seconds, 924 milliseconds"
│   wall_time_spent = "23 seconds, 488 milliseconds"
│   percent_complete = "50.6%"
│   estimated_sypd = "10.193"
│   instantaneous_sypd = "10.203"
│   date_now = 2026-07-04T09:00:21.098
└   estimated_finish_date = 2026-07-04T09:00:44.098
┌ Info: Progress
│   simulation_time = "1 day, 2 hours"
│   n_steps_completed = 3204
│   wall_time_per_step = "8 milliseconds, 87 microseconds"
│   wall_time_total = "46 seconds, 585 milliseconds"
│   wall_time_remaining = "20 seconds, 672 milliseconds"
│   wall_time_spent = "25 seconds, 913 milliseconds"
│   percent_complete = "55.6%"
│   estimated_sypd = "10.156"
│   instantaneous_sypd = "9.789"
│   date_now = 2026-07-04T09:00:23.523
└   estimated_finish_date = 2026-07-04T09:00:44.523
┌ Info: Progress
│   simulation_time = "1 day, 5 hours"
│   n_steps_completed = 3493
│   wall_time_per_step = "8 milliseconds, 100 microseconds"
│   wall_time_total = "46 seconds, 660 milliseconds"
│   wall_time_remaining = "18 seconds, 364 milliseconds"
│   wall_time_spent = "28 seconds, 295 milliseconds"
│   percent_complete = "60.6%"
│   estimated_sypd = "10.139"
│   instantaneous_sypd = "9.963"
│   date_now = 2026-07-04T09:00:25.905
└   estimated_finish_date = 2026-07-04T09:00:44.905
┌ Info: Progress
│   simulation_time = "1 day, 7 hours"
│   n_steps_completed = 3782
│   wall_time_per_step = "8 milliseconds, 130 microseconds"
│   wall_time_total = "46 seconds, 830 milliseconds"
│   wall_time_remaining = "16 seconds, 81 milliseconds"
│   wall_time_spent = "30 seconds, 748 milliseconds"
│   percent_complete = "65.7%"
│   estimated_sypd = "10.102"
│   instantaneous_sypd = "9.678"
│   date_now = 2026-07-04T09:00:28.358
└   estimated_finish_date = 2026-07-04T09:00:45.358
┌ Info: Progress
│   simulation_time = "1 day, 9 hours"
│   n_steps_completed = 4071
│   wall_time_per_step = "8 milliseconds, 142 microseconds"
│   wall_time_total = "46 seconds, 901 milliseconds"
│   wall_time_remaining = "13 seconds, 752 milliseconds"
│   wall_time_spent = "33 seconds, 148 milliseconds"
│   percent_complete = "70.7%"
│   estimated_sypd = "10.087"
│   instantaneous_sypd = "9.889"
│   date_now = 2026-07-04T09:00:30.758
└   estimated_finish_date = 2026-07-04T09:00:44.758
┌ Info: Progress
│   simulation_time = "1 day, 10 hours"
│   n_steps_completed = 4096
│   wall_time_per_step = "8 milliseconds, 153 microseconds"
│   wall_time_total = "46 seconds, 962 milliseconds"
│   wall_time_remaining = "13 seconds, 567 milliseconds"
│   wall_time_spent = "33 seconds, 395 milliseconds"
│   percent_complete = "71.1%"
│   estimated_sypd = "10.074"
│   instantaneous_sypd = "8.315"
│   date_now = 2026-07-04T09:00:31.005
└   estimated_finish_date = 2026-07-04T09:00:45.005
┌ Info: Progress
│   simulation_time = "1 day, 12 hours"
│   n_steps_completed = 4385
│   wall_time_per_step = "8 milliseconds, 172 microseconds"
│   wall_time_total = "47 seconds, 75 milliseconds"
│   wall_time_remaining = "11 seconds, 237 milliseconds"
│   wall_time_spent = "35 seconds, 837 milliseconds"
│   percent_complete = "76.1%"
│   estimated_sypd = "10.05"
│   instantaneous_sypd = "9.721"
│   date_now = 2026-07-04T09:00:33.447
└   estimated_finish_date = 2026-07-04T09:00:45.447
┌ Info: Progress
│   simulation_time = "1 day, 14 hours"
│   n_steps_completed = 4674
│   wall_time_per_step = "8 milliseconds, 209 microseconds"
│   wall_time_total = "47 seconds, 288 milliseconds"
│   wall_time_remaining = "8 seconds, 915 milliseconds"
│   wall_time_spent = "38 seconds, 372 milliseconds"
│   percent_complete = "81.1%"
│   estimated_sypd = "10.005"
│   instantaneous_sypd = "9.365"
│   date_now = 2026-07-04T09:00:35.982
└   estimated_finish_date = 2026-07-04T09:00:44.982
┌ Info: Progress
│   simulation_time = "1 day, 17 hours"
│   n_steps_completed = 4963
│   wall_time_per_step = "8 milliseconds, 275 microseconds"
│   wall_time_total = "47 seconds, 667 milliseconds"
│   wall_time_remaining = "6 seconds, 595 milliseconds"
│   wall_time_spent = "41 seconds, 71 milliseconds"
│   percent_complete = "86.2%"
│   estimated_sypd = "9.925"
│   instantaneous_sypd = "8.793"
│   date_now = 2026-07-04T09:00:38.681
└   estimated_finish_date = 2026-07-04T09:00:45.681
┌ Info: Progress
│   simulation_time = "1 day, 19 hours"
│   n_steps_completed = 5252
│   wall_time_per_step = "8 milliseconds, 315 microseconds"
│   wall_time_total = "47 seconds, 897 milliseconds"
│   wall_time_remaining = "4 seconds, 224 milliseconds"
│   wall_time_spent = "43 seconds, 673 milliseconds"
│   percent_complete = "91.2%"
│   estimated_sypd = "9.877"
│   instantaneous_sypd = "9.124"
│   date_now = 2026-07-04T09:00:41.283
└   estimated_finish_date = 2026-07-04T09:00:46.283
┌ Info: Progress
│   simulation_time = "1 day, 22 hours"
│   n_steps_completed = 5541
│   wall_time_per_step = "8 milliseconds, 372 microseconds"
│   wall_time_total = "48 seconds, 226 milliseconds"
│   wall_time_remaining = "1 second, 833 milliseconds"
│   wall_time_spent = "46 seconds, 392 milliseconds"
│   percent_complete = "96.2%"
│   estimated_sypd = "9.81"
│   instantaneous_sypd = "8.729"
│   date_now = 2026-07-04T09:00:44.002
└   estimated_finish_date = 2026-07-04T09:00:46.002
[ Info: solve! walltime = 48.272
[ Info: sypd: 9.807
[ Info: wall_time_per_timestep: 8 milliseconds, 380 microseconds
[ Info: Memory currently used (after solve!) by the process (RSS): 8.96 GiB
┌ Info: Finished variation [5/9]
│   overlay = "experiments/clw sensitivity experiments/configs/v5_subltime10.yml"
│   job_id = "lf1e_clw1_v5_subltime10"
│   ret_code = :success
└   walltime = "51.6s"
┌ Info: Starting variation [6/9]
└   overlay = "experiments/clw sensitivity experiments/configs/v6_subltime400.yml"
┌ Info: Making AtmosConfig with config files: 
│    /home/jeff/larcform1-experiments/ClimaAtmos.jl/src/config/../../config/default_configs/default_config.yml
│    /home/jeff/larcform1-experiments/experiments/clw sensitivity experiments/../../ClimaAtmos.jl/config/model_configs/larcform1_1M_prognostic_edmfx.yml
└    experiments/clw sensitivity experiments/configs/v6_subltime400.yml
┌ Info: numerics 
│        `energy_q_tot_upwinding`::`Val{:vanleer_limiter}`
│              `tracer_upwinding`::`Val{:vanleer_limiter}`
│     `edmfx_mse_q_tot_upwinding`::`Val{:first_order}`
│       `edmfx_sgsflux_upwinding`::`Val{:none}`
│        `edmfx_tracer_upwinding`::`Val{:first_order}`
│       `test_dycore_consistency`::`Nothing`
│          `reproducible_restart`::`Nothing`
│                       `limiter`::`Nothing`
│                     `diff_mode`::`ClimaAtmos.Implicit`
└                     `hyperdiff`::`Nothing`
┌ Info: AtmosModel: 
│ 
│                             `water`::`ClimaAtmos.AtmosWater{ClimaAtmos.NonEquilibriumMicrophysics1M, ClimaAtmos.QuadratureCloud, ClimaAtmos.Implicit, Nothing, ClimaAtmos.SGSQuadrature{3, StaticArraysCore.SVector{3, Float32}, StaticArraysCore.SVector{3, Float32}, ClimaAtmos.GaussianSGS, Float32}, ClimaAtmos.FixedTerminalVelocity{Float32}}`
│                         `scm_setup`::`ClimaAtmos.SCMSetup{Nothing, Nothing, Nothing, Bool, @NamedTuple{prof_ug::AtmosphericProfilesLibrary.ZProfile{AtmosphericProfilesLibrary.var"#Larcform1_geostrophic_u##0#Larcform1_geostrophic_u##1"{Float32}}, prof_vg::AtmosphericProfilesLibrary.ZProfile{Returns{Float32}}, coriolis_param::Float32}}`
│                         `radiation`::`ClimaAtmos.AtmosRadiation{ClimaAtmos.RRTMGPInterface.AllSkyRadiationWithClearSkyDiagnostics{ClimaAtmos.InteractiveCloudInRadiation}, ClimaAtmos.Larcform1Insolation}`
│                          `turbconv`::`ClimaAtmos.AtmosTurbconv{ClimaAtmos.EDMFXModel{ClimaAtmos.InvZEntrainment, ClimaAtmos.BuoyancyVelocityDetrainment, Val{true}, Val{true}, Val{true}, Val{true}, Val{true}, ClimaAtmos.SmoothMinimumBlending}, ClimaAtmos.PrognosticEDMFX{1, true, Float32}, Nothing, Nothing, Nothing}`
│                   `prescribed_flow`::`Nothing`
│                      `gravity_wave`::`ClimaAtmos.AtmosGravityWave{Nothing, Nothing}`
│                `vertical_diffusion`::`Nothing`
│                            `sponge`::`ClimaAtmos.AtmosSponge{Nothing, Nothing}`
│                           `surface`::`ClimaAtmos.AtmosSurface{ClimaAtmos.SurfaceConditions.MoninObukhov{Float32, Nothing, Nothing}, ClimaAtmos.SurfaceConditions.SlabOceanTemperature{Float32}, ClimaAtmos.SurfaceConditions.SurfaceBoundaryOverrides{Float32, Float32, Nothing, Nothing, Nothing, Nothing}, ClimaAtmos.ConstantAlbedo{Float32}}`
│                          `numerics`::`ClimaAtmos.AtmosNumerics{Val{:vanleer_limiter}, Val{:vanleer_limiter}, Val{:first_order}, Val{:none}, Val{:first_order}, Nothing, Nothing, Nothing, ClimaAtmos.Implicit, Nothing}`
└                         `chemistry`::`ClimaAtmos.AtmosChem{Nothing}`
┌ Info: Microphysics settings: 
│                        `n_substeps`::`3`
│                   `n_substeps_quad`::`2`
│            `cloud_liquid_formation`::`CloudLiquidFormation`
│               `cloud_ice_formation`::`ConstantTimescale`
│                    `cloud_ice_melt`::`CloudIceMelt`
│               `rain_autoconversion`::`Kessler1M`
│               `snow_autoconversion`::`NoSupersaturation`
│     `rain_condensation_evaporation`::`RainEvaporation`
│       `snow_deposition_sublimation`::`DepositionAndSublimation`
│                         `snow_melt`::`SnowMelt`
│       `cloud_liquid_rain_accretion`::`CloudLiquidRainAccretion`
│       `cloud_liquid_snow_accretion`::`CloudLiquidSnowAccretion`
│          `cloud_ice_rain_accretion`::`CloudIceRainAccretion`
│          `cloud_ice_snow_accretion`::`CloudIceSnowAccretion`
└               `rain_snow_accretion`::`RainSnowAccretion`
[ Info: Single-process ClimaAtmos run on CPUSingleThreaded
[ Info: Using ODE config: `ClimaTimeSteppers.ARS222`
[ Info: Initialized state (16.921 μs, 6.99 KiB)
[ Info: Built cache (256.917 ms, 141.4 MiB)
[ Info: Assembled callbacks (189.323 μs, 17.42 KiB)
┌ Info: Jacobian algorithm: ManualSparseJacobian(
│   approximate_solve_iters = 2,
└ )
[ Info: Jacobian derivative flags: topography_flag = IgnoreDerivative, diffusion_flag = UseDerivative
[ Info: Built tendency function (292.625 μs, 190.5 KiB)
[ Info: Initialized integrator (7.667 ms, 159.78 KiB)
[ Info: Added 114 user-provided YAML-style diagnostics
[ Info: Saving accumulated diagnostics to disk with frequency: 10 minutes, 1 hour
[ Info: Set up diagnostics (3.278 ms, 1.04 MiB)
[ Info: Initialized 114 total diagnostics
┌ Info: Simulation info
│   job_id = "lf1e_clw1_v6_subltime400"
└   output_dir = "experiments/clw sensitivity experiments/output/lf1e-clw-1/v6_subltime400/output_0000"
┌ Info: Running
│   job_id = "lf1e_clw1_v6_subltime400"
│   output_dir = "experiments/clw sensitivity experiments/output/lf1e-clw-1/v6_subltime400/output_0000"
└   tspan = (0.0 seconds (2010-01-01T00:00:00) [counter = 0, period = 1 second, epoch = 2010-01-01T00:00:00], 172800.0 seconds (2010-01-03T00:00:00) [counter = 172800, period = 1 second, epoch = 2010-01-01T00:00:00])
┌ Info: Progress
│   simulation_time = "30 seconds"
│   n_steps_completed = 1
│   wall_time_per_step = "0 seconds"
│   wall_time_total = "0 seconds"
│   wall_time_remaining = "0 seconds"
│   wall_time_spent = "0 seconds"
│   percent_complete = "0.0%"
│   estimated_sypd = "Inf"
│   instantaneous_sypd = "0.0 (sdpd_estimate = 0.0)"
│   date_now = 2026-07-04T09:00:46.375
└   estimated_finish_date = 2026-07-04T09:00:46.375
┌ Info: Progress
│   simulation_time = "1 minute"
│   n_steps_completed = 2
│   wall_time_per_step = "0 seconds"
│   wall_time_total = "0 seconds"
│   wall_time_remaining = "0 seconds"
│   wall_time_spent = "0 seconds"
│   percent_complete = "0.0%"
│   estimated_sypd = "Inf"
│   instantaneous_sypd = "0.028"
│   date_now = 2026-07-04T09:00:49.307
└   estimated_finish_date = 2026-07-04T09:00:49.307
┌ Info: Progress
│   simulation_time = "2 minutes"
│   n_steps_completed = 4
│   wall_time_per_step = "5 milliseconds, 568 microseconds"
│   wall_time_total = "32 seconds, 71 milliseconds"
│   wall_time_remaining = "32 seconds, 49 milliseconds"
│   wall_time_spent = "22 milliseconds, 272 microseconds"
│   percent_complete = "0.1%"
│   estimated_sypd = "14.751"
│   instantaneous_sypd = "14.751"
│   date_now = 2026-07-04T09:00:49.318
└   estimated_finish_date = 2026-07-04T09:01:22.318
┌ Info: Progress
│   simulation_time = "4 minutes"
│   n_steps_completed = 8
│   wall_time_per_step = "5 milliseconds, 36 microseconds"
│   wall_time_total = "29 seconds, 7 milliseconds"
│   wall_time_remaining = "28 seconds, 967 milliseconds"
│   wall_time_spent = "40 milliseconds, 288 microseconds"
│   percent_complete = "0.1%"
│   estimated_sypd = "16.31"
│   instantaneous_sypd = "18.236"
│   date_now = 2026-07-04T09:00:49.336
└   estimated_finish_date = 2026-07-04T09:01:18.336
┌ Info: Progress
│   simulation_time = "8 minutes"
│   n_steps_completed = 16
│   wall_time_per_step = "5 milliseconds, 8 microseconds"
│   wall_time_total = "28 seconds, 848 milliseconds"
│   wall_time_remaining = "28 seconds, 768 milliseconds"
│   wall_time_spent = "80 milliseconds, 135 microseconds"
│   percent_complete = "0.3%"
│   estimated_sypd = "16.399"
│   instantaneous_sypd = "16.49"
│   date_now = 2026-07-04T09:00:49.376
└   estimated_finish_date = 2026-07-04T09:01:18.376
┌ Info: Progress
│   simulation_time = "16 minutes"
│   n_steps_completed = 32
│   wall_time_per_step = "8 milliseconds, 5 microseconds"
│   wall_time_total = "46 seconds, 108 milliseconds"
│   wall_time_remaining = "45 seconds, 852 milliseconds"
│   wall_time_spent = "256 milliseconds, 160 microseconds"
│   percent_complete = "0.6%"
│   estimated_sypd = "10.261"
│   instantaneous_sypd = "7.466"
│   date_now = 2026-07-04T09:00:49.552
└   estimated_finish_date = 2026-07-04T09:01:35.552
┌ Info: Progress
│   simulation_time = "32 minutes"
│   n_steps_completed = 64
│   wall_time_per_step = "8 milliseconds, 69 microseconds"
│   wall_time_total = "46 seconds, 481 milliseconds"
│   wall_time_remaining = "45 seconds, 965 milliseconds"
│   wall_time_spent = "516 milliseconds, 466 microseconds"
│   percent_complete = "1.1%"
│   estimated_sypd = "10.178"
│   instantaneous_sypd = "10.097"
│   date_now = 2026-07-04T09:00:49.813
└   estimated_finish_date = 2026-07-04T09:01:35.813
┌ Info: Progress
│   simulation_time = "1 hour, 4 minutes"
│   n_steps_completed = 128
│   wall_time_per_step = "8 milliseconds, 162 microseconds"
│   wall_time_total = "47 seconds, 13 milliseconds"
│   wall_time_remaining = "45 seconds, 969 milliseconds"
│   wall_time_spent = "1 second, 44 milliseconds"
│   percent_complete = "2.2%"
│   estimated_sypd = "10.063"
│   instantaneous_sypd = "9.95"
│   date_now = 2026-07-04T09:00:50.341
└   estimated_finish_date = 2026-07-04T09:01:36.341
┌ Info: Progress
│   simulation_time = "2 hours, 8 minutes"
│   n_steps_completed = 256
│   wall_time_per_step = "7 milliseconds, 924 microseconds"
│   wall_time_total = "45 seconds, 645 milliseconds"
│   wall_time_remaining = "43 seconds, 616 milliseconds"
│   wall_time_spent = "2 seconds, 28 milliseconds"
│   percent_complete = "4.4%"
│   estimated_sypd = "10.365"
│   instantaneous_sypd = "10.685"
│   date_now = 2026-07-04T09:00:51.325
└   estimated_finish_date = 2026-07-04T09:01:35.325
┌ Info: Progress
│   simulation_time = "4 hours, 16 minutes"
│   n_steps_completed = 512
│   wall_time_per_step = "8 milliseconds, 641 microseconds"
│   wall_time_total = "49 seconds, 772 milliseconds"
│   wall_time_remaining = "45 seconds, 348 milliseconds"
│   wall_time_spent = "4 seconds, 424 milliseconds"
│   percent_complete = "8.9%"
│   estimated_sypd = "9.505"
│   instantaneous_sypd = "8.777"
│   date_now = 2026-07-04T09:00:53.720
└   estimated_finish_date = 2026-07-04T09:01:39.720
┌ Info: Progress
│   simulation_time = "6 hours, 40 minutes"
│   n_steps_completed = 801
│   wall_time_per_step = "9 milliseconds, 340 microseconds"
│   wall_time_total = "53 seconds, 802 milliseconds"
│   wall_time_remaining = "46 seconds, 320 milliseconds"
│   wall_time_spent = "7 seconds, 481 milliseconds"
│   percent_complete = "13.9%"
│   estimated_sypd = "8.793"
│   instantaneous_sypd = "7.763"
│   date_now = 2026-07-04T09:00:56.778
└   estimated_finish_date = 2026-07-04T09:01:43.778
┌ Info: Progress
│   simulation_time = "8 hours, 32 minutes"
│   n_steps_completed = 1024
│   wall_time_per_step = "9 milliseconds, 396 microseconds"
│   wall_time_total = "54 seconds, 126 milliseconds"
│   wall_time_remaining = "44 seconds, 503 milliseconds"
│   wall_time_spent = "9 seconds, 622 milliseconds"
│   percent_complete = "17.8%"
│   estimated_sypd = "8.741"
│   instantaneous_sypd = "8.557"
│   date_now = 2026-07-04T09:00:58.919
└   estimated_finish_date = 2026-07-04T09:01:43.919
┌ Info: Progress
│   simulation_time = "10 hours, 56 minutes"
│   n_steps_completed = 1313
│   wall_time_per_step = "9 milliseconds, 264 microseconds"
│   wall_time_total = "53 seconds, 362 milliseconds"
│   wall_time_remaining = "41 seconds, 198 milliseconds"
│   wall_time_spent = "12 seconds, 164 milliseconds"
│   percent_complete = "22.8%"
│   estimated_sypd = "8.866"
│   instantaneous_sypd = "9.339"
│   date_now = 2026-07-04T09:01:01.460
└   estimated_finish_date = 2026-07-04T09:01:43.460
┌ Info: Progress
│   simulation_time = "13 hours, 21 minutes"
│   n_steps_completed = 1602
│   wall_time_per_step = "9 milliseconds, 251 microseconds"
│   wall_time_total = "53 seconds, 290 milliseconds"
│   wall_time_remaining = "38 seconds, 469 milliseconds"
│   wall_time_spent = "14 seconds, 821 milliseconds"
│   percent_complete = "27.8%"
│   estimated_sypd = "8.878"
│   instantaneous_sypd = "8.933"
│   date_now = 2026-07-04T09:01:04.118
└   estimated_finish_date = 2026-07-04T09:01:43.118
┌ Info: Progress
│   simulation_time = "15 hours, 45 minutes"
│   n_steps_completed = 1891
│   wall_time_per_step = "9 milliseconds, 106 microseconds"
│   wall_time_total = "52 seconds, 455 milliseconds"
│   wall_time_remaining = "35 seconds, 234 milliseconds"
│   wall_time_spent = "17 seconds, 221 milliseconds"
│   percent_complete = "32.8%"
│   estimated_sypd = "9.019"
│   instantaneous_sypd = "9.892"
│   date_now = 2026-07-04T09:01:06.517
└   estimated_finish_date = 2026-07-04T09:01:42.517
┌ Info: Progress
│   simulation_time = "17 hours, 4 minutes"
│   n_steps_completed = 2048
│   wall_time_per_step = "9 milliseconds, 30 microseconds"
│   wall_time_total = "52 seconds, 18 milliseconds"
│   wall_time_remaining = "33 seconds, 522 milliseconds"
│   wall_time_spent = "18 seconds, 495 milliseconds"
│   percent_complete = "35.6%"
│   estimated_sypd = "9.095"
│   instantaneous_sypd = "10.12"
│   date_now = 2026-07-04T09:01:07.792
└   estimated_finish_date = 2026-07-04T09:01:41.792
┌ Info: Progress
│   simulation_time = "19 hours, 28 minutes"
│   n_steps_completed = 2337
│   wall_time_per_step = "8 milliseconds, 901 microseconds"
│   wall_time_total = "51 seconds, 269 milliseconds"
│   wall_time_remaining = "30 seconds, 468 milliseconds"
│   wall_time_spent = "20 seconds, 801 milliseconds"
│   percent_complete = "40.6%"
│   estimated_sypd = "9.228"
│   instantaneous_sypd = "10.293"
│   date_now = 2026-07-04T09:01:10.098
└   estimated_finish_date = 2026-07-04T09:01:41.098
┌ Info: Progress
│   simulation_time = "21 hours, 53 minutes"
│   n_steps_completed = 2626
│   wall_time_per_step = "8 milliseconds, 827 microseconds"
│   wall_time_total = "50 seconds, 845 milliseconds"
│   wall_time_remaining = "27 seconds, 664 milliseconds"
│   wall_time_spent = "23 seconds, 180 milliseconds"
│   percent_complete = "45.6%"
│   estimated_sypd = "9.305"
│   instantaneous_sypd = "9.978"
│   date_now = 2026-07-04T09:01:12.477
└   estimated_finish_date = 2026-07-04T09:01:40.477
┌ Info: Progress
│   simulation_time = "1 day, 17 minutes"
│   n_steps_completed = 2915
│   wall_time_per_step = "8 milliseconds, 754 microseconds"
│   wall_time_total = "50 seconds, 423 milliseconds"
│   wall_time_remaining = "24 seconds, 905 milliseconds"
│   wall_time_spent = "25 seconds, 518 milliseconds"
│   percent_complete = "50.6%"
│   estimated_sypd = "9.382"
│   instantaneous_sypd = "10.154"
│   date_now = 2026-07-04T09:01:14.815
└   estimated_finish_date = 2026-07-04T09:01:39.815
┌ Info: Progress
│   simulation_time = "1 day, 2 hours"
│   n_steps_completed = 3204
│   wall_time_per_step = "8 milliseconds, 713 microseconds"
│   wall_time_total = "50 seconds, 189 milliseconds"
│   wall_time_remaining = "22 seconds, 271 milliseconds"
│   wall_time_spent = "27 seconds, 917 milliseconds"
│   percent_complete = "55.6%"
│   estimated_sypd = "9.426"
│   instantaneous_sypd = "9.893"
│   date_now = 2026-07-04T09:01:17.214
└   estimated_finish_date = 2026-07-04T09:01:40.214
┌ Info: Progress
│   simulation_time = "1 day, 5 hours"
│   n_steps_completed = 3493
│   wall_time_per_step = "8 milliseconds, 662 microseconds"
│   wall_time_total = "49 seconds, 896 milliseconds"
│   wall_time_remaining = "19 seconds, 638 milliseconds"
│   wall_time_spent = "30 seconds, 258 milliseconds"
│   percent_complete = "60.6%"
│   estimated_sypd = "9.482"
│   instantaneous_sypd = "10.14"
│   date_now = 2026-07-04T09:01:19.555
└   estimated_finish_date = 2026-07-04T09:01:39.555
┌ Info: Progress
│   simulation_time = "1 day, 7 hours"
│   n_steps_completed = 3782
│   wall_time_per_step = "8 milliseconds, 641 microseconds"
│   wall_time_total = "49 seconds, 775 milliseconds"
│   wall_time_remaining = "17 seconds, 92 milliseconds"
│   wall_time_spent = "32 seconds, 682 milliseconds"
│   percent_complete = "65.7%"
│   estimated_sypd = "9.505"
│   instantaneous_sypd = "9.794"
│   date_now = 2026-07-04T09:01:21.979
└   estimated_finish_date = 2026-07-04T09:01:39.978
┌ Info: Progress
│   simulation_time = "1 day, 9 hours"
│   n_steps_completed = 4071
│   wall_time_per_step = "8 milliseconds, 607 microseconds"
│   wall_time_total = "49 seconds, 581 milliseconds"
│   wall_time_remaining = "14 seconds, 538 milliseconds"
│   wall_time_spent = "35 seconds, 42 milliseconds"
│   percent_complete = "70.7%"
│   estimated_sypd = "9.542"
│   instantaneous_sypd = "10.056"
│   date_now = 2026-07-04T09:01:24.339
└   estimated_finish_date = 2026-07-04T09:01:39.339
┌ Info: Progress
│   simulation_time = "1 day, 10 hours"
│   n_steps_completed = 4096
│   wall_time_per_step = "8 milliseconds, 603 microseconds"
│   wall_time_total = "49 seconds, 557 milliseconds"
│   wall_time_remaining = "14 seconds, 316 milliseconds"
│   wall_time_spent = "35 seconds, 240 milliseconds"
│   percent_complete = "71.1%"
│   estimated_sypd = "9.547"
│   instantaneous_sypd = "10.372"
│   date_now = 2026-07-04T09:01:24.537
└   estimated_finish_date = 2026-07-04T09:01:39.537
┌ Info: Progress
│   simulation_time = "1 day, 12 hours"
│   n_steps_completed = 4385
│   wall_time_per_step = "8 milliseconds, 588 microseconds"
│   wall_time_total = "49 seconds, 468 milliseconds"
│   wall_time_remaining = "11 seconds, 808 milliseconds"
│   wall_time_spent = "37 seconds, 659 milliseconds"
│   percent_complete = "76.1%"
│   estimated_sypd = "9.564"
│   instantaneous_sypd = "9.815"
│   date_now = 2026-07-04T09:01:26.955
└   estimated_finish_date = 2026-07-04T09:01:38.955
┌ Info: Progress
│   simulation_time = "1 day, 14 hours"
│   n_steps_completed = 4674
│   wall_time_per_step = "8 milliseconds, 562 microseconds"
│   wall_time_total = "49 seconds, 320 milliseconds"
│   wall_time_remaining = "9 seconds, 298 milliseconds"
│   wall_time_spent = "40 seconds, 21 milliseconds"
│   percent_complete = "81.1%"
│   estimated_sypd = "9.592"
│   instantaneous_sypd = "10.048"
│   date_now = 2026-07-04T09:01:29.318
└   estimated_finish_date = 2026-07-04T09:01:39.318
┌ Info: Progress
│   simulation_time = "1 day, 17 hours"
│   n_steps_completed = 4963
│   wall_time_per_step = "8 milliseconds, 558 microseconds"
│   wall_time_total = "49 seconds, 299 milliseconds"
│   wall_time_remaining = "6 seconds, 821 milliseconds"
│   wall_time_spent = "42 seconds, 478 milliseconds"
│   percent_complete = "86.2%"
│   estimated_sypd = "9.596"
│   instantaneous_sypd = "9.663"
│   date_now = 2026-07-04T09:01:31.774
└   estimated_finish_date = 2026-07-04T09:01:38.774
┌ Info: Progress
│   simulation_time = "1 day, 19 hours"
│   n_steps_completed = 5252
│   wall_time_per_step = "8 milliseconds, 650 microseconds"
│   wall_time_total = "49 seconds, 825 milliseconds"
│   wall_time_remaining = "4 seconds, 394 milliseconds"
│   wall_time_spent = "45 seconds, 431 milliseconds"
│   percent_complete = "91.2%"
│   estimated_sypd = "9.495"
│   instantaneous_sypd = "8.038"
│   date_now = 2026-07-04T09:01:34.728
└   estimated_finish_date = 2026-07-04T09:01:39.727
┌ Info: Progress
│   simulation_time = "1 day, 22 hours"
│   n_steps_completed = 5541
│   wall_time_per_step = "8 milliseconds, 695 microseconds"
│   wall_time_total = "50 seconds, 84 milliseconds"
│   wall_time_remaining = "1 second, 904 milliseconds"
│   wall_time_spent = "48 seconds, 180 milliseconds"
│   percent_complete = "96.2%"
│   estimated_sypd = "9.446"
│   instantaneous_sypd = "8.635"
│   date_now = 2026-07-04T09:01:37.476
└   estimated_finish_date = 2026-07-04T09:01:39.476
[ Info: solve! walltime = 50.128
[ Info: sypd: 9.444
[ Info: wall_time_per_timestep: 8 milliseconds, 702 microseconds
[ Info: Memory currently used (after solve!) by the process (RSS): 8.96 GiB
┌ Info: Finished variation [6/9]
│   overlay = "experiments/clw sensitivity experiments/configs/v6_subltime400.yml"
│   job_id = "lf1e_clw1_v6_subltime400"
│   ret_code = :success
└   walltime = "53.5s"
┌ Info: Starting variation [7/9]
└   overlay = "experiments/clw sensitivity experiments/configs/v7_subltime1000.yml"
┌ Info: Making AtmosConfig with config files: 
│    /home/jeff/larcform1-experiments/ClimaAtmos.jl/src/config/../../config/default_configs/default_config.yml
│    /home/jeff/larcform1-experiments/experiments/clw sensitivity experiments/../../ClimaAtmos.jl/config/model_configs/larcform1_1M_prognostic_edmfx.yml
└    experiments/clw sensitivity experiments/configs/v7_subltime1000.yml
┌ Info: numerics 
│        `energy_q_tot_upwinding`::`Val{:vanleer_limiter}`
│              `tracer_upwinding`::`Val{:vanleer_limiter}`
│     `edmfx_mse_q_tot_upwinding`::`Val{:first_order}`
│       `edmfx_sgsflux_upwinding`::`Val{:none}`
│        `edmfx_tracer_upwinding`::`Val{:first_order}`
│       `test_dycore_consistency`::`Nothing`
│          `reproducible_restart`::`Nothing`
│                       `limiter`::`Nothing`
│                     `diff_mode`::`ClimaAtmos.Implicit`
└                     `hyperdiff`::`Nothing`
┌ Info: AtmosModel: 
│ 
│                             `water`::`ClimaAtmos.AtmosWater{ClimaAtmos.NonEquilibriumMicrophysics1M, ClimaAtmos.QuadratureCloud, ClimaAtmos.Implicit, Nothing, ClimaAtmos.SGSQuadrature{3, StaticArraysCore.SVector{3, Float32}, StaticArraysCore.SVector{3, Float32}, ClimaAtmos.GaussianSGS, Float32}, ClimaAtmos.FixedTerminalVelocity{Float32}}`
│                         `scm_setup`::`ClimaAtmos.SCMSetup{Nothing, Nothing, Nothing, Bool, @NamedTuple{prof_ug::AtmosphericProfilesLibrary.ZProfile{AtmosphericProfilesLibrary.var"#Larcform1_geostrophic_u##0#Larcform1_geostrophic_u##1"{Float32}}, prof_vg::AtmosphericProfilesLibrary.ZProfile{Returns{Float32}}, coriolis_param::Float32}}`
│                         `radiation`::`ClimaAtmos.AtmosRadiation{ClimaAtmos.RRTMGPInterface.AllSkyRadiationWithClearSkyDiagnostics{ClimaAtmos.InteractiveCloudInRadiation}, ClimaAtmos.Larcform1Insolation}`
│                          `turbconv`::`ClimaAtmos.AtmosTurbconv{ClimaAtmos.EDMFXModel{ClimaAtmos.InvZEntrainment, ClimaAtmos.BuoyancyVelocityDetrainment, Val{true}, Val{true}, Val{true}, Val{true}, Val{true}, ClimaAtmos.SmoothMinimumBlending}, ClimaAtmos.PrognosticEDMFX{1, true, Float32}, Nothing, Nothing, Nothing}`
│                   `prescribed_flow`::`Nothing`
│                      `gravity_wave`::`ClimaAtmos.AtmosGravityWave{Nothing, Nothing}`
│                `vertical_diffusion`::`Nothing`
│                            `sponge`::`ClimaAtmos.AtmosSponge{Nothing, Nothing}`
│                           `surface`::`ClimaAtmos.AtmosSurface{ClimaAtmos.SurfaceConditions.MoninObukhov{Float32, Nothing, Nothing}, ClimaAtmos.SurfaceConditions.SlabOceanTemperature{Float32}, ClimaAtmos.SurfaceConditions.SurfaceBoundaryOverrides{Float32, Float32, Nothing, Nothing, Nothing, Nothing}, ClimaAtmos.ConstantAlbedo{Float32}}`
│                          `numerics`::`ClimaAtmos.AtmosNumerics{Val{:vanleer_limiter}, Val{:vanleer_limiter}, Val{:first_order}, Val{:none}, Val{:first_order}, Nothing, Nothing, Nothing, ClimaAtmos.Implicit, Nothing}`
└                         `chemistry`::`ClimaAtmos.AtmosChem{Nothing}`
┌ Info: Microphysics settings: 
│                        `n_substeps`::`3`
│                   `n_substeps_quad`::`2`
│            `cloud_liquid_formation`::`CloudLiquidFormation`
│               `cloud_ice_formation`::`ConstantTimescale`
│                    `cloud_ice_melt`::`CloudIceMelt`
│               `rain_autoconversion`::`Kessler1M`
│               `snow_autoconversion`::`NoSupersaturation`
│     `rain_condensation_evaporation`::`RainEvaporation`
│       `snow_deposition_sublimation`::`DepositionAndSublimation`
│                         `snow_melt`::`SnowMelt`
│       `cloud_liquid_rain_accretion`::`CloudLiquidRainAccretion`
│       `cloud_liquid_snow_accretion`::`CloudLiquidSnowAccretion`
│          `cloud_ice_rain_accretion`::`CloudIceRainAccretion`
│          `cloud_ice_snow_accretion`::`CloudIceSnowAccretion`
└               `rain_snow_accretion`::`RainSnowAccretion`
[ Info: Single-process ClimaAtmos run on CPUSingleThreaded
[ Info: Using ODE config: `ClimaTimeSteppers.ARS222`
[ Info: Initialized state (63.411 μs, 6.99 KiB)
[ Info: Built cache (232.851 ms, 141.4 MiB)
[ Info: Assembled callbacks (186.683 μs, 17.42 KiB)
┌ Info: Jacobian algorithm: ManualSparseJacobian(
│   approximate_solve_iters = 2,
└ )
[ Info: Jacobian derivative flags: topography_flag = IgnoreDerivative, diffusion_flag = UseDerivative
[ Info: Built tendency function (301.355 μs, 190.22 KiB)
[ Info: Initialized integrator (7.578 ms, 159.78 KiB)
[ Info: Added 114 user-provided YAML-style diagnostics
[ Info: Saving accumulated diagnostics to disk with frequency: 10 minutes, 1 hour
[ Info: Set up diagnostics (3.515 ms, 1.04 MiB)
[ Info: Initialized 114 total diagnostics
┌ Info: Simulation info
│   job_id = "lf1e_clw1_v7_subltime1000"
└   output_dir = "experiments/clw sensitivity experiments/output/lf1e-clw-1/v7_subltime1000/output_0000"
┌ Info: Running
│   job_id = "lf1e_clw1_v7_subltime1000"
│   output_dir = "experiments/clw sensitivity experiments/output/lf1e-clw-1/v7_subltime1000/output_0000"
└   tspan = (0.0 seconds (2010-01-01T00:00:00) [counter = 0, period = 1 second, epoch = 2010-01-01T00:00:00], 172800.0 seconds (2010-01-03T00:00:00) [counter = 172800, period = 1 second, epoch = 2010-01-01T00:00:00])
┌ Info: Progress
│   simulation_time = "30 seconds"
│   n_steps_completed = 1
│   wall_time_per_step = "0 seconds"
│   wall_time_total = "0 seconds"
│   wall_time_remaining = "0 seconds"
│   wall_time_spent = "0 seconds"
│   percent_complete = "0.0%"
│   estimated_sypd = "Inf"
│   instantaneous_sypd = "0.0 (sdpd_estimate = 0.0)"
│   date_now = 2026-07-04T09:01:39.903
└   estimated_finish_date = 2026-07-04T09:01:39.903
┌ Info: Progress
│   simulation_time = "1 minute"
│   n_steps_completed = 2
│   wall_time_per_step = "0 seconds"
│   wall_time_total = "0 seconds"
│   wall_time_remaining = "0 seconds"
│   wall_time_spent = "0 seconds"
│   percent_complete = "0.0%"
│   estimated_sypd = "Inf"
│   instantaneous_sypd = "0.03"
│   date_now = 2026-07-04T09:01:42.656
└   estimated_finish_date = 2026-07-04T09:01:42.656
┌ Info: Progress
│   simulation_time = "2 minutes"
│   n_steps_completed = 4
│   wall_time_per_step = "5 milliseconds, 609 microseconds"
│   wall_time_total = "32 seconds, 310 milliseconds"
│   wall_time_remaining = "32 seconds, 288 milliseconds"
│   wall_time_spent = "22 milliseconds, 438 microseconds"
│   percent_complete = "0.1%"
│   estimated_sypd = "14.642"
│   instantaneous_sypd = "14.642"
│   date_now = 2026-07-04T09:01:42.667
└   estimated_finish_date = 2026-07-04T09:02:15.667
┌ Info: Progress
│   simulation_time = "4 minutes"
│   n_steps_completed = 8
│   wall_time_per_step = "5 milliseconds, 93 microseconds"
│   wall_time_total = "29 seconds, 339 milliseconds"
│   wall_time_remaining = "29 seconds, 298 milliseconds"
│   wall_time_spent = "40 milliseconds, 749 microseconds"
│   percent_complete = "0.1%"
│   estimated_sypd = "16.125"
│   instantaneous_sypd = "17.942"
│   date_now = 2026-07-04T09:01:42.686
└   estimated_finish_date = 2026-07-04T09:02:12.686
┌ Info: Progress
│   simulation_time = "8 minutes"
│   n_steps_completed = 16
│   wall_time_per_step = "5 milliseconds, 190 microseconds"
│   wall_time_total = "29 seconds, 898 milliseconds"
│   wall_time_remaining = "29 seconds, 815 milliseconds"
│   wall_time_spent = "83 milliseconds, 51 microseconds"
│   percent_complete = "0.3%"
│   estimated_sypd = "15.824"
│   instantaneous_sypd = "15.533"
│   date_now = 2026-07-04T09:01:42.728
└   estimated_finish_date = 2026-07-04T09:02:12.728
┌ Info: Progress
│   simulation_time = "16 minutes"
│   n_steps_completed = 32
│   wall_time_per_step = "8 milliseconds, 636 microseconds"
│   wall_time_total = "49 seconds, 748 milliseconds"
│   wall_time_remaining = "49 seconds, 472 milliseconds"
│   wall_time_spent = "276 milliseconds, 382 microseconds"
│   percent_complete = "0.6%"
│   estimated_sypd = "9.51"
│   instantaneous_sypd = "6.798"
│   date_now = 2026-07-04T09:01:42.921
└   estimated_finish_date = 2026-07-04T09:02:32.921
┌ Info: Progress
│   simulation_time = "32 minutes"
│   n_steps_completed = 64
│   wall_time_per_step = "8 milliseconds, 454 microseconds"
│   wall_time_total = "48 seconds, 695 milliseconds"
│   wall_time_remaining = "48 seconds, 154 milliseconds"
│   wall_time_spent = "541 milliseconds, 57 microseconds"
│   percent_complete = "1.1%"
│   estimated_sypd = "9.716"
│   instantaneous_sypd = "9.93"
│   date_now = 2026-07-04T09:01:43.186
└   estimated_finish_date = 2026-07-04T09:02:32.186
┌ Info: Progress
│   simulation_time = "1 hour, 4 minutes"
│   n_steps_completed = 128
│   wall_time_per_step = "8 milliseconds, 681 microseconds"
│   wall_time_total = "50 seconds, 7 milliseconds"
│   wall_time_remaining = "48 seconds, 896 milliseconds"
│   wall_time_spent = "1 second, 111 milliseconds"
│   percent_complete = "2.2%"
│   estimated_sypd = "9.461"
│   instantaneous_sypd = "9.219"
│   date_now = 2026-07-04T09:01:43.756
└   estimated_finish_date = 2026-07-04T09:02:32.756
┌ Info: Progress
│   simulation_time = "2 hours, 8 minutes"
│   n_steps_completed = 256
│   wall_time_per_step = "8 milliseconds, 231 microseconds"
│   wall_time_total = "47 seconds, 414 milliseconds"
│   wall_time_remaining = "45 seconds, 306 milliseconds"
│   wall_time_spent = "2 seconds, 107 milliseconds"
│   percent_complete = "4.4%"
│   estimated_sypd = "9.978"
│   instantaneous_sypd = "10.555"
│   date_now = 2026-07-04T09:01:44.752
└   estimated_finish_date = 2026-07-04T09:02:30.752
┌ Info: Progress
│   simulation_time = "4 hours, 16 minutes"
│   n_steps_completed = 512
│   wall_time_per_step = "8 milliseconds, 152 microseconds"
│   wall_time_total = "46 seconds, 958 milliseconds"
│   wall_time_remaining = "42 seconds, 784 milliseconds"
│   wall_time_spent = "4 seconds, 174 milliseconds"
│   percent_complete = "8.9%"
│   estimated_sypd = "10.075"
│   instantaneous_sypd = "10.173"
│   date_now = 2026-07-04T09:01:46.819
└   estimated_finish_date = 2026-07-04T09:02:29.819
┌ Info: Progress
│   simulation_time = "6 hours, 40 minutes"
│   n_steps_completed = 801
│   wall_time_per_step = "8 milliseconds, 399 microseconds"
│   wall_time_total = "48 seconds, 379 milliseconds"
│   wall_time_remaining = "41 seconds, 651 milliseconds"
│   wall_time_spent = "6 seconds, 727 milliseconds"
│   percent_complete = "13.9%"
│   estimated_sypd = "9.779"
│   instantaneous_sypd = "9.295"
│   date_now = 2026-07-04T09:01:49.373
└   estimated_finish_date = 2026-07-04T09:02:31.373
┌ Info: Progress
│   simulation_time = "8 hours, 32 minutes"
│   n_steps_completed = 1024
│   wall_time_per_step = "8 milliseconds, 942 microseconds"
│   wall_time_total = "51 seconds, 508 milliseconds"
│   wall_time_remaining = "42 seconds, 351 milliseconds"
│   wall_time_spent = "9 seconds, 157 milliseconds"
│   percent_complete = "17.8%"
│   estimated_sypd = "9.185"
│   instantaneous_sypd = "7.54"
│   date_now = 2026-07-04T09:01:51.802
└   estimated_finish_date = 2026-07-04T09:02:34.802
┌ Info: Progress
│   simulation_time = "10 hours, 56 minutes"
│   n_steps_completed = 1313
│   wall_time_per_step = "8 milliseconds, 918 microseconds"
│   wall_time_total = "51 seconds, 368 milliseconds"
│   wall_time_remaining = "39 seconds, 658 milliseconds"
│   wall_time_spent = "11 seconds, 709 milliseconds"
│   percent_complete = "22.8%"
│   estimated_sypd = "9.21"
│   instantaneous_sypd = "9.3"
│   date_now = 2026-07-04T09:01:54.354
└   estimated_finish_date = 2026-07-04T09:02:34.354
┌ Info: Progress
│   simulation_time = "13 hours, 21 minutes"
│   n_steps_completed = 1602
│   wall_time_per_step = "9 milliseconds, 98 microseconds"
│   wall_time_total = "52 seconds, 408 milliseconds"
│   wall_time_remaining = "37 seconds, 832 milliseconds"
│   wall_time_spent = "14 seconds, 576 milliseconds"
│   percent_complete = "27.8%"
│   estimated_sypd = "9.027"
│   instantaneous_sypd = "8.281"
│   date_now = 2026-07-04T09:01:57.221
└   estimated_finish_date = 2026-07-04T09:02:35.221
┌ Info: Progress
│   simulation_time = "15 hours, 45 minutes"
│   n_steps_completed = 1891
│   wall_time_per_step = "8 milliseconds, 942 microseconds"
│   wall_time_total = "51 seconds, 511 milliseconds"
│   wall_time_remaining = "34 seconds, 600 milliseconds"
│   wall_time_spent = "16 seconds, 911 milliseconds"
│   percent_complete = "32.8%"
│   estimated_sypd = "9.184"
│   instantaneous_sypd = "10.166"
│   date_now = 2026-07-04T09:01:59.556
└   estimated_finish_date = 2026-07-04T09:02:34.556
┌ Info: Progress
│   simulation_time = "17 hours, 4 minutes"
│   n_steps_completed = 2048
│   wall_time_per_step = "8 milliseconds, 979 microseconds"
│   wall_time_total = "51 seconds, 724 milliseconds"
│   wall_time_remaining = "33 seconds, 333 milliseconds"
│   wall_time_spent = "18 seconds, 390 milliseconds"
│   percent_complete = "35.6%"
│   estimated_sypd = "9.147"
│   instantaneous_sypd = "8.715"
│   date_now = 2026-07-04T09:02:01.036
└   estimated_finish_date = 2026-07-04T09:02:35.036
┌ Info: Progress
│   simulation_time = "19 hours, 28 minutes"
│   n_steps_completed = 2337
│   wall_time_per_step = "8 milliseconds, 906 microseconds"
│   wall_time_total = "51 seconds, 301 milliseconds"
│   wall_time_remaining = "30 seconds, 487 milliseconds"
│   wall_time_spent = "20 seconds, 814 milliseconds"
│   percent_complete = "40.6%"
│   estimated_sypd = "9.222"
│   instantaneous_sypd = "9.793"
│   date_now = 2026-07-04T09:02:03.460
└   estimated_finish_date = 2026-07-04T09:02:34.460
┌ Info: Progress
│   simulation_time = "21 hours, 53 minutes"
│   n_steps_completed = 2626
│   wall_time_per_step = "8 milliseconds, 851 microseconds"
│   wall_time_total = "50 seconds, 986 milliseconds"
│   wall_time_remaining = "27 seconds, 741 milliseconds"
│   wall_time_spent = "23 seconds, 244 milliseconds"
│   percent_complete = "45.6%"
│   estimated_sypd = "9.279"
│   instantaneous_sypd = "9.768"
│   date_now = 2026-07-04T09:02:05.890
└   estimated_finish_date = 2026-07-04T09:02:33.890
┌ Info: Progress
│   simulation_time = "1 day, 17 minutes"
│   n_steps_completed = 2915
│   wall_time_per_step = "8 milliseconds, 807 microseconds"
│   wall_time_total = "50 seconds, 730 milliseconds"
│   wall_time_remaining = "25 seconds, 56 milliseconds"
│   wall_time_spent = "25 seconds, 673 milliseconds"
│   percent_complete = "50.6%"
│   estimated_sypd = "9.326"
│   instantaneous_sypd = "9.774"
│   date_now = 2026-07-04T09:02:08.318
└   estimated_finish_date = 2026-07-04T09:02:34.318
┌ Info: Progress
│   simulation_time = "1 day, 2 hours"
│   n_steps_completed = 3204
│   wall_time_per_step = "8 milliseconds, 826 microseconds"
│   wall_time_total = "50 seconds, 840 milliseconds"
│   wall_time_remaining = "22 seconds, 560 milliseconds"
│   wall_time_spent = "28 seconds, 280 milliseconds"
│   percent_complete = "55.6%"
│   estimated_sypd = "9.305"
│   instantaneous_sypd = "9.105"
│   date_now = 2026-07-04T09:02:10.925
└   estimated_finish_date = 2026-07-04T09:02:33.925
┌ Info: Progress
│   simulation_time = "1 day, 5 hours"
│   n_steps_completed = 3493
│   wall_time_per_step = "8 milliseconds, 977 microseconds"
│   wall_time_total = "51 seconds, 708 milliseconds"
│   wall_time_remaining = "20 seconds, 351 milliseconds"
│   wall_time_spent = "31 seconds, 357 milliseconds"
│   percent_complete = "60.6%"
│   estimated_sypd = "9.149"
│   instantaneous_sypd = "7.714"
│   date_now = 2026-07-04T09:02:14.002
└   estimated_finish_date = 2026-07-04T09:02:35.002
┌ Info: Progress
│   simulation_time = "1 day, 7 hours"
│   n_steps_completed = 3782
│   wall_time_per_step = "9 milliseconds, 45 microseconds"
│   wall_time_total = "52 seconds, 99 milliseconds"
│   wall_time_remaining = "17 seconds, 891 milliseconds"
│   wall_time_spent = "34 seconds, 208 milliseconds"
│   percent_complete = "65.7%"
│   estimated_sypd = "9.081"
│   instantaneous_sypd = "8.326"
│   date_now = 2026-07-04T09:02:16.854
└   estimated_finish_date = 2026-07-04T09:02:34.854
┌ Info: Progress
│   simulation_time = "1 day, 9 hours"
│   n_steps_completed = 4071
│   wall_time_per_step = "9 milliseconds, 7 microseconds"
│   wall_time_total = "51 seconds, 885 milliseconds"
│   wall_time_remaining = "15 seconds, 214 milliseconds"
│   wall_time_spent = "36 seconds, 671 milliseconds"
│   percent_complete = "70.7%"
│   estimated_sypd = "9.118"
│   instantaneous_sypd = "9.639"
│   date_now = 2026-07-04T09:02:19.316
└   estimated_finish_date = 2026-07-04T09:02:35.316
┌ Info: Progress
│   simulation_time = "1 day, 10 hours"
│   n_steps_completed = 4096
│   wall_time_per_step = "9 milliseconds, 5 microseconds"
│   wall_time_total = "51 seconds, 872 milliseconds"
│   wall_time_remaining = "14 seconds, 985 milliseconds"
│   wall_time_spent = "36 seconds, 887 milliseconds"
│   percent_complete = "71.1%"
│   estimated_sypd = "9.12"
│   instantaneous_sypd = "9.502"
│   date_now = 2026-07-04T09:02:19.532
└   estimated_finish_date = 2026-07-04T09:02:34.532
┌ Info: Progress
│   simulation_time = "1 day, 12 hours"
│   n_steps_completed = 4385
│   wall_time_per_step = "9 milliseconds, 77 microseconds"
│   wall_time_total = "52 seconds, 285 milliseconds"
│   wall_time_remaining = "12 seconds, 481 milliseconds"
│   wall_time_spent = "39 seconds, 803 milliseconds"
│   percent_complete = "76.1%"
│   estimated_sypd = "9.048"
│   instantaneous_sypd = "8.138"
│   date_now = 2026-07-04T09:02:22.449
└   estimated_finish_date = 2026-07-04T09:02:35.449
┌ Info: Progress
│   simulation_time = "1 day, 14 hours"
│   n_steps_completed = 4674
│   wall_time_per_step = "9 milliseconds, 112 microseconds"
│   wall_time_total = "52 seconds, 487 milliseconds"
│   wall_time_remaining = "9 seconds, 896 milliseconds"
│   wall_time_spent = "42 seconds, 591 milliseconds"
│   percent_complete = "81.1%"
│   estimated_sypd = "9.014"
│   instantaneous_sypd = "8.515"
│   date_now = 2026-07-04T09:02:25.236
└   estimated_finish_date = 2026-07-04T09:02:35.236
┌ Info: Progress
│   simulation_time = "1 day, 17 hours"
│   n_steps_completed = 4963
│   wall_time_per_step = "9 milliseconds, 83 microseconds"
│   wall_time_total = "52 seconds, 323 milliseconds"
│   wall_time_remaining = "7 seconds, 239 milliseconds"
│   wall_time_spent = "45 seconds, 83 milliseconds"
│   percent_complete = "86.2%"
│   estimated_sypd = "9.042"
│   instantaneous_sypd = "9.524"
│   date_now = 2026-07-04T09:02:27.729
└   estimated_finish_date = 2026-07-04T09:02:35.729
┌ Info: Progress
│   simulation_time = "1 day, 19 hours"
│   n_steps_completed = 5252
│   wall_time_per_step = "9 milliseconds, 99 microseconds"
│   wall_time_total = "52 seconds, 415 milliseconds"
│   wall_time_remaining = "4 seconds, 622 milliseconds"
│   wall_time_spent = "47 seconds, 792 milliseconds"
│   percent_complete = "91.2%"
│   estimated_sypd = "9.026"
│   instantaneous_sypd = "8.762"
│   date_now = 2026-07-04T09:02:30.438
└   estimated_finish_date = 2026-07-04T09:02:35.438
┌ Info: Progress
│   simulation_time = "1 day, 22 hours"
│   n_steps_completed = 5541
│   wall_time_per_step = "9 milliseconds, 186 microseconds"
│   wall_time_total = "52 seconds, 913 milliseconds"
│   wall_time_remaining = "2 seconds, 11 milliseconds"
│   wall_time_spent = "50 seconds, 901 milliseconds"
│   percent_complete = "96.2%"
│   estimated_sypd = "8.941"
│   instantaneous_sypd = "7.635"
│   date_now = 2026-07-04T09:02:33.547
└   estimated_finish_date = 2026-07-04T09:02:36.547
[ Info: solve! walltime = 53.252
[ Info: sypd: 8.89
[ Info: wall_time_per_timestep: 9 milliseconds, 245 microseconds
[ Info: Memory currently used (after solve!) by the process (RSS): 8.96 GiB
┌ Info: Finished variation [7/9]
│   overlay = "experiments/clw sensitivity experiments/configs/v7_subltime1000.yml"
│   job_id = "lf1e_clw1_v7_subltime1000"
│   ret_code = :success
└   walltime = "56.5s"
┌ Info: Starting variation [8/9]
└   overlay = "experiments/clw sensitivity experiments/configs/v8_subltime10000.yml"
┌ Info: Making AtmosConfig with config files: 
│    /home/jeff/larcform1-experiments/ClimaAtmos.jl/src/config/../../config/default_configs/default_config.yml
│    /home/jeff/larcform1-experiments/experiments/clw sensitivity experiments/../../ClimaAtmos.jl/config/model_configs/larcform1_1M_prognostic_edmfx.yml
└    experiments/clw sensitivity experiments/configs/v8_subltime10000.yml
┌ Info: numerics 
│        `energy_q_tot_upwinding`::`Val{:vanleer_limiter}`
│              `tracer_upwinding`::`Val{:vanleer_limiter}`
│     `edmfx_mse_q_tot_upwinding`::`Val{:first_order}`
│       `edmfx_sgsflux_upwinding`::`Val{:none}`
│        `edmfx_tracer_upwinding`::`Val{:first_order}`
│       `test_dycore_consistency`::`Nothing`
│          `reproducible_restart`::`Nothing`
│                       `limiter`::`Nothing`
│                     `diff_mode`::`ClimaAtmos.Implicit`
└                     `hyperdiff`::`Nothing`
┌ Info: AtmosModel: 
│ 
│                             `water`::`ClimaAtmos.AtmosWater{ClimaAtmos.NonEquilibriumMicrophysics1M, ClimaAtmos.QuadratureCloud, ClimaAtmos.Implicit, Nothing, ClimaAtmos.SGSQuadrature{3, StaticArraysCore.SVector{3, Float32}, StaticArraysCore.SVector{3, Float32}, ClimaAtmos.GaussianSGS, Float32}, ClimaAtmos.FixedTerminalVelocity{Float32}}`
│                         `scm_setup`::`ClimaAtmos.SCMSetup{Nothing, Nothing, Nothing, Bool, @NamedTuple{prof_ug::AtmosphericProfilesLibrary.ZProfile{AtmosphericProfilesLibrary.var"#Larcform1_geostrophic_u##0#Larcform1_geostrophic_u##1"{Float32}}, prof_vg::AtmosphericProfilesLibrary.ZProfile{Returns{Float32}}, coriolis_param::Float32}}`
│                         `radiation`::`ClimaAtmos.AtmosRadiation{ClimaAtmos.RRTMGPInterface.AllSkyRadiationWithClearSkyDiagnostics{ClimaAtmos.InteractiveCloudInRadiation}, ClimaAtmos.Larcform1Insolation}`
│                          `turbconv`::`ClimaAtmos.AtmosTurbconv{ClimaAtmos.EDMFXModel{ClimaAtmos.InvZEntrainment, ClimaAtmos.BuoyancyVelocityDetrainment, Val{true}, Val{true}, Val{true}, Val{true}, Val{true}, ClimaAtmos.SmoothMinimumBlending}, ClimaAtmos.PrognosticEDMFX{1, true, Float32}, Nothing, Nothing, Nothing}`
│                   `prescribed_flow`::`Nothing`
│                      `gravity_wave`::`ClimaAtmos.AtmosGravityWave{Nothing, Nothing}`
│                `vertical_diffusion`::`Nothing`
│                            `sponge`::`ClimaAtmos.AtmosSponge{Nothing, Nothing}`
│                           `surface`::`ClimaAtmos.AtmosSurface{ClimaAtmos.SurfaceConditions.MoninObukhov{Float32, Nothing, Nothing}, ClimaAtmos.SurfaceConditions.SlabOceanTemperature{Float32}, ClimaAtmos.SurfaceConditions.SurfaceBoundaryOverrides{Float32, Float32, Nothing, Nothing, Nothing, Nothing}, ClimaAtmos.ConstantAlbedo{Float32}}`
│                          `numerics`::`ClimaAtmos.AtmosNumerics{Val{:vanleer_limiter}, Val{:vanleer_limiter}, Val{:first_order}, Val{:none}, Val{:first_order}, Nothing, Nothing, Nothing, ClimaAtmos.Implicit, Nothing}`
└                         `chemistry`::`ClimaAtmos.AtmosChem{Nothing}`
┌ Info: Microphysics settings: 
│                        `n_substeps`::`3`
│                   `n_substeps_quad`::`2`
│            `cloud_liquid_formation`::`CloudLiquidFormation`
│               `cloud_ice_formation`::`ConstantTimescale`
│                    `cloud_ice_melt`::`CloudIceMelt`
│               `rain_autoconversion`::`Kessler1M`
│               `snow_autoconversion`::`NoSupersaturation`
│     `rain_condensation_evaporation`::`RainEvaporation`
│       `snow_deposition_sublimation`::`DepositionAndSublimation`
│                         `snow_melt`::`SnowMelt`
│       `cloud_liquid_rain_accretion`::`CloudLiquidRainAccretion`
│       `cloud_liquid_snow_accretion`::`CloudLiquidSnowAccretion`
│          `cloud_ice_rain_accretion`::`CloudIceRainAccretion`
│          `cloud_ice_snow_accretion`::`CloudIceSnowAccretion`
└               `rain_snow_accretion`::`RainSnowAccretion`
[ Info: Single-process ClimaAtmos run on CPUSingleThreaded
[ Info: Using ODE config: `ClimaTimeSteppers.ARS222`
[ Info: Initialized state (42.771 μs, 6.99 KiB)
[ Info: Built cache (244.234 ms, 141.4 MiB)
[ Info: Assembled callbacks (190.883 μs, 17.42 KiB)
┌ Info: Jacobian algorithm: ManualSparseJacobian(
│   approximate_solve_iters = 2,
└ )
[ Info: Jacobian derivative flags: topography_flag = IgnoreDerivative, diffusion_flag = UseDerivative
[ Info: Built tendency function (285.945 μs, 190.22 KiB)
[ Info: Initialized integrator (7.485 ms, 159.78 KiB)
[ Info: Added 114 user-provided YAML-style diagnostics
[ Info: Saving accumulated diagnostics to disk with frequency: 10 minutes, 1 hour
[ Info: Set up diagnostics (3.624 ms, 1.04 MiB)
[ Info: Initialized 114 total diagnostics
┌ Info: Simulation info
│   job_id = "lf1e_clw1_v8_subltime10000"
└   output_dir = "experiments/clw sensitivity experiments/output/lf1e-clw-1/v8_subltime10000/output_0000"
┌ Info: Running
│   job_id = "lf1e_clw1_v8_subltime10000"
│   output_dir = "experiments/clw sensitivity experiments/output/lf1e-clw-1/v8_subltime10000/output_0000"
└   tspan = (0.0 seconds (2010-01-01T00:00:00) [counter = 0, period = 1 second, epoch = 2010-01-01T00:00:00], 172800.0 seconds (2010-01-03T00:00:00) [counter = 172800, period = 1 second, epoch = 2010-01-01T00:00:00])
┌ Info: Progress
│   simulation_time = "30 seconds"
│   n_steps_completed = 1
│   wall_time_per_step = "0 seconds"
│   wall_time_total = "0 seconds"
│   wall_time_remaining = "0 seconds"
│   wall_time_spent = "0 seconds"
│   percent_complete = "0.0%"
│   estimated_sypd = "Inf"
│   instantaneous_sypd = "0.0 (sdpd_estimate = 0.0)"
│   date_now = 2026-07-04T09:02:36.375
└   estimated_finish_date = 2026-07-04T09:02:36.375
┌ Info: Progress
│   simulation_time = "1 minute"
│   n_steps_completed = 2
│   wall_time_per_step = "0 seconds"
│   wall_time_total = "0 seconds"
│   wall_time_remaining = "0 seconds"
│   wall_time_spent = "0 seconds"
│   percent_complete = "0.0%"
│   estimated_sypd = "Inf"
│   instantaneous_sypd = "0.031"
│   date_now = 2026-07-04T09:02:39.066
└   estimated_finish_date = 2026-07-04T09:02:39.065
┌ Info: Progress
│   simulation_time = "2 minutes"
│   n_steps_completed = 4
│   wall_time_per_step = "5 milliseconds, 397 microseconds"
│   wall_time_total = "31 seconds, 89 milliseconds"
│   wall_time_remaining = "31 seconds, 67 milliseconds"
│   wall_time_spent = "21 milliseconds, 589 microseconds"
│   percent_complete = "0.1%"
│   estimated_sypd = "15.217"
│   instantaneous_sypd = "15.217"
│   date_now = 2026-07-04T09:02:39.076
└   estimated_finish_date = 2026-07-04T09:03:11.076
┌ Info: Progress
│   simulation_time = "4 minutes"
│   n_steps_completed = 8
│   wall_time_per_step = "4 milliseconds, 938 microseconds"
│   wall_time_total = "28 seconds, 444 milliseconds"
│   wall_time_remaining = "28 seconds, 404 milliseconds"
│   wall_time_spent = "39 milliseconds, 505 microseconds"
│   percent_complete = "0.1%"
│   estimated_sypd = "16.633"
│   instantaneous_sypd = "18.338"
│   date_now = 2026-07-04T09:02:39.094
└   estimated_finish_date = 2026-07-04T09:03:08.094
┌ Info: Progress
│   simulation_time = "8 minutes"
│   n_steps_completed = 16
│   wall_time_per_step = "4 milliseconds, 980 microseconds"
│   wall_time_total = "28 seconds, 688 milliseconds"
│   wall_time_remaining = "28 seconds, 608 milliseconds"
│   wall_time_spent = "79 milliseconds, 689 microseconds"
│   percent_complete = "0.3%"
│   estimated_sypd = "16.491"
│   instantaneous_sypd = "16.352"
│   date_now = 2026-07-04T09:02:39.134
└   estimated_finish_date = 2026-07-04T09:03:08.134
┌ Info: Progress
│   simulation_time = "16 minutes"
│   n_steps_completed = 32
│   wall_time_per_step = "7 milliseconds, 764 microseconds"
│   wall_time_total = "44 seconds, 724 milliseconds"
│   wall_time_remaining = "44 seconds, 476 milliseconds"
│   wall_time_spent = "248 milliseconds, 471 microseconds"
│   percent_complete = "0.6%"
│   estimated_sypd = "10.578"
│   instantaneous_sypd = "7.786"
│   date_now = 2026-07-04T09:02:39.303
└   estimated_finish_date = 2026-07-04T09:03:24.303
┌ Info: Progress
│   simulation_time = "32 minutes"
│   n_steps_completed = 64
│   wall_time_per_step = "7 milliseconds, 889 microseconds"
│   wall_time_total = "45 seconds, 443 milliseconds"
│   wall_time_remaining = "44 seconds, 938 milliseconds"
│   wall_time_spent = "504 milliseconds, 926 microseconds"
│   percent_complete = "1.1%"
│   estimated_sypd = "10.411"
│   instantaneous_sypd = "10.249"
│   date_now = 2026-07-04T09:02:39.560
└   estimated_finish_date = 2026-07-04T09:03:24.560
┌ Info: Progress
│   simulation_time = "1 hour, 4 minutes"
│   n_steps_completed = 128
│   wall_time_per_step = "8 milliseconds, 63 microseconds"
│   wall_time_total = "46 seconds, 446 milliseconds"
│   wall_time_remaining = "45 seconds, 414 milliseconds"
│   wall_time_spent = "1 second, 32 milliseconds"
│   percent_complete = "2.2%"
│   estimated_sypd = "10.186"
│   instantaneous_sypd = "9.97"
│   date_now = 2026-07-04T09:02:40.087
└   estimated_finish_date = 2026-07-04T09:03:26.087
┌ Info: Progress
│   simulation_time = "2 hours, 8 minutes"
│   n_steps_completed = 256
│   wall_time_per_step = "7 milliseconds, 864 microseconds"
│   wall_time_total = "45 seconds, 297 milliseconds"
│   wall_time_remaining = "43 seconds, 284 milliseconds"
│   wall_time_spent = "2 seconds, 13 milliseconds"
│   percent_complete = "4.4%"
│   estimated_sypd = "10.444"
│   instantaneous_sypd = "10.716"
│   date_now = 2026-07-04T09:02:41.068
└   estimated_finish_date = 2026-07-04T09:03:25.068
┌ Info: Progress
│   simulation_time = "4 hours, 16 minutes"
│   n_steps_completed = 512
│   wall_time_per_step = "8 milliseconds, 95 microseconds"
│   wall_time_total = "46 seconds, 627 milliseconds"
│   wall_time_remaining = "42 seconds, 483 milliseconds"
│   wall_time_spent = "4 seconds, 144 milliseconds"
│   percent_complete = "8.9%"
│   estimated_sypd = "10.146"
│   instantaneous_sypd = "9.865"
│   date_now = 2026-07-04T09:02:43.200
└   estimated_finish_date = 2026-07-04T09:03:26.200
┌ Info: Progress
│   simulation_time = "6 hours, 40 minutes"
│   n_steps_completed = 801
│   wall_time_per_step = "8 milliseconds, 588 microseconds"
│   wall_time_total = "49 seconds, 467 milliseconds"
│   wall_time_remaining = "42 seconds, 588 milliseconds"
│   wall_time_spent = "6 seconds, 879 milliseconds"
│   percent_complete = "13.9%"
│   estimated_sypd = "9.564"
│   instantaneous_sypd = "8.681"
│   date_now = 2026-07-04T09:02:45.934
└   estimated_finish_date = 2026-07-04T09:03:28.934
┌ Info: Progress
│   simulation_time = "8 hours, 32 minutes"
│   n_steps_completed = 1024
│   wall_time_per_step = "9 milliseconds, 43 microseconds"
│   wall_time_total = "52 seconds, 88 milliseconds"
│   wall_time_remaining = "42 seconds, 828 milliseconds"
│   wall_time_spent = "9 seconds, 260 milliseconds"
│   percent_complete = "17.8%"
│   estimated_sypd = "9.083"
│   instantaneous_sypd = "7.693"
│   date_now = 2026-07-04T09:02:48.315
└   estimated_finish_date = 2026-07-04T09:03:31.315
┌ Info: Progress
│   simulation_time = "10 hours, 56 minutes"
│   n_steps_completed = 1313
│   wall_time_per_step = "9 milliseconds, 80 microseconds"
│   wall_time_total = "52 seconds, 305 milliseconds"
│   wall_time_remaining = "40 seconds, 382 milliseconds"
│   wall_time_spent = "11 seconds, 923 milliseconds"
│   percent_complete = "22.8%"
│   estimated_sypd = "9.045"
│   instantaneous_sypd = "8.914"
│   date_now = 2026-07-04T09:02:50.978
└   estimated_finish_date = 2026-07-04T09:03:31.978
┌ Info: Progress
│   simulation_time = "13 hours, 21 minutes"
│   n_steps_completed = 1602
│   wall_time_per_step = "8 milliseconds, 933 microseconds"
│   wall_time_total = "51 seconds, 457 milliseconds"
│   wall_time_remaining = "37 seconds, 146 milliseconds"
│   wall_time_spent = "14 seconds, 311 milliseconds"
│   percent_complete = "27.8%"
│   estimated_sypd = "9.194"
│   instantaneous_sypd = "9.938"
│   date_now = 2026-07-04T09:02:53.367
└   estimated_finish_date = 2026-07-04T09:03:31.367
┌ Info: Progress
│   simulation_time = "15 hours, 45 minutes"
│   n_steps_completed = 1891
│   wall_time_per_step = "8 milliseconds, 820 microseconds"
│   wall_time_total = "50 seconds, 805 milliseconds"
│   wall_time_remaining = "34 seconds, 126 milliseconds"
│   wall_time_spent = "16 seconds, 679 milliseconds"
│   percent_complete = "32.8%"
│   estimated_sypd = "9.312"
│   instantaneous_sypd = "10.025"
│   date_now = 2026-07-04T09:02:55.734
└   estimated_finish_date = 2026-07-04T09:03:30.734
┌ Info: Progress
│   simulation_time = "17 hours, 4 minutes"
│   n_steps_completed = 2048
│   wall_time_per_step = "8 milliseconds, 770 microseconds"
│   wall_time_total = "50 seconds, 520 milliseconds"
│   wall_time_remaining = "32 seconds, 557 milliseconds"
│   wall_time_spent = "17 seconds, 962 milliseconds"
│   percent_complete = "35.6%"
│   estimated_sypd = "9.365"
│   instantaneous_sypd = "10.048"
│   date_now = 2026-07-04T09:02:57.018
└   estimated_finish_date = 2026-07-04T09:03:30.018
┌ Info: Progress
│   simulation_time = "19 hours, 28 minutes"
│   n_steps_completed = 2337
│   wall_time_per_step = "8 milliseconds, 693 microseconds"
│   wall_time_total = "50 seconds, 72 milliseconds"
│   wall_time_remaining = "29 seconds, 756 milliseconds"
│   wall_time_spent = "20 seconds, 316 milliseconds"
│   percent_complete = "40.6%"
│   estimated_sypd = "9.448"
│   instantaneous_sypd = "10.087"
│   date_now = 2026-07-04T09:02:59.371
└   estimated_finish_date = 2026-07-04T09:03:29.371
┌ Info: Progress
│   simulation_time = "21 hours, 53 minutes"
│   n_steps_completed = 2626
│   wall_time_per_step = "8 milliseconds, 888 microseconds"
│   wall_time_total = "51 seconds, 198 milliseconds"
│   wall_time_remaining = "27 seconds, 857 milliseconds"
│   wall_time_spent = "23 seconds, 341 milliseconds"
│   percent_complete = "45.6%"
│   estimated_sypd = "9.24"
│   instantaneous_sypd = "7.845"
│   date_now = 2026-07-04T09:03:02.397
└   estimated_finish_date = 2026-07-04T09:03:30.397
┌ Info: Progress
│   simulation_time = "1 day, 17 minutes"
│   n_steps_completed = 2915
│   wall_time_per_step = "8 milliseconds, 822 microseconds"
│   wall_time_total = "50 seconds, 816 milliseconds"
│   wall_time_remaining = "25 seconds, 99 milliseconds"
│   wall_time_spent = "25 seconds, 716 milliseconds"
│   percent_complete = "50.6%"
│   estimated_sypd = "9.31"
│   instantaneous_sypd = "9.994"
│   date_now = 2026-07-04T09:03:04.772
└   estimated_finish_date = 2026-07-04T09:03:30.772
┌ Info: Progress
│   simulation_time = "1 day, 2 hours"
│   n_steps_completed = 3204
│   wall_time_per_step = "8 milliseconds, 773 microseconds"
│   wall_time_total = "50 seconds, 537 milliseconds"
│   wall_time_remaining = "22 seconds, 425 milliseconds"
│   wall_time_spent = "28 seconds, 111 milliseconds"
│   percent_complete = "55.6%"
│   estimated_sypd = "9.361"
│   instantaneous_sypd = "9.913"
│   date_now = 2026-07-04T09:03:07.166
└   estimated_finish_date = 2026-07-04T09:03:30.166
┌ Info: Progress
│   simulation_time = "1 day, 5 hours"
│   n_steps_completed = 3493
│   wall_time_per_step = "8 milliseconds, 718 microseconds"
│   wall_time_total = "50 seconds, 219 milliseconds"
│   wall_time_remaining = "19 seconds, 765 milliseconds"
│   wall_time_spent = "30 seconds, 454 milliseconds"
│   percent_complete = "60.6%"
│   estimated_sypd = "9.421"
│   instantaneous_sypd = "10.132"
│   date_now = 2026-07-04T09:03:09.509
└   estimated_finish_date = 2026-07-04T09:03:29.509
┌ Info: Progress
│   simulation_time = "1 day, 7 hours"
│   n_steps_completed = 3782
│   wall_time_per_step = "8 milliseconds, 681 microseconds"
│   wall_time_total = "50 seconds, 3 milliseconds"
│   wall_time_remaining = "17 seconds, 171 milliseconds"
│   wall_time_spent = "32 seconds, 832 milliseconds"
│   percent_complete = "65.7%"
│   estimated_sypd = "9.461"
│   instantaneous_sypd = "9.982"
│   date_now = 2026-07-04T09:03:11.887
└   estimated_finish_date = 2026-07-04T09:03:29.887
┌ Info: Progress
│   simulation_time = "1 day, 9 hours"
│   n_steps_completed = 4071
│   wall_time_per_step = "8 milliseconds, 645 microseconds"
│   wall_time_total = "49 seconds, 795 milliseconds"
│   wall_time_remaining = "14 seconds, 601 milliseconds"
│   wall_time_spent = "35 seconds, 194 milliseconds"
│   percent_complete = "70.7%"
│   estimated_sypd = "9.501"
│   instantaneous_sypd = "10.05"
│   date_now = 2026-07-04T09:03:14.249
└   estimated_finish_date = 2026-07-04T09:03:29.249
┌ Info: Progress
│   simulation_time = "1 day, 10 hours"
│   n_steps_completed = 4096
│   wall_time_per_step = "8 milliseconds, 640 microseconds"
│   wall_time_total = "49 seconds, 769 milliseconds"
│   wall_time_remaining = "14 seconds, 377 milliseconds"
│   wall_time_spent = "35 seconds, 391 milliseconds"
│   percent_complete = "71.1%"
│   estimated_sypd = "9.506"
│   instantaneous_sypd = "10.397"
│   date_now = 2026-07-04T09:03:14.446
└   estimated_finish_date = 2026-07-04T09:03:29.446
┌ Info: Progress
│   simulation_time = "1 day, 12 hours"
│   n_steps_completed = 4385
│   wall_time_per_step = "8 milliseconds, 618 microseconds"
│   wall_time_total = "49 seconds, 643 milliseconds"
│   wall_time_remaining = "11 seconds, 850 milliseconds"
│   wall_time_spent = "37 seconds, 793 milliseconds"
│   percent_complete = "76.1%"
│   estimated_sypd = "9.53"
│   instantaneous_sypd = "9.885"
│   date_now = 2026-07-04T09:03:16.848
└   estimated_finish_date = 2026-07-04T09:03:28.848
┌ Info: Progress
│   simulation_time = "1 day, 14 hours"
│   n_steps_completed = 4674
│   wall_time_per_step = "8 milliseconds, 590 microseconds"
│   wall_time_total = "49 seconds, 478 milliseconds"
│   wall_time_remaining = "9 seconds, 328 milliseconds"
│   wall_time_spent = "40 seconds, 149 milliseconds"
│   percent_complete = "81.1%"
│   estimated_sypd = "9.562"
│   instantaneous_sypd = "10.072"
│   date_now = 2026-07-04T09:03:19.205
└   estimated_finish_date = 2026-07-04T09:03:29.205
┌ Info: Progress
│   simulation_time = "1 day, 17 hours"
│   n_steps_completed = 4963
│   wall_time_per_step = "8 milliseconds, 584 microseconds"
│   wall_time_total = "49 seconds, 445 milliseconds"
│   wall_time_remaining = "6 seconds, 841 milliseconds"
│   wall_time_spent = "42 seconds, 604 milliseconds"
│   percent_complete = "86.2%"
│   estimated_sypd = "9.568"
│   instantaneous_sypd = "9.671"
│   date_now = 2026-07-04T09:03:21.659
└   estimated_finish_date = 2026-07-04T09:03:28.659
┌ Info: Progress
│   simulation_time = "1 day, 19 hours"
│   n_steps_completed = 5252
│   wall_time_per_step = "8 milliseconds, 575 microseconds"
│   wall_time_total = "49 seconds, 396 milliseconds"
│   wall_time_remaining = "4 seconds, 356 milliseconds"
│   wall_time_spent = "45 seconds, 39 milliseconds"
│   percent_complete = "91.2%"
│   estimated_sypd = "9.578"
│   instantaneous_sypd = "9.745"
│   date_now = 2026-07-04T09:03:24.095
└   estimated_finish_date = 2026-07-04T09:03:29.095
┌ Info: Progress
│   simulation_time = "1 day, 22 hours"
│   n_steps_completed = 5541
│   wall_time_per_step = "8 milliseconds, 574 microseconds"
│   wall_time_total = "49 seconds, 391 milliseconds"
│   wall_time_remaining = "1 second, 877 milliseconds"
│   wall_time_spent = "47 seconds, 513 milliseconds"
│   percent_complete = "96.2%"
│   estimated_sypd = "9.579"
│   instantaneous_sypd = "9.596"
│   date_now = 2026-07-04T09:03:26.568
└   estimated_finish_date = 2026-07-04T09:03:28.568
[ Info: solve! walltime = 49.37
[ Info: sypd: 9.589
[ Info: wall_time_per_timestep: 8 milliseconds, 571 microseconds
[ Info: Memory currently used (after solve!) by the process (RSS): 8.96 GiB
┌ Info: Finished variation [8/9]
│   overlay = "experiments/clw sensitivity experiments/configs/v8_subltime10000.yml"
│   job_id = "lf1e_clw1_v8_subltime10000"
│   ret_code = :success
└   walltime = "52.5s"
┌ Info: Starting variation [9/9]
└   overlay = "experiments/clw sensitivity experiments/configs/v9_condtime10.yml"
┌ Info: Making AtmosConfig with config files: 
│    /home/jeff/larcform1-experiments/ClimaAtmos.jl/src/config/../../config/default_configs/default_config.yml
│    /home/jeff/larcform1-experiments/experiments/clw sensitivity experiments/../../ClimaAtmos.jl/config/model_configs/larcform1_1M_prognostic_edmfx.yml
└    experiments/clw sensitivity experiments/configs/v9_condtime10.yml
┌ Info: numerics 
│        `energy_q_tot_upwinding`::`Val{:vanleer_limiter}`
│              `tracer_upwinding`::`Val{:vanleer_limiter}`
│     `edmfx_mse_q_tot_upwinding`::`Val{:first_order}`
│       `edmfx_sgsflux_upwinding`::`Val{:none}`
│        `edmfx_tracer_upwinding`::`Val{:first_order}`
│       `test_dycore_consistency`::`Nothing`
│          `reproducible_restart`::`Nothing`
│                       `limiter`::`Nothing`
│                     `diff_mode`::`ClimaAtmos.Implicit`
└                     `hyperdiff`::`Nothing`
┌ Info: AtmosModel: 
│ 
│                             `water`::`ClimaAtmos.AtmosWater{ClimaAtmos.NonEquilibriumMicrophysics1M, ClimaAtmos.QuadratureCloud, ClimaAtmos.Implicit, Nothing, ClimaAtmos.SGSQuadrature{3, StaticArraysCore.SVector{3, Float32}, StaticArraysCore.SVector{3, Float32}, ClimaAtmos.GaussianSGS, Float32}, ClimaAtmos.FixedTerminalVelocity{Float32}}`
│                         `scm_setup`::`ClimaAtmos.SCMSetup{Nothing, Nothing, Nothing, Bool, @NamedTuple{prof_ug::AtmosphericProfilesLibrary.ZProfile{AtmosphericProfilesLibrary.var"#Larcform1_geostrophic_u##0#Larcform1_geostrophic_u##1"{Float32}}, prof_vg::AtmosphericProfilesLibrary.ZProfile{Returns{Float32}}, coriolis_param::Float32}}`
│                         `radiation`::`ClimaAtmos.AtmosRadiation{ClimaAtmos.RRTMGPInterface.AllSkyRadiationWithClearSkyDiagnostics{ClimaAtmos.InteractiveCloudInRadiation}, ClimaAtmos.Larcform1Insolation}`
│                          `turbconv`::`ClimaAtmos.AtmosTurbconv{ClimaAtmos.EDMFXModel{ClimaAtmos.InvZEntrainment, ClimaAtmos.BuoyancyVelocityDetrainment, Val{true}, Val{true}, Val{true}, Val{true}, Val{true}, ClimaAtmos.SmoothMinimumBlending}, ClimaAtmos.PrognosticEDMFX{1, true, Float32}, Nothing, Nothing, Nothing}`
│                   `prescribed_flow`::`Nothing`
│                      `gravity_wave`::`ClimaAtmos.AtmosGravityWave{Nothing, Nothing}`
│                `vertical_diffusion`::`Nothing`
│                            `sponge`::`ClimaAtmos.AtmosSponge{Nothing, Nothing}`
│                           `surface`::`ClimaAtmos.AtmosSurface{ClimaAtmos.SurfaceConditions.MoninObukhov{Float32, Nothing, Nothing}, ClimaAtmos.SurfaceConditions.SlabOceanTemperature{Float32}, ClimaAtmos.SurfaceConditions.SurfaceBoundaryOverrides{Float32, Float32, Nothing, Nothing, Nothing, Nothing}, ClimaAtmos.ConstantAlbedo{Float32}}`
│                          `numerics`::`ClimaAtmos.AtmosNumerics{Val{:vanleer_limiter}, Val{:vanleer_limiter}, Val{:first_order}, Val{:none}, Val{:first_order}, Nothing, Nothing, Nothing, ClimaAtmos.Implicit, Nothing}`
└                         `chemistry`::`ClimaAtmos.AtmosChem{Nothing}`
┌ Info: Microphysics settings: 
│                        `n_substeps`::`3`
│                   `n_substeps_quad`::`2`
│            `cloud_liquid_formation`::`CloudLiquidFormation`
│               `cloud_ice_formation`::`ConstantTimescale`
│                    `cloud_ice_melt`::`CloudIceMelt`
│               `rain_autoconversion`::`Kessler1M`
│               `snow_autoconversion`::`NoSupersaturation`
│     `rain_condensation_evaporation`::`RainEvaporation`
│       `snow_deposition_sublimation`::`DepositionAndSublimation`
│                         `snow_melt`::`SnowMelt`
│       `cloud_liquid_rain_accretion`::`CloudLiquidRainAccretion`
│       `cloud_liquid_snow_accretion`::`CloudLiquidSnowAccretion`
│          `cloud_ice_rain_accretion`::`CloudIceRainAccretion`
│          `cloud_ice_snow_accretion`::`CloudIceSnowAccretion`
└               `rain_snow_accretion`::`RainSnowAccretion`
[ Info: Single-process ClimaAtmos run on CPUSingleThreaded
[ Info: Using ODE config: `ClimaTimeSteppers.ARS222`
[ Info: Initialized state (17.76 μs, 6.99 KiB)
[ Info: Built cache (235.183 ms, 141.4 MiB)
[ Info: Assembled callbacks (181.073 μs, 17.42 KiB)
┌ Info: Jacobian algorithm: ManualSparseJacobian(
│   approximate_solve_iters = 2,
└ )
[ Info: Jacobian derivative flags: topography_flag = IgnoreDerivative, diffusion_flag = UseDerivative
[ Info: Built tendency function (284.944 μs, 190.22 KiB)
[ Info: Initialized integrator (7.513 ms, 159.78 KiB)
[ Info: Added 114 user-provided YAML-style diagnostics
[ Info: Saving accumulated diagnostics to disk with frequency: 10 minutes, 1 hour
[ Info: Set up diagnostics (3.181 ms, 1.04 MiB)
[ Info: Initialized 114 total diagnostics
┌ Info: Simulation info
│   job_id = "lf1e_clw1_v9_condtime10"
└   output_dir = "experiments/clw sensitivity experiments/output/lf1e-clw-1/v9_condtime10/output_0001"
┌ Info: Running
│   job_id = "lf1e_clw1_v9_condtime10"
│   output_dir = "experiments/clw sensitivity experiments/output/lf1e-clw-1/v9_condtime10/output_0001"
└   tspan = (0.0 seconds (2010-01-01T00:00:00) [counter = 0, period = 1 second, epoch = 2010-01-01T00:00:00], 172800.0 seconds (2010-01-03T00:00:00) [counter = 172800, period = 1 second, epoch = 2010-01-01T00:00:00])
┌ Info: Progress
│   simulation_time = "30 seconds"
│   n_steps_completed = 1
│   wall_time_per_step = "0 seconds"
│   wall_time_total = "0 seconds"
│   wall_time_remaining = "0 seconds"
│   wall_time_spent = "0 seconds"
│   percent_complete = "0.0%"
│   estimated_sypd = "Inf"
│   instantaneous_sypd = "0.0 (sdpd_estimate = 0.0)"
│   date_now = 2026-07-04T09:03:28.884
└   estimated_finish_date = 2026-07-04T09:03:28.884
┌ Info: Progress
│   simulation_time = "1 minute"
│   n_steps_completed = 2
│   wall_time_per_step = "0 seconds"
│   wall_time_total = "0 seconds"
│   wall_time_remaining = "0 seconds"
│   wall_time_spent = "0 seconds"
│   percent_complete = "0.0%"
│   estimated_sypd = "Inf"
│   instantaneous_sypd = "0.031"
│   date_now = 2026-07-04T09:03:31.515
└   estimated_finish_date = 2026-07-04T09:03:31.515
┌ Info: Progress
│   simulation_time = "2 minutes"
│   n_steps_completed = 4
│   wall_time_per_step = "5 milliseconds, 316 microseconds"
│   wall_time_total = "30 seconds, 620 milliseconds"
│   wall_time_remaining = "30 seconds, 599 milliseconds"
│   wall_time_spent = "21 milliseconds, 264 microseconds"
│   percent_complete = "0.1%"
│   estimated_sypd = "15.451"
│   instantaneous_sypd = "15.451"
│   date_now = 2026-07-04T09:03:31.526
└   estimated_finish_date = 2026-07-04T09:04:02.526
┌ Info: Progress
│   simulation_time = "4 minutes"
│   n_steps_completed = 8
│   wall_time_per_step = "4 milliseconds, 865 microseconds"
│   wall_time_total = "28 seconds, 25 milliseconds"
│   wall_time_remaining = "27 seconds, 987 milliseconds"
│   wall_time_spent = "38 milliseconds, 924 microseconds"
│   percent_complete = "0.1%"
│   estimated_sypd = "16.881"
│   instantaneous_sypd = "18.603"
│   date_now = 2026-07-04T09:03:31.544
└   estimated_finish_date = 2026-07-04T09:03:59.544
┌ Info: Progress
│   simulation_time = "8 minutes"
│   n_steps_completed = 16
│   wall_time_per_step = "4 milliseconds, 924 microseconds"
│   wall_time_total = "28 seconds, 367 milliseconds"
│   wall_time_remaining = "28 seconds, 288 milliseconds"
│   wall_time_spent = "78 milliseconds, 798 microseconds"
│   percent_complete = "0.3%"
│   estimated_sypd = "16.678"
│   instantaneous_sypd = "16.479"
│   date_now = 2026-07-04T09:03:31.584
└   estimated_finish_date = 2026-07-04T09:04:00.584
┌ Info: Progress
│   simulation_time = "16 minutes"
│   n_steps_completed = 32
│   wall_time_per_step = "7 milliseconds, 678 microseconds"
│   wall_time_total = "44 seconds, 229 milliseconds"
│   wall_time_remaining = "43 seconds, 983 milliseconds"
│   wall_time_spent = "245 milliseconds, 719 microseconds"
│   percent_complete = "0.6%"
│   estimated_sypd = "10.697"
│   instantaneous_sypd = "7.873"
│   date_now = 2026-07-04T09:03:31.751
└   estimated_finish_date = 2026-07-04T09:04:15.751
┌ Info: Progress
│   simulation_time = "32 minutes"
│   n_steps_completed = 64
│   wall_time_per_step = "7 milliseconds, 933 microseconds"
│   wall_time_total = "45 seconds, 697 milliseconds"
│   wall_time_remaining = "45 seconds, 190 milliseconds"
│   wall_time_spent = "507 milliseconds, 754 microseconds"
│   percent_complete = "1.1%"
│   estimated_sypd = "10.353"
│   instantaneous_sypd = "10.03"
│   date_now = 2026-07-04T09:03:32.013
└   estimated_finish_date = 2026-07-04T09:04:18.013
┌ Info: Progress
│   simulation_time = "1 hour, 4 minutes"
│   n_steps_completed = 128
│   wall_time_per_step = "8 milliseconds, 30 microseconds"
│   wall_time_total = "46 seconds, 254 milliseconds"
│   wall_time_remaining = "45 seconds, 226 milliseconds"
│   wall_time_spent = "1 second, 27 milliseconds"
│   percent_complete = "2.2%"
│   estimated_sypd = "10.228"
│   instantaneous_sypd = "10.107"
│   date_now = 2026-07-04T09:03:32.533
└   estimated_finish_date = 2026-07-04T09:04:18.533
┌ Info: Progress
│   simulation_time = "2 hours, 8 minutes"
│   n_steps_completed = 256
│   wall_time_per_step = "7 milliseconds, 806 microseconds"
│   wall_time_total = "44 seconds, 964 milliseconds"
│   wall_time_remaining = "42 seconds, 965 milliseconds"
│   wall_time_spent = "1 second, 998 milliseconds"
│   percent_complete = "4.4%"
│   estimated_sypd = "10.522"
│   instantaneous_sypd = "10.833"
│   date_now = 2026-07-04T09:03:33.503
└   estimated_finish_date = 2026-07-04T09:04:16.503
┌ Info: Progress
│   simulation_time = "4 hours, 16 minutes"
│   n_steps_completed = 512
│   wall_time_per_step = "7 milliseconds, 823 microseconds"
│   wall_time_total = "45 seconds, 62 milliseconds"
│   wall_time_remaining = "41 seconds, 57 milliseconds"
│   wall_time_spent = "4 seconds, 5 milliseconds"
│   percent_complete = "8.9%"
│   estimated_sypd = "10.499"
│   instantaneous_sypd = "10.476"
│   date_now = 2026-07-04T09:03:35.510
└   estimated_finish_date = 2026-07-04T09:04:17.510
┌ Info: Progress
│   simulation_time = "6 hours, 40 minutes"
│   n_steps_completed = 801
│   wall_time_per_step = "7 milliseconds, 876 microseconds"
│   wall_time_total = "45 seconds, 366 milliseconds"
│   wall_time_remaining = "39 seconds, 57 milliseconds"
│   wall_time_spent = "6 seconds, 308 milliseconds"
│   percent_complete = "13.9%"
│   estimated_sypd = "10.428"
│   instantaneous_sypd = "10.306"
│   date_now = 2026-07-04T09:03:37.814
└   estimated_finish_date = 2026-07-04T09:04:17.814
┌ Info: Progress
│   simulation_time = "8 hours, 32 minutes"
│   n_steps_completed = 1024
│   wall_time_per_step = "7 milliseconds, 907 microseconds"
│   wall_time_total = "45 seconds, 545 milliseconds"
│   wall_time_remaining = "37 seconds, 448 milliseconds"
│   wall_time_spent = "8 seconds, 97 milliseconds"
│   percent_complete = "17.8%"
│   estimated_sypd = "10.387"
│   instantaneous_sypd = "10.243"
│   date_now = 2026-07-04T09:03:39.602
└   estimated_finish_date = 2026-07-04T09:04:17.602
┌ Info: Progress
│   simulation_time = "10 hours, 56 minutes"
│   n_steps_completed = 1313
│   wall_time_per_step = "7 milliseconds, 951 microseconds"
│   wall_time_total = "45 seconds, 801 milliseconds"
│   wall_time_remaining = "35 seconds, 361 milliseconds"
│   wall_time_spent = "10 seconds, 440 milliseconds"
│   percent_complete = "22.8%"
│   estimated_sypd = "10.329"
│   instantaneous_sypd = "10.128"
│   date_now = 2026-07-04T09:03:41.946
└   estimated_finish_date = 2026-07-04T09:04:17.946
┌ Info: Progress
│   simulation_time = "13 hours, 21 minutes"
│   n_steps_completed = 1602
│   wall_time_per_step = "8 milliseconds, 128 microseconds"
│   wall_time_total = "46 seconds, 820 milliseconds"
│   wall_time_remaining = "33 seconds, 798 milliseconds"
│   wall_time_spent = "13 seconds, 22 milliseconds"
│   percent_complete = "27.8%"
│   estimated_sypd = "10.104"
│   instantaneous_sypd = "9.195"
│   date_now = 2026-07-04T09:03:44.527
└   estimated_finish_date = 2026-07-04T09:04:18.527
┌ Info: Progress
│   simulation_time = "15 hours, 45 minutes"
│   n_steps_completed = 1891
│   wall_time_per_step = "8 milliseconds, 295 microseconds"
│   wall_time_total = "47 seconds, 782 milliseconds"
│   wall_time_remaining = "32 seconds, 95 milliseconds"
│   wall_time_spent = "15 seconds, 687 milliseconds"
│   percent_complete = "32.8%"
│   estimated_sypd = "9.901"
│   instantaneous_sypd = "8.907"
│   date_now = 2026-07-04T09:03:47.192
└   estimated_finish_date = 2026-07-04T09:04:20.192
┌ Info: Progress
│   simulation_time = "17 hours, 4 minutes"
│   n_steps_completed = 2048
│   wall_time_per_step = "8 milliseconds, 289 microseconds"
│   wall_time_total = "47 seconds, 746 milliseconds"
│   wall_time_remaining = "30 seconds, 769 milliseconds"
│   wall_time_spent = "16 seconds, 976 milliseconds"
│   percent_complete = "35.6%"
│   estimated_sypd = "9.909"
│   instantaneous_sypd = "10.0"
│   date_now = 2026-07-04T09:03:48.481
└   estimated_finish_date = 2026-07-04T09:04:19.481
┌ Info: Progress
│   simulation_time = "19 hours, 28 minutes"
│   n_steps_completed = 2337
│   wall_time_per_step = "8 milliseconds, 388 microseconds"
│   wall_time_total = "48 seconds, 314 milliseconds"
│   wall_time_remaining = "28 seconds, 712 milliseconds"
│   wall_time_spent = "19 seconds, 602 milliseconds"
│   percent_complete = "40.6%"
│   estimated_sypd = "9.792"
│   instantaneous_sypd = "9.038"
│   date_now = 2026-07-04T09:03:51.108
└   estimated_finish_date = 2026-07-04T09:04:20.108
┌ Info: Progress
│   simulation_time = "21 hours, 53 minutes"
│   n_steps_completed = 2626
│   wall_time_per_step = "8 milliseconds, 851 microseconds"
│   wall_time_total = "50 seconds, 982 milliseconds"
│   wall_time_remaining = "27 seconds, 739 milliseconds"
│   wall_time_spent = "23 seconds, 242 milliseconds"
│   percent_complete = "45.6%"
│   estimated_sypd = "9.28"
│   instantaneous_sypd = "6.521"
│   date_now = 2026-07-04T09:03:54.748
└   estimated_finish_date = 2026-07-04T09:04:22.748
┌ Info: Progress
│   simulation_time = "1 day, 17 minutes"
│   n_steps_completed = 2915
│   wall_time_per_step = "8 milliseconds, 823 microseconds"
│   wall_time_total = "50 seconds, 822 milliseconds"
│   wall_time_remaining = "25 seconds, 102 milliseconds"
│   wall_time_spent = "25 seconds, 719 milliseconds"
│   percent_complete = "50.6%"
│   estimated_sypd = "9.309"
│   instantaneous_sypd = "9.583"
│   date_now = 2026-07-04T09:03:57.225
└   estimated_finish_date = 2026-07-04T09:04:23.225
┌ Info: Progress
│   simulation_time = "1 day, 2 hours"
│   n_steps_completed = 3204
│   wall_time_per_step = "8 milliseconds, 776 microseconds"
│   wall_time_total = "50 seconds, 553 milliseconds"
│   wall_time_remaining = "22 seconds, 432 milliseconds"
│   wall_time_spent = "28 seconds, 120 milliseconds"
│   percent_complete = "55.6%"
│   estimated_sypd = "9.358"
│   instantaneous_sypd = "9.89"
│   date_now = 2026-07-04T09:03:59.625
└   estimated_finish_date = 2026-07-04T09:04:22.625
┌ Info: Progress
│   simulation_time = "1 day, 5 hours"
│   n_steps_completed = 3493
│   wall_time_per_step = "8 milliseconds, 731 microseconds"
│   wall_time_total = "50 seconds, 293 milliseconds"
│   wall_time_remaining = "19 seconds, 794 milliseconds"
│   wall_time_spent = "30 seconds, 499 milliseconds"
│   percent_complete = "60.6%"
│   estimated_sypd = "9.407"
│   instantaneous_sypd = "9.977"
│   date_now = 2026-07-04T09:04:02.004
└   estimated_finish_date = 2026-07-04T09:04:22.004
┌ Info: Progress
│   simulation_time = "1 day, 7 hours"
│   n_steps_completed = 3782
│   wall_time_per_step = "8 milliseconds, 708 microseconds"
│   wall_time_total = "50 seconds, 160 milliseconds"
│   wall_time_remaining = "17 seconds, 225 milliseconds"
│   wall_time_spent = "32 seconds, 935 milliseconds"
│   percent_complete = "65.7%"
│   estimated_sypd = "9.432"
│   instantaneous_sypd = "9.744"
│   date_now = 2026-07-04T09:04:04.440
└   estimated_finish_date = 2026-07-04T09:04:22.440
┌ Info: Progress
│   simulation_time = "1 day, 9 hours"
│   n_steps_completed = 4071
│   wall_time_per_step = "8 milliseconds, 819 microseconds"
│   wall_time_total = "50 seconds, 800 milliseconds"
│   wall_time_remaining = "14 seconds, 896 milliseconds"
│   wall_time_spent = "35 seconds, 904 milliseconds"
│   percent_complete = "70.7%"
│   estimated_sypd = "9.313"
│   instantaneous_sypd = "7.996"
│   date_now = 2026-07-04T09:04:07.410
└   estimated_finish_date = 2026-07-04T09:04:22.409
┌ Info: Progress
│   simulation_time = "1 day, 10 hours"
│   n_steps_completed = 4096
│   wall_time_per_step = "8 milliseconds, 845 microseconds"
│   wall_time_total = "50 seconds, 949 milliseconds"
│   wall_time_remaining = "14 seconds, 718 milliseconds"
│   wall_time_spent = "36 seconds, 230 milliseconds"
│   percent_complete = "71.1%"
│   estimated_sypd = "9.286"
│   instantaneous_sypd = "6.29"
│   date_now = 2026-07-04T09:04:07.736
└   estimated_finish_date = 2026-07-04T09:04:22.736
┌ Info: Progress
│   simulation_time = "1 day, 12 hours"
│   n_steps_completed = 4385
│   wall_time_per_step = "8 milliseconds, 854 microseconds"
│   wall_time_total = "50 seconds, 999 milliseconds"
│   wall_time_remaining = "12 seconds, 174 milliseconds"
│   wall_time_spent = "38 seconds, 825 milliseconds"
│   percent_complete = "76.1%"
│   estimated_sypd = "9.277"
│   instantaneous_sypd = "9.149"
│   date_now = 2026-07-04T09:04:10.330
└   estimated_finish_date = 2026-07-04T09:04:23.330
┌ Info: Progress
│   simulation_time = "1 day, 14 hours"
│   n_steps_completed = 4674
│   wall_time_per_step = "8 milliseconds, 823 microseconds"
│   wall_time_total = "50 seconds, 821 milliseconds"
│   wall_time_remaining = "9 seconds, 581 milliseconds"
│   wall_time_spent = "41 seconds, 239 milliseconds"
│   percent_complete = "81.1%"
│   estimated_sypd = "9.309"
│   instantaneous_sypd = "9.834"
│   date_now = 2026-07-04T09:04:12.744
└   estimated_finish_date = 2026-07-04T09:04:22.744
┌ Info: Progress
│   simulation_time = "1 day, 17 hours"
│   n_steps_completed = 4963
│   wall_time_per_step = "8 milliseconds, 822 microseconds"
│   wall_time_total = "50 seconds, 815 milliseconds"
│   wall_time_remaining = "7 seconds, 31 milliseconds"
│   wall_time_spent = "43 seconds, 784 milliseconds"
│   percent_complete = "86.2%"
│   estimated_sypd = "9.31"
│   instantaneous_sypd = "9.325"
│   date_now = 2026-07-04T09:04:15.290
└   estimated_finish_date = 2026-07-04T09:04:23.290
┌ Info: Progress
│   simulation_time = "1 day, 19 hours"
│   n_steps_completed = 5252
│   wall_time_per_step = "8 milliseconds, 836 microseconds"
│   wall_time_total = "50 seconds, 896 milliseconds"
│   wall_time_remaining = "4 seconds, 488 milliseconds"
│   wall_time_spent = "46 seconds, 408 milliseconds"
│   percent_complete = "91.2%"
│   estimated_sypd = "9.295"
│   instantaneous_sypd = "9.048"
│   date_now = 2026-07-04T09:04:17.913
└   estimated_finish_date = 2026-07-04T09:04:22.913
┌ Info: Progress
│   simulation_time = "1 day, 22 hours"
│   n_steps_completed = 5541
│   wall_time_per_step = "8 milliseconds, 949 microseconds"
│   wall_time_total = "51 seconds, 546 milliseconds"
│   wall_time_remaining = "1 second, 959 milliseconds"
│   wall_time_spent = "49 seconds, 586 milliseconds"
│   percent_complete = "96.2%"
│   estimated_sypd = "9.178"
│   instantaneous_sypd = "7.468"
│   date_now = 2026-07-04T09:04:21.092
└   estimated_finish_date = 2026-07-04T09:04:23.092
[ Info: solve! walltime = 51.569
[ Info: sypd: 9.18
[ Info: wall_time_per_timestep: 8 milliseconds, 953 microseconds
[ Info: Memory currently used (after solve!) by the process (RSS): 8.96 GiB
┌ Info: Finished variation [9/9]
│   overlay = "experiments/clw sensitivity experiments/configs/v9_condtime10.yml"
│   job_id = "lf1e_clw1_v9_condtime10"
│   ret_code = :success
└   walltime = "54.7s"

=== Batch summary ===
lf1e_clw1_v1_base                       OK                  10m6s       experiments/clw sensitivity experiments/configs/v1_base.yml
lf1e_clw1_v2_0M                         OK                  2m24s       experiments/clw sensitivity experiments/configs/v2_0M.yml
experiments/clw sensitivity experiments/configs/v3_2M.ymlFAILED (setup_error)17.7s       experiments/clw sensitivity experiments/configs/v3_2M.yml
lf1e_clw1_v4_cloudonly                  OK                  4m12s       experiments/clw sensitivity experiments/configs/v4_cloudonly.yml
lf1e_clw1_v5_subltime10                 OK                  51.6s       experiments/clw sensitivity experiments/configs/v5_subltime10.yml
lf1e_clw1_v6_subltime400                OK                  53.5s       experiments/clw sensitivity experiments/configs/v6_subltime400.yml
lf1e_clw1_v7_subltime1000               OK                  56.5s       experiments/clw sensitivity experiments/configs/v7_subltime1000.yml
lf1e_clw1_v8_subltime10000              OK                  52.5s       experiments/clw sensitivity experiments/configs/v8_subltime10000.yml
lf1e_clw1_v9_condtime10                 OK                  54.7s       experiments/clw sensitivity experiments/configs/v9_condtime10.yml

Total batch wall time: 21m47s for 9 variations
┌ Warning: 1 / 9 variations failed
└ @ Main ~/larcform1-experiments/experiments/clw sensitivity experiments/run_batch.jl:79

==> Shell-side total wall time: 21m52.201s (user 21m30.787s, sys 0m20.407s)
